STATUS_SOLICITUD,APROBACION_TC,TIPO_CTE,LINEA_CREDITO_FINAL,INGRESO_INFERIDO,COMPROBANTE_INGRESOS,CLIENTE_CDE,SUMA_LINEAS_REVOLVENTES,NIVEL_RIESGO,CAPACIDAD_PAGO_TOTAL,SOLICITUDES_RECHAZADAS,SCORE_CLIENTE,SCORE_COMPORTAMIENTO,PEOR_MOP_TARJETAS,SUMA_SALDOS_TARJETAS,SUMA_PAGO_MIN_TARJETAS,SUMA_SALDOS_TOTAL,EDAD,TIPO_VIVIENDA,ESCOLARIDAD
Rechazada,Rechazado,MALO,0,5513,RECIBOS DE NOMINA,NO_CLIENTE,0,Alto,0.0,2,92,0,0,0,0,0,25,Propia,Licenciatura
Rechazada,Rechazado,MALO,0,5678,RECIBOS DE NOMINA,NO_CLIENTE,0,Alto,0.0,4,92,0,0,0,0,0,25,Propia,Preparatoria
Rechazada,Rechazado,MALO,0,5513,PROPIEDAD ACTIVO FIJO,NO_CLIENTE,0,Alto,0.0,4,95,0,0,0,0,0,25,Hipoteca,Posgrado
Rechazada,Rechazado,MALO,0,5678,RECIBOS DE NOMINA,NO_CLIENTE,0,Alto,0.0,2,96,0,0,2512,0,0,25,Hipoteca,Licenciatura
Rechazada,Rechazado,MALO,0,5533,RECIBOS DE NOMINA,NO_CLIENTE,0,Alto,0.0,2,96,0,8,19038,19038,14267,25,Hipoteca,Posgrado
Rechazada,Rechazado,MALO,0,5788,INVERSIONES,NO_CLIENTE,0,Alto,0.0,2,96,0,0,0,0,0,25,Familiares,Preparatoria
Rechazada,Rechazado,MALO,0,5730,PROPIEDAD ACTIVO FIJO,NO_CLIENTE,0,Alto,0.0,1,96,0,0,0,0,0,25,Propia,Preparatoria
Rechazada,Rechazado,MALO,0,5533,RECIBOS DE NOMINA,NO_CLIENTE,0,Alto,0.0,4,96,0,0,0,0,0,25,Hipoteca,Posgrado
Rechazada,Rechazado,MALO,0,5962,PROPIEDAD ACTIVO FIJO,NO_CLIENTE,10000,Alto,0.0,5,96,0,0,0,0,0,25,Familiares,Preparatoria
Rechazada,Rechazado,MALO,0,5810,RECIBOS DE NOMINA,NO_CLIENTE,0,Alto,0.0,1,97,0,0,0,0,7324,25,Hipoteca,Licenciatura
Rechazada,Rechazado,MALO,0,6078,PROPIEDAD ACTIVO FIJO,NO_CLIENTE,0,Alto,0.0,2,98,0,0,0,0,55608,25,Renta,Preparatoria
Rechazada,Rechazado,MALO,0,6017,RECIBOS DE NOMINA,NO_CLIENTE,0,Alto,0.0,3,98,0,1,578,250,65721,25,Familiares,Posgrado
Rechazada,Rechazado,MALO,0,5810,PROPIEDAD ACTIVO FIJO,NO_CLIENTE,0,Alto,0.0,3,98,0,0,0,0,0,25,Hipoteca,Preparatoria
Rechazada,Rechazado,MALO,0,6260,RECIBOS DE NOMINA,NO_CLIENTE,0,Alto,0.0,2,98,0,0,0,0,0,25,Hipoteca,Posgrado
Rechazada,Rechazado,MALO,0,5743,PROPIEDAD ACTIVO FIJO,NO_CLIENTE,21500,Alto,0.0,5,98,0,1,21101,1210,0,25,Familiares,Posgrado
Rechazada,Rechazado,MALO,0,6101,PROPIEDAD ACTIVO FIJO,NO_CLIENTE,0,Alto,0.0,4,99,0,0,0,0,0,25,Hipoteca,Posgrado
Rechazada,Rechazado,MALO,0,5769,RECIBOS DE NOMINA,NO_CLIENTE,0,Alto,0.0,5,99,0,8,34249,34249,0,25,Familiares,Posgrado
Rechazada,Rechazado,MALO,0,6381,PROPIEDAD ACTIVO FIJO,NO_CLIENTE,0,Alto,0.0,3,99,0,0,0,0,112715,25,Hipoteca,Licenciatura
Rechazada,Rechazado,MALO,0,6318,RECIBOS DE NOMINA,NO_CLIENTE,0,Alto,0.0,2,99,0,0,0,0,0,25,Hipoteca,Preparatoria
Rechazada,Rechazado,MALO,0,6101,RECIBOS DE NOMINA,NO_CLIENTE,0,Alto,0.0,3,99,0,0,0,0,0,25,Renta,Posgrado
Rechazada,Rechazado,MALO,0,6573,RECIBOS DE NOMINA,NO_CLIENTE,0,Alto,0.0,4,99,0,0,0,0,0,25,Renta,Posgrado
Rechazada,Rechazado,MALO,0,6203,RECIBOS DE NOMINA,NO_CLIENTE,0,Alto,0.0,5,99,0,0,0,0,17273,25,Hipoteca,Preparatoria
Rechazada,Rechazado,MALO,0,6406,RECIBOS DE NOMINA,NO_CLIENTE,0,Alto,0.0,3,99,0,0,0,0,0,25,Familiares,Posgrado
Rechazada,Rechazado,MALO,0,6173,RECIBOS DE NOMINA,NO_CLIENTE,0,Alto,0.0,4,100,0,0,0,0,0,25,Familiares,Posgrado
Rechazada,Rechazado,MALO,0,6700,RECIBOS DE NOMINA,NO_CLIENTE,0,Alto,0.0,4,100,0,0,0,0,0,25,Renta,Licenciatura
Rechazada,Rechazado,MALO,0,6697,PROPIEDAD ACTIVO FIJO,NO_CLIENTE,26500,Alto,0.0,3,100,0,1,21574,1110,84697,25,Familiares,Posgrado
Rechazada,Rechazado,MALO,0,6406,RECIBOS DE NOMINA,NO_CLIENTE,0,Alto,0.0,4,101,0,0,0,0,0,25,Renta,Posgrado
Rechazada,Rechazado,MALO,0,6901,RECIBOS DE NOMINA,NO_CLIENTE,0,Alto,0.0,0,101,0,0,0,0,0,25,Hipoteca,Posgrado
Rechazada,Rechazado,MALO,0,6513,RECIBOS DE NOMINA,NO_CLIENTE,0,Alto,0.0,0,101,0,0,0,0,0,25,Renta,Secundaria
Rechazada,Rechazado,MALO,0,6726,RECIBOS DE NOMINA,NO_CLIENTE,0,Alto,0.0,0,101,0,0,0,0,0,25,Propia,Licenciatura
Rechazada,Rechazado,MALO,0,6481,PROPIEDAD ACTIVO FIJO,NO_CLIENTE,0,Alto,0.0,0,101,0,0,0,0,23070,25,Renta,Preparatoria
Rechazada,Rechazado,MALO,0,7036,RECIBOS DE NOMINA,NO_CLIENTE,15,Alto,0.0,2,101,0,0,0,0,0,25,Propia,Posgrado
Rechazada,Rechazado,MALO,0,7232,RECIBOS DE NOMINA,NO_CLIENTE,0,Alto,0.0,0,101,0,0,0,0,0,25,Propia,Preparatoria
Pendiente,Pre-Aprobado,MALO,1,6726,RECIBOS DE NOMINA,NO_CLIENTE,0,Alto,0.0,2,124,0,0,0,0,0,25,Propia,Posgrado
Pendiente,Pre-Aprobado,MALO,1,7385,RECIBOS DE NOMINA,NO_CLIENTE,0,Alto,0.0,0,134,0,0,0,0,0,25,Familiares,Posgrado
Pendiente,Pre-Aprobado,MALO,1,6839,RECIBOS DE NOMINA,NO_CLIENTE,0,Alto,0.0,1,142,0,0,0,0,0,25,Renta,Posgrado
Pendiente,Pre-Aprobado,MALO,1,7129,RECIBOS DE NOMINA,NO_CLIENTE,0,Alto,0.0,4,143,0,0,0,0,0,25,Familiares,Licenciatura
Pendiente,Pre-Aprobado,MALO,1,6870,RECIBOS DE NOMINA,NO_CLIENTE,0,Alto,0.0,2,156,0,0,0,0,0,25,Propia,Posgrado
Aprobada,Aprobado,REGULAR,4999,7500,RECIBOS DE NOMINA,CLIENTE_BANCO,0,Medio ,1.12,2,189,680,0,0,0,0,25,Propia,Posgrado
Aprobada,Aprobado,BUENO,49999,7900,RECIBOS DE NOMINA,CLIENTE_BANCO,20000,Bajo,1.1,0,190,740,1,6073,390,0,25,Renta,Preparatoria
Aprobada,Aprobado,BUENO,12800,9995,RECIBOS DE NOMINA,NO_CLIENTE,0,Mínimo,0.59,0,204,761,0,0,0,0,25,Propia,Posgrado
Aprobada,Aprobado,REGULAR,53000,9428,RECIBOS DE NOMINA,CLIENTE_BANCO,32800,Alto,0.62,0,206,612,3,0,0,0,25,Hipoteca,Licenciatura
Aprobada,Aprobado,BUENO,9899,10500,PROPIEDAD ACTIVO FIJO,CLIENTE_BANCO,5400,Bajo,0.54,0,206,737,0,1583,0,0,25,Renta,Licenciatura
Aprobada,Aprobado,BUENO,9899,10500,PROPIEDAD ACTIVO FIJO,CLIENTE_BANCO,10004,Mínimo,0.53,0,206,767,1,8512,250,0,25,Hipoteca,Posgrado
Aprobada,Aprobado,BUENO,4999,11000,RECIBOS DE NOMINA,CLIENTE_BANCO,0,Bajo,1.12,0,213,708,0,0,0,0,25,Renta,Licenciatura
Aprobada,Aprobado,BUENO,48999,10600,PROPIEDAD ACTIVO FIJO,CLIENTE_BANCO,20500,Bajo,0.52,0,213,733,0,2905,0,0,25,Renta,Preparatoria
Aprobada,Aprobado,REGULAR,31000,10890,RECIBOS DE NOMINA,CLIENTE_BANCO,20000,Bajo,0.17,0,213,740,1,9619,250,59227,25,Familiares,Preparatoria
Aprobada,Aprobado,BUENO,66000,10695,PROPIEDAD ACTIVO FIJO,CLIENTE_BANCO,0,Bajo,0.54,0,218,702,0,18896,0,0,25,Hipoteca,Preparatoria
Aprobada,Aprobado,BUENO,38999,9899,RECIBOS DE NOMINA,NO_CLIENTE,0,Bajo,0.54,0,218,746,0,0,0,0,25,Propia,Posgrado
Aprobada,Aprobado,BUENO,11800,11130,RECIBOS DE NOMINA,NO_CLIENTE,0,Bajo,0.75,0,221,745,0,0,0,0,25,Familiares,Posgrado
Aprobada,Aprobado,BUENO,56000,11130,RECIBOS DE NOMINA,CLIENTE_BANCO,75300,Bajo,1.02,0,226,723,1,15297,852,55226,25,Hipoteca,Posgrado
Aprobada,Aprobado,BUENO,49999,11770,PROPIEDAD ACTIVO FIJO,CLIENTE_BANCO,63000,Bajo,1.18,0,226,750,1,29346,1720,30000,25,Familiares,Posgrado
Aprobada,Aprobado,BUENO,10000,11130,RECIBOS DE NOMINA,CLIENTE_BANCO,0,Bajo,0.71,0,227,749,0,0,0,0,25,Familiares,Preparatoria
Aprobada,Aprobado,REGULAR,56000,11543,RECIBOS DE NOMINA,CLIENTE_BANCO,122999,Medio ,0.27,0,229,697,1,97726,4680,39890,25,Familiares,Secundaria
Aprobada,Aprobado,BUENO,9899,11336,PROPIEDAD ACTIVO FIJO,CLIENTE_BANCO,117000,Bajo,0.99,0,229,740,1,9053,1470,0,25,Renta,Licenciatura
Aprobada,Aprobado,REGULAR,19500,10592,RECIBOS DE NOMINA,CLIENTE_BANCO,0,Medio ,1.1,0,232,690,0,0,0,0,25,Renta,Licenciatura
Aprobada,Aprobado,BUENO,9899,11687,RECIBOS DE NOMINA,CLIENTE_BANCO,0,Mínimo,0.51,0,232,759,0,0,0,77967,25,Renta,Licenciatura
Aprobada,Aprobado,REGULAR,10000,11798,RECIBOS DE NOMINA,CLIENTE_BANCO,0,Mínimo,0.4,0,232,770,0,0,0,0,25,Familiares,Licenciatura
Aprobada,Aprobado,REGULAR,2999,12476,RECIBOS DE NOMINA,CLIENTE_BANCO,0,Mínimo,0.15,0,238,805,0,0,0,0,25,Renta,Preparatoria
Aprobada,Aprobado,REGULAR,4999,11909,RECIBOS DE NOMINA,NO_CLIENTE,0,Medio ,1.12,0,239,688,0,0,0,0,25,Propia,Preparatoria
Aprobada,Aprobado,BUENO,49999,12121,PROPIEDAD ACTIVO FIJO,CLIENTE_BANCO,91000,Mínimo,0.62,0,240,766,0,0,0,0,25,Propia,Posgrado
Aprobada,Aprobado,REGULAR,4999,12017,RECIBOS DE NOMINA,NO_CLIENTE,0,Mínimo,0.15,0,246,795,0,0,0,0,25,Familiares,Licenciatura
Aprobada,Aprobado,REGULAR,24600,11334,RECIBOS DE NOMINA,CLIENTE_BANCO,0,Medio ,1.05,0,250,695,0,0,0,0,25,Familiares,Preparatoria
Aprobada,Aprobado,BUENO,9899,12271,RECIBOS DE NOMINA,CLIENTE_BANCO,0,Mínimo,0.67,0,252,753,0,0,0,0,25,Renta,Posgrado
Aprobada,Aprobado,BUENO,275000,12506,PROPIEDAD ACTIVO FIJO,CLIENTE_BANCO,293000,Bajo,0.9,0,270,710,0,0,0,0,25,Propia,Posgrado
Rechazada,Rechazado,MALO,0,10890,PROPIEDAD ACTIVO FIJO,NO_CLIENTE,0,Alto,0.0,5,89,0,0,0,0,0,26,Propia,Preparatoria
Rechazada,Rechazado,MALO,0,12743,RECIBOS DE NOMINA,NO_CLIENTE,0,Alto,0.0,4,89,0,1,3214,250,0,26,Renta,Licenciatura
Rechazada,Rechazado,MALO,0,12727,PROPIEDAD ACTIVO FIJO,NO_CLIENTE,0,Alto,0.0,5,89,0,0,0,0,0,26,Renta,Posgrado
Rechazada,Rechazado,MALO,0,12737,RECIBOS DE NOMINA,NO_CLIENTE,2000,Alto,0.0,4,89,0,0,0,0,0,26,Propia,Preparatoria
Rechazada,Rechazado,MALO,0,12014,RECIBOS DE NOMINA,NO_CLIENTE,0,Alto,0.0,3,90,0,0,0,0,0,26,Renta,Licenciatura
Rechazada,Rechazado,MALO,0,13130,RECIBOS DE NOMINA,NO_CLIENTE,0,Alto,0.0,1,90,0,0,0,0,29937,26,Propia,Licenciatura
Rechazada,Rechazado,MALO,0,13131,RECIBOS DE NOMINA,NO_CLIENTE,0,Alto,0.0,3,90,0,0,0,0,0,26,Renta,Posgrado
Rechazada,Rechazado,MALO,0,11543,INVERSIONES,NO_CLIENTE,0,Alto,0.0,3,90,0,0,0,0,0,26,Familiares,Licenciatura
Rechazada,Rechazado,MALO,0,13507,PROPIEDAD ACTIVO FIJO,NO_CLIENTE,0,Alto,0.0,2,90,0,0,0,0,0,26,Hipoteca,Licenciatura
Rechazada,Rechazado,MALO,0,13617,RECIBOS DE NOMINA,NO_CLIENTE,3000,Alto,0.0,4,90,0,1,2932,260,0,26,Familiares,Posgrado
Rechazada,Rechazado,MALO,0,13374,RECIBOS DE NOMINA,NO_CLIENTE,0,Alto,0.0,5,90,0,0,0,0,0,26,Renta,Licenciatura
Rechazada,Rechazado,MALO,0,12735,PAGOS PROV SEMESTRALES PF,NO_CLIENTE,0,Alto,0.0,5,91,0,0,0,0,0,26,Familiares,Preparatoria
Rechazada,Rechazado,MALO,0,14049,INVERSIONES,NO_CLIENTE,0,Alto,0.0,4,91,0,0,0,0,0,26,Renta,Licenciatura
Rechazada,Rechazado,MALO,0,13787,CTA NOMINA DIGITAL,NO_CLIENTE,0,Alto,0.0,4,91,0,0,0,0,0,26,Renta,Preparatoria
En_proceso,Rechazado,MALO,0,12236,INVERSIONES,NO_CLIENTE,0,Alto,0.0,4,91,0,0,0,0,0,26,Propia,Posgrado
Rechazada,Rechazado,MALO,0,10890,RECIBOS DE NOMINA,NO_CLIENTE,0,Alto,0.0,5,92,0,1,16458,500,66072,26,Propia,Licenciatura
Rechazada,Rechazado,MALO,0,14571,RECIBOS DE NOMINA,NO_CLIENTE,0,Alto,0.0,4,92,0,0,0,0,0,26,Renta,Posgrado
Rechazada,Rechazado,MALO,0,14043,PROPIEDAD ACTIVO FIJO,NO_CLIENTE,25000,Alto,0.0,4,92,0,0,16768,0,0,26,Renta,Posgrado
Rechazada,Rechazado,MALO,0,13499,PROPIEDAD ACTIVO FIJO,NO_CLIENTE,0,Alto,0.0,5,92,0,0,0,0,0,26,Propia,Licenciatura
Rechazada,Rechazado,MALO,0,14892,PROPIEDAD ACTIVO FIJO,NO_CLIENTE,0,Alto,0.0,4,92,0,0,0,0,0,26,Hipoteca,Preparatoria
Rechazada,Rechazado,MALO,0,14753,RECIBOS DE NOMINA,NO_CLIENTE,0,Alto,0.0,4,92,0,0,0,0,0,26,Hipoteca,Licenciatura
Rechazada,Rechazado,MALO,0,12848,RECIBOS DE NOMINA,NO_CLIENTE,0,Alto,0.0,3,92,0,0,0,0,7654,26,Propia,Preparatoria
Rechazada,Rechazado,MALO,0,11543,PROPIEDAD ACTIVO FIJO,NO_CLIENTE,0,Alto,0.0,1,93,0,1,26628,710,0,26,Hipoteca,Licenciatura
Rechazada,Rechazado,MALO,0,15445,RECIBOS DE NOMINA,NO_CLIENTE,0,Alto,0.0,4,93,0,0,0,0,0,26,Renta,Posgrado
Rechazada,Rechazado,MALO,0,15026,RECIBOS DE NOMINA,NO_CLIENTE,0,Alto,0.0,4,93,0,0,0,0,0,26,Propia,Posgrado
Rechazada,Rechazado,MALO,0,14174,PROPIEDAD ACTIVO FIJO,NO_CLIENTE,0,Alto,0.0,2,93,0,0,0,0,0,26,Renta,Posgrado
Rechazada,Rechazado,MALO,0,10890,PROPIEDAD ACTIVO FIJO,NO_CLIENTE,0,Alto,0.0,2,93,0,0,0,0,0,26,Propia,Preparatoria
Rechazada,Rechazado,MALO,0,15785,RECIBOS DE NOMINA,NO_CLIENTE,0,Alto,0.0,4,94,0,0,0,0,0,26,Propia,Preparatoria
Rechazada,Rechazado,MALO,0,13490,RECIBOS DE NOMINA,NO_CLIENTE,0,Alto,0.0,4,94,0,0,0,0,0,26,Familiares,Posgrado
Rechazada,Rechazado,MALO,0,12236,RECIBOS DE NOMINA,NO_CLIENTE,0,Alto,0.0,3,94,0,0,0,0,0,26,Familiares,Licenciatura
Rechazada,Rechazado,MALO,0,16372,PROPIEDAD ACTIVO FIJO,NO_CLIENTE,0,Alto,0.0,3,94,0,0,0,0,4541,26,Renta,Preparatoria
Rechazada,Rechazado,MALO,0,15327,RECIBOS DE NOMINA,NO_CLIENTE,0,Alto,0.0,3,94,0,0,0,0,0,26,Familiares,Licenciatura
Rechazada,Rechazado,MALO,0,14599,PROPIEDAD ACTIVO FIJO,NO_CLIENTE,0,Alto,0.0,3,94,0,0,0,0,0,26,Hipoteca,Preparatoria
En_proceso,Rechazado,MALO,0,10999,PROPIEDAD ACTIVO FIJO,NO_CLIENTE,0,Alto,0.0,4,94,0,0,0,0,0,26,Hipoteca,Licenciatura
Rechazada,Rechazado,MALO,0,16259,RECIBOS DE NOMINA,NO_CLIENTE,18000,Alto,0.0,5,94,0,1,17366,1070,0,26,Familiares,Preparatoria
Rechazada,Rechazado,MALO,0,14030,RECIBOS DE NOMINA,NO_CLIENTE,0,Alto,0.0,3,95,0,0,0,0,0,26,Propia,Posgrado
Rechazada,Rechazado,MALO,0,12481,RECIBOS DE NOMINA,NO_CLIENTE,0,Alto,0.0,1,95,0,0,0,0,33613,26,Familiares,Preparatoria
Rechazada,Rechazado,MALO,0,16863,PROPIEDAD ACTIVO FIJO,NO_CLIENTE,0,Alto,0.0,3,95,0,0,0,0,61854,26,Propia,Preparatoria
Rechazada,Rechazado,MALO,0,15480,PROPIEDAD ACTIVO FIJO,NO_CLIENTE,0,Alto,0.0,2,95,0,0,0,0,0,26,Hipoteca,Licenciatura
Rechazada,Rechazado,MALO,0,15037,RECIBOS DE NOMINA,NO_CLIENTE,0,Alto,0.0,5,95,0,0,0,0,0,26,Hipoteca,Preparatoria
Rechazada,Rechazado,MALO,0,11439,RECIBOS DE NOMINA,NO_CLIENTE,0,Alto,0.0,3,96,0,1,2477,250,0,26,Hipoteca,Posgrado
Rechazada,Rechazado,MALO,0,16584,RECIBOS DE NOMINA,NO_CLIENTE,0,Alto,0.0,3,96,0,0,0,0,64566,26,Familiares,Posgrado
Rechazada,Rechazado,MALO,0,14451,PROPIEDAD ACTIVO FIJO,NO_CLIENTE,0,Alto,0.0,2,96,0,0,0,0,0,26,Familiares,Preparatoria
Rechazada,Rechazado,MALO,0,12606,PROPIEDAD ACTIVO FIJO,NO_CLIENTE,37000,Alto,0.0,3,96,0,0,14571,0,10150,26,Propia,Posgrado
Rechazada,Rechazado,MALO,0,17369,RECIBOS DE NOMINA,NO_CLIENTE,0,Alto,0.0,4,96,0,0,0,0,0,26,Renta,Preparatoria
Rechazada,Rechazado,MALO,0,16099,PROPIEDAD ACTIVO FIJO,NO_CLIENTE,11000,Alto,0.0,4,96,0,0,6440,0,0,26,Hipoteca,Licenciatura
Rechazada,Rechazado,MALO,0,15338,PROPIEDAD ACTIVO FIJO,NO_CLIENTE,0,Alto,0.0,3,96,0,0,0,0,37208,26,Propia,Preparatoria
Rechazada,Rechazado,MALO,0,11782,RECIBOS DE NOMINA,NO_CLIENTE,1999,Alto,0.0,5,96,0,1,1601,250,0,26,Renta,Posgrado
Rechazada,Rechazado,MALO,0,16750,RECIBOS DE NOMINA,NO_CLIENTE,0,Alto,0.0,2,97,0,0,0,0,0,26,Renta,Posgrado
Rechazada,Rechazado,MALO,0,14884,RECIBOS DE NOMINA,NO_CLIENTE,0,Alto,0.0,2,97,0,0,0,0,0,26,Renta,Preparatoria
Rechazada,Rechazado,MALO,0,13110,RECIBOS DE NOMINA,NO_CLIENTE,5800,Alto,0.0,2,97,0,0,4398,0,15499,26,Familiares,Preparatoria
Rechazada,Rechazado,MALO,0,17716,RECIBOS DE NOMINA,NO_CLIENTE,5004,Alto,0.0,4,97,0,0,935,0,0,26,Renta,Licenciatura
Rechazada,Rechazado,MALO,0,16582,PROPIEDAD ACTIVO FIJO,NO_CLIENTE,0,Alto,0.0,5,97,0,0,0,0,0,26,Propia,Posgrado
Rechazada,Rechazado,MALO,0,15491,RECIBOS DE NOMINA,NO_CLIENTE,0,Alto,0.0,5,97,0,0,0,0,0,26,Familiares,Licenciatura
Rechazada,Rechazado,MALO,0,12135,RECIBOS DE NOMINA,NO_CLIENTE,0,Alto,0.0,5,97,0,0,0,0,60912,26,Hipoteca,Preparatoria
Rechazada,Rechazado,MALO,0,16934,RECIBOS DE NOMINA,NO_CLIENTE,0,Alto,0.0,3,98,0,0,0,0,0,26,Propia,Licenciatura
Cancelada,Rechazado,MALO,0,15078,RECIBOS DE NOMINA,NO_CLIENTE,0,Alto,0.0,3,98,0,0,0,0,0,26,Hipoteca,Posgrado
Rechazada,Rechazado,MALO,0,13306,RECIBOS DE NOMINA,NO_CLIENTE,0,Alto,0.0,3,98,0,0,0,0,0,26,Hipoteca,Posgrado
Rechazada,Rechazado,MALO,0,17897,RECIBOS DE NOMINA,NO_CLIENTE,0,Alto,0.0,3,98,0,0,0,0,0,26,Hipoteca,Licenciatura
Rechazada,Rechazado,MALO,0,16764,RECIBOS DE NOMINA,NO_CLIENTE,0,Alto,0.0,2,98,0,0,0,0,3429,26,Propia,Preparatoria
En_proceso,Rechazado,MALO,0,15692,INVERSIONES,NO_CLIENTE,0,Alto,0.0,4,98,0,0,0,0,0,26,Hipoteca,Posgrado
Rechazada,Rechazado,MALO,0,12318,RECIBOS DE NOMINA,NO_CLIENTE,0,Alto,0.0,5,99,0,0,0,0,0,26,Renta,Secundaria
Rechazada,Rechazado,MALO,0,17107,PROPIEDAD ACTIVO FIJO,NO_CLIENTE,0,Alto,0.0,5,99,0,0,0,0,0,26,Propia,Licenciatura
Rechazada,Rechazado,MALO,0,15244,RECIBOS DE NOMINA,NO_CLIENTE,0,Alto,0.0,3,100,0,0,0,0,0,26,Propia,Posgrado
Rechazada,Rechazado,MALO,0,13479,RECIBOS DE NOMINA,NO_CLIENTE,0,Alto,0.0,4,100,0,0,0,0,0,26,Hipoteca,Licenciatura
Rechazada,Rechazado,MALO,0,18165,RECIBOS DE NOMINA,NO_CLIENTE,0,Alto,0.0,2,100,0,0,0,0,0,26,Familiares,Posgrado
Rechazada,Rechazado,MALO,0,16935,RECIBOS DE NOMINA,NO_CLIENTE,0,Alto,0.0,2,100,0,0,0,0,0,26,Renta,Posgrado
Rechazada,Rechazado,MALO,0,15865,RECIBOS DE NOMINA,NO_CLIENTE,0,Alto,0.0,4,100,0,0,0,0,0,26,Renta,Preparatoria
Rechazada,Rechazado,MALO,0,12478,PROPIEDAD ACTIVO FIJO,NO_CLIENTE,0,Alto,0.0,1,100,0,1,1149,250,0,26,Renta,Preparatoria
Rechazada,Rechazado,MALO,0,17363,RECIBOS DE NOMINA,NO_CLIENTE,0,Alto,0.0,2,100,0,0,0,0,38000,26,Renta,Licenciatura
Rechazada,Rechazado,MALO,0,15399,RECIBOS DE NOMINA,NO_CLIENTE,0,Alto,0.0,3,101,0,0,0,0,0,26,Familiares,Licenciatura
Rechazada,Rechazado,MALO,0,13628,PROPIEDAD ACTIVO FIJO,NO_CLIENTE,0,Alto,0.0,2,101,0,0,0,0,0,26,Propia,Posgrado
Rechazada,Rechazado,MALO,0,18401,RECIBOS DE NOMINA,NO_CLIENTE,0,Alto,0.0,0,101,0,0,0,0,0,26,Renta,Posgrado
Rechazada,Rechazado,MALO,0,17189,INVERSIONES,NO_CLIENTE,0,Alto,0.0,0,101,0,0,0,0,0,26,Hipoteca,Licenciatura
Pendiente,Pre-Aprobado,MALO,1,16027,RECIBOS DE NOMINA,NO_CLIENTE,0,Alto,0.0,0,120,0,0,0,0,0,26,Familiares,Licenciatura
Pendiente,Pre-Aprobado,MALO,1,12615,PROPIEDAD ACTIVO FIJO,NO_CLIENTE,0,Alto,0.0,1,133,0,0,0,0,0,26,Familiares,Licenciatura
Pendiente,Pre-Aprobado,MALO,1,17589,RECIBOS DE NOMINA,NO_CLIENTE,0,Alto,0.0,0,134,0,0,0,0,0,26,Propia,Posgrado
Pendiente,Pre-Aprobado,MALO,1,15630,RECIBOS DE NOMINA,NO_CLIENTE,0,Alto,0.0,0,134,0,0,0,0,0,26,Hipoteca,Licenciatura
Pendiente,Pre-Aprobado,MALO,1,13767,RECIBOS DE NOMINA,NO_CLIENTE,0,Alto,0.0,3,145,0,0,0,0,0,26,Familiares,Licenciatura
Pendiente,Pre-Aprobado,MALO,1,18604,PROPIEDAD ACTIVO FIJO,NO_CLIENTE,91500,Alto,0.0,3,154,0,0,14778,0,23729,26,Familiares,Licenciatura
Aprobada,Aprobado,REGULAR,6100,17413,RECIBOS DE NOMINA,NO_CLIENTE,0,Mínimo,0.3,0,178,790,0,0,0,0,26,Hipoteca,Preparatoria
Aprobada,Aprobado,BUENO,9700,16267,RECIBOS DE NOMINA,NO_CLIENTE,0,Mínimo,0.46,1,186,764,0,0,0,0,26,Renta,Licenciatura
Aprobada,Aprobado,REGULAR,6300,12744,RECIBOS DE NOMINA,NO_CLIENTE,0,Medio ,1.17,0,191,683,0,0,0,0,26,Hipoteca,Licenciatura
Aprobada,Aprobado,BUENO,15000,17783,RECIBOS DE NOMINA,NO_CLIENTE,0,Bajo,0.96,0,191,704,0,0,0,0,26,Hipoteca,Preparatoria
Aprobada,Aprobado,BUENO,7000,15833,INVERSIONES,NO_CLIENTE,0,Mínimo,0.45,0,195,775,0,0,0,0,26,Renta,Posgrado
Aprobada,Aprobado,BUENO,7000,13973,INVERSIONES,NO_CLIENTE,0,Mínimo,0.65,0,197,755,0,0,0,0,26,Hipoteca,Preparatoria
Aprobada,Aprobado,REGULAR,5700,18793,RECIBOS DE NOMINA,NO_CLIENTE,0,Medio ,1.09,0,198,691,0,0,0,0,26,Propia,Licenciatura
Aprobada,Aprobado,BUENO,2999,17605,PROPIEDAD ACTIVO FIJO,CLIENTE_BANCO,15,Bajo,0.69,0,199,750,0,0,0,0,26,Familiares,Licenciatura
Aprobada,Aprobado,REGULAR,60000,16479,RECIBOS DE NOMINA,CLIENTE_BANCO,12600,Bajo,0.39,0,206,723,0,6226,0,16214,26,Familiares,Preparatoria
Aprobada,Aprobado,REGULAR,49999,12935,PROPIEDAD ACTIVO FIJO,CLIENTE_BANCO,39000,Medio ,0.49,0,208,668,0,404,0,0,26,Propia,Preparatoria
Aprobada,Aprobado,REGULAR,2999,17964,RECIBOS DE NOMINA,CLIENTE_BANCO,0,Mínimo,0.18,0,208,792,0,0,0,0,26,Renta,Preparatoria
Aprobada,Aprobado,REGULAR,36000,16007,RECIBOS DE NOMINA,CLIENTE_BANCO,0,Mínimo,0.21,0,209,789,0,0,0,0,26,Renta,Licenciatura
Aprobada,Aprobado,BUENO,1999,14155,INVERSIONES,CLIENTE_BANCO,0,Bajo,0.92,0,211,718,0,0,0,1274,26,Renta,Preparatoria
Aprobada,Aprobado,REGULAR,17000,19075,RECIBOS DE NOMINA,NO_CLIENTE,0,Mínimo,0.26,0,215,784,0,0,0,0,26,Renta,Preparatoria
Aprobada,Aprobado,BUENO,25000,17784,RECIBOS DE NOMINA,NO_CLIENTE,0,Mínimo,0.54,0,216,756,0,0,0,0,26,Familiares,Licenciatura
Aprobada,Aprobado,BUENO,89000,16660,RECIBOS DE NOMINA,CLIENTE_BANCO,0,Bajo,0.97,0,225,723,0,0,0,0,26,Familiares,Posgrado
Aprobada,Aprobado,BUENO,16300,13103,RECIBOS DE NOMINA,NO_CLIENTE,0,Bajo,0.95,0,227,705,0,0,0,0,26,Propia,Licenciatura
Aprobada,Aprobado,BUENO,9899,18234,PROPIEDAD ACTIVO FIJO,CLIENTE_BANCO,50000,Bajo,0.84,0,228,737,0,13047,0,201742,26,Hipoteca,Licenciatura
Aprobada,Aprobado,BUENO,280000,16171,PROPIEDAD ACTIVO FIJO,CLIENTE_BANCO,0,Mínimo,0.44,0,234,766,0,0,0,0,26,Propia,Licenciatura
Aprobada,Aprobado,REGULAR,14700,14311,RECIBOS DE NOMINA,NO_CLIENTE,0,Mínimo,0.32,0,237,788,0,0,0,0,26,Renta,Preparatoria
Aprobada,Aprobado,BUENO,9899,19323,PROPIEDAD ACTIVO FIJO,CLIENTE_BANCO,3000,Bajo,0.45,0,238,723,1,2086,250,0,26,Hipoteca,Preparatoria
Aprobada,Aprobado,REGULAR,48000,18051,RECIBOS DE NOMINA,CLIENTE_BANCO,41500,Bajo,0.18,0,239,744,1,8719,520,0,26,Renta,Licenciatura
Aprobada,Aprobado,REGULAR,4999,16830,RECIBOS DE NOMINA,NO_CLIENTE,0,Mínimo,0.4,0,240,770,0,0,0,0,26,Propia,Preparatoria
Aprobada,Aprobado,BUENO,24999,13247,RECIBOS DE NOMINA,CLIENTE_BANCO,75000,Bajo,0.45,0,245,706,1,7496,1080,0,26,Propia,Preparatoria
Aprobada,Aprobado,REGULAR,100000,18471,RECIBOS DE NOMINA,CLIENTE_BANCO,0,Mínimo,0.27,0,248,793,0,0,0,0,26,Familiares,Preparatoria
Aprobada,Aprobado,BUENO,9899,16413,PROPIEDAD ACTIVO FIJO,CLIENTE_BANCO,23000,Bajo,0.43,0,249,744,1,11706,290,0,26,Familiares,Preparatoria
Rechazada,Rechazado,MALO,0,14325,RECIBOS DE NOMINA,NO_CLIENTE,0,Alto,0.0,5,89,0,0,0,0,0,27,Familiares,Licenciatura
Rechazada,Rechazado,MALO,0,19362,RECIBOS DE NOMINA,NO_CLIENTE,0,Alto,0.0,5,89,0,0,0,0,0,27,Propia,Licenciatura
Rechazada,Rechazado,MALO,0,18105,PROPIEDAD ACTIVO FIJO,NO_CLIENTE,0,Alto,0.0,5,89,0,0,0,0,41802,27,Propia,Licenciatura
Rechazada,Rechazado,MALO,0,16847,RECIBOS DE NOMINA,NO_CLIENTE,0,Alto,0.0,4,89,0,0,0,0,0,27,Propia,Licenciatura
Rechazada,Rechazado,MALO,0,13273,PROPIEDAD ACTIVO FIJO,NO_CLIENTE,0,Alto,0.0,5,89,0,0,0,0,0,27,Renta,Licenciatura
Rechazada,Rechazado,MALO,0,18526,RECIBOS DE NOMINA,NO_CLIENTE,0,Alto,0.0,5,89,0,0,0,0,0,27,Hipoteca,Licenciatura
Rechazada,Rechazado,MALO,0,16430,RECIBOS DE NOMINA,NO_CLIENTE,0,Alto,0.0,4,89,0,0,0,0,0,27,Familiares,Posgrado
Rechazada,Rechazado,MALO,0,14353,PROPIEDAD ACTIVO FIJO,NO_CLIENTE,0,Alto,0.0,2,90,0,0,0,0,0,27,Renta,Licenciatura
Rechazada,Rechazado,MALO,0,19420,PROPIEDAD ACTIVO FIJO,NO_CLIENTE,0,Alto,0.0,3,90,0,1,11774,530,23326,27,Propia,Posgrado
Rechazada,Rechazado,MALO,0,18123,PAGOS PROV SEMESTRALES PF,NO_CLIENTE,0,Alto,0.0,3,90,0,0,0,0,0,27,Renta,Preparatoria
Rechazada,Rechazado,MALO,0,16880,PROPIEDAD ACTIVO FIJO,NO_CLIENTE,0,Alto,0.0,3,90,0,0,0,0,0,27,Hipoteca,Posgrado
Rechazada,Rechazado,MALO,0,13313,RECIBOS DE NOMINA,NO_CLIENTE,0,Alto,0.0,2,90,0,0,0,0,0,27,Hipoteca,Posgrado
Rechazada,Rechazado,MALO,0,18544,RECIBOS DE NOMINA,NO_CLIENTE,0,Alto,0.0,2,91,0,0,0,0,0,27,Familiares,Posgrado
Rechazada,Rechazado,MALO,0,16463,PROPIEDAD ACTIVO FIJO,NO_CLIENTE,0,Alto,0.0,2,92,0,1,54689,2220,0,27,Propia,Posgrado
Rechazada,Rechazado,MALO,0,14397,RECIBOS DE NOMINA,NO_CLIENTE,0,Alto,0.0,2,92,0,0,0,0,0,27,Hipoteca,Preparatoria
Rechazada,Rechazado,MALO,0,19440,RECIBOS DE NOMINA,NO_CLIENTE,0,Alto,0.0,1,92,0,0,0,0,0,27,Hipoteca,Preparatoria
Rechazada,Rechazado,MALO,0,18159,RECIBOS DE NOMINA,NO_CLIENTE,0,Alto,0.0,5,92,0,0,0,0,0,27,Hipoteca,Preparatoria
Rechazada,Rechazado,MALO,0,16931,RECIBOS DE NOMINA,NO_CLIENTE,0,Alto,0.0,4,92,0,0,0,0,0,27,Propia,Posgrado
En_proceso,Rechazado,MALO,0,13327,INVERSIONES,NO_CLIENTE,0,Alto,0.0,3,92,0,0,0,0,0,27,Renta,Posgrado
Rechazada,Rechazado,MALO,0,18582,PROPIEDAD ACTIVO FIJO,NO_CLIENTE,0,Alto,0.0,1,93,0,0,0,0,0,27,Familiares,Posgrado
Rechazada,Rechazado,MALO,0,16512,RECIBOS DE NOMINA,NO_CLIENTE,0,Alto,0.0,5,93,0,0,0,0,26232,27,Familiares,Licenciatura
Rechazada,Rechazado,MALO,0,14411,PROPIEDAD ACTIVO FIJO,NO_CLIENTE,0,Alto,0.0,5,93,0,0,0,0,0,27,Familiares,Secundaria
Rechazada,Rechazado,MALO,0,19478,RECIBOS DE NOMINA,NO_CLIENTE,0,Alto,0.0,2,93,0,0,0,0,0,27,Familiares,Preparatoria
Rechazada,Rechazado,MALO,0,18214,PROPIEDAD ACTIVO FIJO,NO_CLIENTE,0,Alto,0.0,3,93,0,0,0,0,0,27,Propia,Preparatoria
Rechazada,Rechazado,MALO,0,16948,RECIBOS DE NOMINA,NO_CLIENTE,0,Alto,0.0,3,93,0,0,0,0,0,27,Familiares,Licenciatura
Rechazada,Rechazado,MALO,0,13353,PROPIEDAD ACTIVO FIJO,NO_CLIENTE,28000,Alto,0.0,3,93,0,1,18934,1860,0,27,Propia,Licenciatura
Rechazada,Rechazado,MALO,0,18637,RECIBOS DE NOMINA,NO_CLIENTE,0,Alto,0.0,4,93,0,0,0,0,0,27,Propia,Preparatoria
Rechazada,Rechazado,MALO,0,16528,RECIBOS DE NOMINA,NO_CLIENTE,0,Alto,0.0,4,94,0,0,0,0,0,27,Renta,Preparatoria
Rechazada,Rechazado,MALO,0,14440,PROPIEDAD ACTIVO FIJO,NO_CLIENTE,0,Alto,0.0,5,94,0,0,0,0,0,27,Hipoteca,Posgrado
Rechazada,Rechazado,MALO,0,19537,RECIBOS DE NOMINA,NO_CLIENTE,0,Alto,0.0,2,94,0,0,0,0,0,27,Propia,Preparatoria
Rechazada,Rechazado,MALO,0,18232,PROPIEDAD ACTIVO FIJO,NO_CLIENTE,0,Alto,0.0,2,94,0,1,1926,390,0,27,Familiares,Preparatoria
Rechazada,Rechazado,MALO,0,16982,RECIBOS DE NOMINA,NO_CLIENTE,0,Alto,0.0,2,94,0,0,0,0,9350,27,Hipoteca,Posgrado
Rechazada,Rechazado,MALO,0,13393,RECIBOS DE NOMINA,NO_CLIENTE,0,Alto,0.0,3,94,0,0,0,0,0,27,Propia,Preparatoria
Rechazada,Rechazado,MALO,0,18656,PROPIEDAD ACTIVO FIJO,NO_CLIENTE,0,Alto,0.0,4,94,0,0,0,0,0,27,Propia,Preparatoria
Rechazada,Rechazado,MALO,0,16561,PROPIEDAD ACTIVO FIJO,NO_CLIENTE,0,Alto,0.0,3,95,0,0,9494,0,0,27,Propia,Licenciatura
Rechazada,Rechazado,MALO,0,14483,RECIBOS DE NOMINA,NO_CLIENTE,0,Alto,0.0,3,95,0,0,0,0,3083,27,Familiares,Posgrado
Rechazada,Rechazado,MALO,0,19556,PROPIEDAD ACTIVO FIJO,NO_CLIENTE,28700,Alto,0.0,5,95,0,0,29199,0,0,27,Propia,Preparatoria
Rechazada,Rechazado,MALO,0,18268,RECIBOS DE NOMINA,NO_CLIENTE,0,Alto,0.0,5,95,0,0,0,0,0,27,Familiares,Licenciatura
Rechazada,Rechazado,MALO,0,17033,RECIBOS DE NOMINA,NO_CLIENTE,0,Alto,0.0,5,95,0,0,0,0,0,27,Familiares,Posgrado
Rechazada,Rechazado,MALO,0,13407,RECIBOS DE NOMINA,NO_CLIENTE,0,Alto,0.0,5,95,0,0,0,0,0,27,Hipoteca,Preparatoria
Rechazada,Rechazado,MALO,0,18693,RECIBOS DE NOMINA,NO_CLIENTE,0,Alto,0.0,4,95,0,0,0,0,0,27,Hipoteca,Preparatoria
Rechazada,Rechazado,MALO,0,16611,RECIBOS DE NOMINA,NO_CLIENTE,0,Alto,0.0,1,96,0,0,0,0,0,27,Renta,Licenciatura
Rechazada,Rechazado,MALO,0,14498,RECIBOS DE NOMINA,NO_CLIENTE,0,Alto,0.0,2,96,0,0,0,0,0,27,Renta,Posgrado
Rechazada,Rechazado,MALO,0,19595,RECIBOS DE NOMINA,NO_CLIENTE,0,Alto,0.0,4,96,0,0,0,0,0,27,Propia,Preparatoria
Rechazada,Rechazado,MALO,0,18323,RECIBOS DE NOMINA,NO_CLIENTE,0,Alto,0.0,3,96,0,0,0,0,0,27,Renta,Posgrado
Rechazada,Rechazado,MALO,0,17050,PROPIEDAD ACTIVO FIJO,NO_CLIENTE,0,Alto,0.0,3,96,0,0,0,0,0,27,Hipoteca,Licenciatura
Rechazada,Rechazado,MALO,0,13434,PROPIEDAD ACTIVO FIJO,NO_CLIENTE,100,Alto,0.0,5,96,0,0,0,0,78563,27,Hipoteca,Preparatoria
Rechazada,Rechazado,MALO,0,18749,RECIBOS DE NOMINA,NO_CLIENTE,0,Alto,0.0,3,97,0,0,0,0,0,27,Hipoteca,Preparatoria
Rechazada,Rechazado,MALO,0,16628,RECIBOS DE NOMINA,NO_CLIENTE,0,Alto,0.0,1,97,0,0,0,0,0,27,Hipoteca,Licenciatura
Rechazada,Rechazado,MALO,0,14527,RECIBOS DE NOMINA,NO_CLIENTE,0,Alto,0.0,2,97,0,0,0,0,0,27,Familiares,Licenciatura
Rechazada,Rechazado,MALO,0,19654,RECIBOS DE NOMINA,NO_CLIENTE,0,Alto,0.0,5,97,0,0,0,0,0,27,Renta,Posgrado
Rechazada,Rechazado,MALO,0,18342,PROPIEDAD ACTIVO FIJO,NO_CLIENTE,0,Alto,0.0,4,98,0,0,0,0,0,27,Familiares,Preparatoria
Rechazada,Rechazado,MALO,0,17084,PROPIEDAD ACTIVO FIJO,NO_CLIENTE,16899,Alto,0.0,4,98,0,0,0,0,0,27,Renta,Posgrado
Rechazada,Rechazado,MALO,0,13474,PROPIEDAD ACTIVO FIJO,NO_CLIENTE,0,Alto,0.0,4,99,0,0,1931,0,0,27,Renta,Preparatoria
Rechazada,Rechazado,MALO,0,18768,RECIBOS DE NOMINA,NO_CLIENTE,0,Alto,0.0,3,99,0,0,0,0,0,27,Propia,Licenciatura
Rechazada,Rechazado,MALO,0,16661,RECIBOS DE NOMINA,NO_CLIENTE,0,Alto,0.0,3,99,0,0,0,0,0,27,Hipoteca,Licenciatura
Rechazada,Rechazado,MALO,0,14570,RECIBOS DE NOMINA,NO_CLIENTE,0,Alto,0.0,3,99,0,0,0,0,0,27,Propia,Preparatoria
Rechazada,Rechazado,MALO,0,19674,PROPIEDAD ACTIVO FIJO,NO_CLIENTE,0,Alto,0.0,5,99,0,0,0,0,0,27,Familiares,Licenciatura
Rechazada,Rechazado,MALO,0,18378,PROPIEDAD ACTIVO FIJO,NO_CLIENTE,78500,Alto,0.0,4,99,0,1,31990,1960,0,27,Renta,Preparatoria
Rechazada,Rechazado,MALO,0,17135,RECIBOS DE NOMINA,NO_CLIENTE,0,Alto,0.0,2,100,0,0,0,0,0,27,Renta,Preparatoria
Rechazada,Rechazado,MALO,0,13487,RECIBOS DE NOMINA,NO_CLIENTE,0,Alto,0.0,3,100,0,0,0,0,0,27,Familiares,Posgrado
Rechazada,Rechazado,MALO,0,18806,RECIBOS DE NOMINA,NO_CLIENTE,0,Alto,0.0,2,100,0,0,0,0,0,27,Familiares,Preparatoria
Rechazada,Rechazado,MALO,0,16711,RECIBOS DE NOMINA,NO_CLIENTE,0,Alto,0.0,3,100,0,0,0,0,0,27,Familiares,Licenciatura
Rechazada,Rechazado,MALO,0,14585,RECIBOS DE NOMINA,NO_CLIENTE,0,Alto,0.0,3,101,0,0,0,0,0,27,Hipoteca,Preparatoria
Rechazada,Rechazado,MALO,0,19713,RECIBOS DE NOMINA,NO_CLIENTE,0,Alto,0.0,2,101,0,0,0,0,0,27,Hipoteca,Preparatoria
Rechazada,Rechazado,MALO,0,18433,PROPIEDAD ACTIVO FIJO,NO_CLIENTE,0,Alto,0.0,1,101,0,0,0,0,0,27,Familiares,Posgrado
Rechazada,Rechazado,MALO,0,17152,RECIBOS DE NOMINA,NO_CLIENTE,0,Alto,0.0,0,101,0,0,0,0,0,27,Hipoteca,Preparatoria
Rechazada,Rechazado,MALO,0,13514,INVERSIONES,NO_CLIENTE,0,Alto,0.0,2,101,0,0,0,0,0,27,Propia,Preparatoria
Pendiente,Pre-Aprobado,MALO,1,18862,PROPIEDAD ACTIVO FIJO,NO_CLIENTE,10000,Alto,0.0,0,120,0,0,0,0,0,27,Hipoteca,Posgrado
Pendiente,Pre-Aprobado,MALO,1,16728,RECIBOS DE NOMINA,NO_CLIENTE,0,Alto,0.0,0,120,0,0,0,0,0,27,Renta,Preparatoria
Pendiente,Pre-Aprobado,MALO,1,14614,PROPIEDAD ACTIVO FIJO,NO_CLIENTE,0,Alto,0.0,0,122,0,0,0,0,0,27,Renta,Preparatoria
Pendiente,Pre-Aprobado,MALO,1,19772,RECIBOS DE NOMINA,NO_CLIENTE,0,Alto,0.0,0,123,0,0,0,0,0,27,Propia,Licenciatura
Pendiente,Pre-Aprobado,MALO,1,18452,PROPIEDAD ACTIVO FIJO,NO_CLIENTE,40004,Alto,0.0,2,124,0,1,23287,620,0,27,Hipoteca,Licenciatura
Aprobada,Aprobado,BUENO,9200,17187,RECIBOS DE NOMINA,NO_CLIENTE,0,Bajo,0.84,2,145,726,0,0,0,0,27,Renta,Posgrado
Pendiente,Pre-Aprobado,MALO,1,13555,PROPIEDAD ACTIVO FIJO,NO_CLIENTE,0,Alto,0.0,1,147,0,0,0,0,0,27,Renta,Preparatoria
Aprobada,Aprobado,REGULAR,7000,18881,RECIBOS DE NOMINA,NO_CLIENTE,0,Medio ,1.06,0,185,694,0,0,0,0,27,Familiares,Licenciatura
Aprobada,Aprobado,REGULAR,66000,16761,RECIBOS DE NOMINA,CLIENTE_BANCO,1,Mínimo,0.4,0,190,780,0,0,0,0,27,Propia,Posgrado
Aprobada,Aprobado,BUENO,23800,14658,RECIBOS DE NOMINA,CLIENTE_BANCO,37500,Bajo,0.97,0,191,723,1,2438,590,0,27,Familiares,Preparatoria
Aprobada,Aprobado,BUENO,4000,19792,PROPIEDAD ACTIVO FIJO,NO_CLIENTE,0,Mínimo,0.59,0,192,751,0,0,0,0,27,Familiares,Licenciatura
Aprobada,Aprobado,BUENO,8100,18489,RECIBOS DE NOMINA,NO_CLIENTE,0,Bajo,0.57,0,193,743,0,0,0,0,27,Familiares,Licenciatura
Aprobada,Aprobado,REGULAR,7000,17238,INVERSIONES,NO_CLIENTE,1,Mínimo,0.17,1,193,793,0,0,0,0,27,Hipoteca,Preparatoria
Aprobada,Aprobado,REGULAR,9899,13568,PROPIEDAD ACTIVO FIJO,CLIENTE_BANCO,38000,Medio ,0.74,0,197,697,1,29721,1460,0,27,Hipoteca,Posgrado
Aprobada,Aprobado,BUENO,49999,18919,RECIBOS DE NOMINA,CLIENTE_BANCO,50000,Bajo,1.0,0,198,704,1,44339,2720,0,27,Familiares,Posgrado
Aprobada,Aprobado,BUENO,49999,16811,PROPIEDAD ACTIVO FIJO,CLIENTE_BANCO,0,Mínimo,0.45,0,198,765,0,0,0,3326,27,Propia,Preparatoria
Aprobada,Aprobado,BUENO,104000,14672,PROPIEDAD ACTIVO FIJO,CLIENTE_BANCO,7200,Mínimo,0.45,0,202,756,0,0,0,0,27,Propia,Preparatoria
Aprobada,Aprobado,REGULAR,9899,19832,PROPIEDAD ACTIVO FIJO,CLIENTE_BANCO,16700,Bajo,0.16,0,204,704,1,15927,950,0,27,Hipoteca,Posgrado
Aprobada,Aprobado,BUENO,54000,18544,RECIBOS DE NOMINA,NO_CLIENTE,0,Bajo,0.74,0,204,726,0,0,0,0,27,Propia,Preparatoria
Aprobada,Aprobado,REGULAR,9899,17255,RECIBOS DE NOMINA,CLIENTE_BANCO,6300,Medio ,0.81,0,205,694,1,5971,370,29105,27,Familiares,Licenciatura
Aprobada,Aprobado,REGULAR,9899,13596,RECIBOS DE NOMINA,CLIENTE_BANCO,14300,Bajo,0.21,0,209,744,0,125,0,0,27,Propia,Preparatoria
Aprobada,Aprobado,BUENO,9899,18975,PROPIEDAD ACTIVO FIJO,CLIENTE_BANCO,6800,Bajo,0.82,0,210,718,0,0,0,0,27,Familiares,Preparatoria
Aprobada,Aprobado,REGULAR,18700,16828,RECIBOS DE NOMINA,NO_CLIENTE,0,Mínimo,0.16,0,210,804,0,0,0,0,27,Propia,Posgrado
Aprobada,Aprobado,BUENO,7002,14702,RECIBOS DE NOMINA,CLIENTE_BANCO,6500,Bajo,1.08,0,211,750,1,3508,250,0,27,Familiares,Preparatoria
Aprobada,Aprobado,BUENO,9899,19891,RECIBOS DE NOMINA,CLIENTE_BANCO,0,Bajo,0.85,0,213,725,0,0,0,0,27,Hipoteca,Posgrado
Aprobada,Aprobado,BUENO,49999,18563,PROPIEDAD ACTIVO FIJO,CLIENTE_BANCO,3000,Bajo,0.92,0,214,707,0,1065,0,0,27,Hipoteca,Preparatoria
Aprobada,Aprobado,BUENO,4999,17290,PROPIEDAD ACTIVO FIJO,CLIENTE_BANCO,11100,Bajo,0.42,0,214,727,1,6593,250,0,27,Renta,Preparatoria
Aprobada,Aprobado,REGULAR,19000,13636,PAGOS PROV SEMESTRALES PF,CLIENTE_BANCO,0,Medio ,1.07,0,217,699,0,0,0,15210,27,Propia,Posgrado
Aprobada,Aprobado,BUENO,49999,18994,PROPIEDAD ACTIVO FIJO,NO_CLIENTE,0,Bajo,0.93,0,218,717,0,0,0,0,27,Propia,Posgrado
Aprobada,Aprobado,REGULAR,4999,16862,PROPIEDAD ACTIVO FIJO,CLIENTE_BANCO,5000,Alto,1.07,0,222,580,3,0,0,0,27,Hipoteca,Licenciatura
Aprobada,Aprobado,BUENO,138000,14746,RECIBOS DE NOMINA,CLIENTE_BANCO,18000,Mínimo,1.12,0,224,757,0,255,0,0,27,Hipoteca,Posgrado
Pendiente,Aprobado,REGULAR,1,19911,RECIBOS DE NOMINA,NO_CLIENTE,0,Medio ,0.18,0,225,699,0,0,0,0,27,Renta,Preparatoria
Aprobada,Aprobado,REGULAR,1999,18600,PROPIEDAD ACTIVO FIJO,CLIENTE_BANCO,0,Medio ,1.11,0,227,689,0,0,0,9620,27,Familiares,Licenciatura
Aprobada,Aprobado,BUENO,4999,17342,RECIBOS DE NOMINA,CLIENTE_BANCO,0,Bajo,0.72,0,230,738,0,0,0,11902,27,Familiares,Preparatoria
Aprobada,Aprobado,REGULAR,49999,13650,INVERSIONES,CLIENTE_BANCO,0,Mínimo,0.17,0,230,793,0,0,0,0,27,Renta,Preparatoria
Aprobada,Aprobado,REGULAR,49999,19032,PROPIEDAD ACTIVO FIJO,CLIENTE_BANCO,47000,Bajo,0.18,0,231,731,1,9197,620,0,27,Renta,Preparatoria
Aprobada,Aprobado,REGULAR,1999,16912,RECIBOS DE NOMINA,CLIENTE_BANCO,0,Mínimo,0.23,0,233,787,0,0,0,0,27,Propia,Licenciatura
Aprobada,Aprobado,BUENO,59000,14761,RECIBOS DE NOMINA,NO_CLIENTE,0,Bajo,0.7,0,234,730,0,0,0,0,27,Propia,Licenciatura
Aprobada,Aprobado,BUENO,29000,19951,RECIBOS DE NOMINA,CLIENTE_BANCO,28000,Bajo,0.87,0,235,706,0,19081,0,0,27,Familiares,Posgrado
Aprobada,Aprobado,BUENO,10000,18656,RECIBOS DE NOMINA,NO_CLIENTE,0,Bajo,0.52,0,235,748,0,0,0,0,27,Propia,Licenciatura
Aprobada,Aprobado,REGULAR,49999,17359,PROPIEDAD ACTIVO FIJO,CLIENTE_BANCO,0,Mínimo,0.18,0,235,792,0,0,0,0,27,Propia,Licenciatura
Aprobada,Aprobado,BUENO,49999,13677,RECIBOS DE NOMINA,CLIENTE_BANCO,35004,Bajo,1.08,0,236,740,1,3738,440,103878,27,Renta,Preparatoria
Aprobada,Aprobado,BUENO,14400,19089,RECIBOS DE NOMINA,CLIENTE_BANCO,21200,Mínimo,0.54,0,238,756,1,283,270,0,27,Renta,Posgrado
Aprobada,Aprobado,BUENO,49999,16929,RECIBOS DE NOMINA,CLIENTE_BANCO,18000,Mínimo,1.08,0,238,757,0,0,0,0,27,Hipoteca,Licenciatura
Aprobada,Aprobado,BUENO,1999,14790,PROPIEDAD ACTIVO FIJO,CLIENTE_BANCO,23400,Bajo,0.41,0,242,703,0,406,0,0,27,Propia,Preparatoria
Aprobada,Aprobado,REGULAR,34000,20011,RECIBOS DE NOMINA,CLIENTE_BANCO,13515,Mínimo,0.28,0,242,757,0,2891,0,0,27,Renta,Preparatoria
Aprobada,Aprobado,REGULAR,9899,18674,RECIBOS DE NOMINA,CLIENTE_BANCO,36000,Medio ,0.16,0,243,685,1,26812,1520,0,27,Propia,Posgrado
Aprobada,Aprobado,BUENO,49999,17394,PROPIEDAD ACTIVO FIJO,CLIENTE_BANCO,72500,Mínimo,1.17,0,246,761,0,9069,0,0,27,Familiares,Preparatoria
Aprobada,Aprobado,REGULAR,49999,13718,RECIBOS DE NOMINA,CLIENTE_BANCO,48000,Bajo,0.15,0,250,750,0,7061,0,0,27,Hipoteca,Posgrado
Aprobada,Aprobado,BUENO,318000,19109,RECIBOS DE NOMINA,CLIENTE_BANCO,240000,Bajo,1.15,0,251,740,1,31269,790,0,27,Familiares,Licenciatura
Aprobada,Aprobado,BUENO,87000,16963,RECIBOS DE NOMINA,CLIENTE_BANCO,31000,Bajo,0.87,0,254,750,1,909,390,0,27,Familiares,Preparatoria
Aprobada,Aprobado,BUENO,4999,14834,RECIBOS DE NOMINA,CLIENTE_BANCO,0,Bajo,1.18,0,261,702,0,0,0,0,27,Propia,Licenciatura
Aprobada,Aprobado,REGULAR,9899,20031,RECIBOS DE NOMINA,CLIENTE_BANCO,8500,Mínimo,0.18,0,264,802,0,0,0,0,27,Hipoteca,Preparatoria
Aprobada,Aprobado,REGULAR,57000,18712,RECIBOS DE NOMINA,CLIENTE_BANCO,0,Medio ,1.16,0,266,684,0,0,0,0,27,Propia,Preparatoria
Aprobada,Aprobado,REGULAR,49999,17446,PROPIEDAD ACTIVO FIJO,CLIENTE_BANCO,0,Mínimo,0.36,0,276,774,0,0,0,125129,27,Propia,Posgrado
Aprobada,Aprobado,BUENO,267000,13732,RECIBOS DE NOMINA,CLIENTE_BANCO,300000,Bajo,0.48,0,279,740,1,13806,3760,0,27,Familiares,Preparatoria
Rechazada,Rechazado,MALO,0,19147,PROPIEDAD ACTIVO FIJO,NO_CLIENTE,0,Alto,0.0,5,89,0,0,0,0,0,28,Renta,Licenciatura
Rechazada,Rechazado,MALO,0,17014,PROPIEDAD ACTIVO FIJO,NO_CLIENTE,0,Alto,0.0,5,89,0,0,0,0,0,28,Propia,Licenciatura
Rechazada,Rechazado,MALO,0,14849,RECIBOS DE NOMINA,NO_CLIENTE,0,Alto,0.0,4,89,0,0,0,0,0,28,Hipoteca,Preparatoria
Rechazada,Rechazado,MALO,0,20071,RECIBOS DE NOMINA,NO_CLIENTE,0,Alto,0.0,4,89,0,0,0,0,0,28,Familiares,Posgrado
Rechazada,Rechazado,MALO,0,18768,RECIBOS DE NOMINA,NO_CLIENTE,0,Alto,0.0,5,89,0,0,0,0,0,28,Renta,Preparatoria
Rechazada,Rechazado,MALO,0,17464,PROPIEDAD ACTIVO FIJO,NO_CLIENTE,5000,Alto,0.0,3,90,0,1,5114,390,0,28,Propia,Posgrado
Cancelada,Rechazado,MALO,0,13759,RECIBOS DE NOMINA,NO_CLIENTE,0,Alto,0.0,2,90,0,0,0,0,0,28,Familiares,Posgrado
Rechazada,Rechazado,MALO,0,19204,PROPIEDAD ACTIVO FIJO,NO_CLIENTE,0,Alto,0.0,2,90,0,0,0,0,0,28,Propia,Posgrado
Rechazada,Rechazado,MALO,0,17031,RECIBOS DE NOMINA,NO_CLIENTE,0,Alto,0.0,3,90,0,0,0,0,0,28,Familiares,Preparatoria
Rechazada,Rechazado,MALO,0,14879,RECIBOS DE NOMINA,NO_CLIENTE,0,Alto,0.0,2,90,0,0,0,0,0,28,Hipoteca,Posgrado
Rechazada,Rechazado,MALO,0,20131,PROPIEDAD ACTIVO FIJO,NO_CLIENTE,142900,Alto,0.0,5,90,0,3,114888,18750,42374,28,Familiares,Posgrado
Rechazada,Rechazado,MALO,0,18787,PAGOS PROV SEMESTRALES PF,NO_CLIENTE,0,Alto,0.0,4,91,0,0,0,0,0,28,Familiares,Posgrado
Rechazada,Rechazado,MALO,0,17498,RECIBOS DE NOMINA,NO_CLIENTE,0,Alto,0.0,2,91,0,0,0,0,0,28,Hipoteca,Posgrado
Rechazada,Rechazado,MALO,0,13801,RECIBOS DE NOMINA,NO_CLIENTE,0,Alto,0.0,2,91,0,0,0,0,0,28,Familiares,Posgrado
Rechazada,Rechazado,MALO,0,19223,RECIBOS DE NOMINA,NO_CLIENTE,0,Alto,0.0,1,91,0,0,0,0,0,28,Hipoteca,Licenciatura
Rechazada,Rechazado,MALO,0,17065,RECIBOS DE NOMINA,NO_CLIENTE,0,Alto,0.0,4,91,0,0,0,0,0,28,Hipoteca,Posgrado
Rechazada,Rechazado,MALO,0,14924,RECIBOS DE NOMINA,NO_CLIENTE,0,Alto,0.0,2,91,0,0,0,0,0,28,Hipoteca,Licenciatura
Rechazada,Rechazado,MALO,0,20151,PROPIEDAD ACTIVO FIJO,NO_CLIENTE,0,Alto,0.0,5,91,0,0,0,0,0,28,Familiares,Preparatoria
Rechazada,Rechazado,MALO,0,18824,RECIBOS DE NOMINA,NO_CLIENTE,0,Alto,0.0,5,91,0,0,0,0,0,28,Familiares,Licenciatura
Rechazada,Rechazado,MALO,0,17551,PROPIEDAD ACTIVO FIJO,NO_CLIENTE,0,Alto,0.0,3,92,0,1,6646,750,0,28,Propia,Licenciatura
Cancelada,Rechazado,MALO,0,13815,RECIBOS DE NOMINA,NO_CLIENTE,0,Alto,0.0,2,92,0,0,0,0,0,28,Hipoteca,Licenciatura
Rechazada,Rechazado,MALO,0,19262,PROPIEDAD ACTIVO FIJO,NO_CLIENTE,0,Alto,0.0,1,92,0,1,1229,320,0,28,Hipoteca,Preparatoria
Rechazada,Rechazado,MALO,0,17116,RECIBOS DE NOMINA,NO_CLIENTE,31500,Alto,0.0,4,92,0,1,31927,1840,0,28,Familiares,Licenciatura
Rechazada,Rechazado,MALO,0,14939,RECIBOS DE NOMINA,NO_CLIENTE,0,Alto,0.0,2,92,0,0,0,0,0,28,Hipoteca,Posgrado
Rechazada,Rechazado,MALO,0,20192,PAGOS PROV SEMESTRALES PF,NO_CLIENTE,0,Alto,0.0,4,93,0,0,0,0,0,28,Familiares,Licenciatura
Rechazada,Rechazado,MALO,0,18881,RECIBOS DE NOMINA,NO_CLIENTE,0,Alto,0.0,5,93,0,0,0,0,0,28,Familiares,Licenciatura
Rechazada,Rechazado,MALO,0,17568,RECIBOS DE NOMINA,NO_CLIENTE,0,Alto,0.0,2,93,0,0,0,0,0,28,Hipoteca,Posgrado
Rechazada,Rechazado,MALO,0,13842,RECIBOS DE NOMINA,NO_CLIENTE,0,Alto,0.0,4,94,0,8,9203,6810,0,28,Propia,Preparatoria
Cancelada,Rechazado,MALO,0,19320,PROPIEDAD ACTIVO FIJO,NO_CLIENTE,0,Alto,0.0,4,94,0,0,0,0,0,28,Familiares,Posgrado
Rechazada,Rechazado,MALO,0,17134,RECIBOS DE NOMINA,NO_CLIENTE,0,Alto,0.0,1,94,0,0,0,0,0,28,Familiares,Preparatoria
Rechazada,Rechazado,MALO,0,14968,RECIBOS DE NOMINA,NO_CLIENTE,0,Alto,0.0,2,94,0,0,0,0,0,28,Hipoteca,Licenciatura
Rechazada,Rechazado,MALO,0,20252,RECIBOS DE NOMINA,NO_CLIENTE,0,Alto,0.0,2,94,0,0,0,0,0,28,Renta,Posgrado
Rechazada,Rechazado,MALO,0,18900,RECIBOS DE NOMINA,NO_CLIENTE,0,Alto,0.0,1,94,0,0,0,0,0,28,Familiares,Posgrado
Rechazada,Rechazado,MALO,0,17604,PROPIEDAD ACTIVO FIJO,NO_CLIENTE,37500,Alto,0.0,4,94,0,0,10492,0,0,28,Hipoteca,Posgrado
Rechazada,Rechazado,MALO,0,13884,PROPIEDAD ACTIVO FIJO,NO_CLIENTE,0,Alto,0.0,5,95,0,0,0,0,0,28,Hipoteca,Preparatoria
Rechazada,Rechazado,MALO,0,19339,RECIBOS DE NOMINA,NO_CLIENTE,0,Alto,0.0,4,95,0,0,0,0,0,28,Propia,Posgrado
Rechazada,Rechazado,MALO,0,17168,RECIBOS DE NOMINA,NO_CLIENTE,0,Alto,0.0,5,95,0,0,0,0,0,28,Hipoteca,Posgrado
Rechazada,Rechazado,MALO,0,15013,RECIBOS DE NOMINA,NO_CLIENTE,0,Alto,0.0,1,96,0,0,0,0,0,28,Familiares,Preparatoria
Rechazada,Rechazado,MALO,0,20272,RECIBOS DE NOMINA,NO_CLIENTE,0,Alto,0.0,3,96,0,0,0,0,0,28,Propia,Preparatoria
Rechazada,Rechazado,MALO,0,18937,RECIBOS DE NOMINA,NO_CLIENTE,0,Alto,0.0,4,96,0,0,0,0,0,28,Hipoteca,Preparatoria
Rechazada,Rechazado,MALO,0,17656,RECIBOS DE NOMINA,NO_CLIENTE,0,Alto,0.0,5,96,0,0,0,0,0,28,Familiares,Posgrado
Rechazada,Rechazado,MALO,0,13898,PROPIEDAD ACTIVO FIJO,NO_CLIENTE,0,Alto,0.0,4,96,0,0,0,0,0,28,Familiares,Posgrado
Rechazada,Rechazado,MALO,0,19378,PROPIEDAD ACTIVO FIJO,NO_CLIENTE,0,Alto,0.0,2,97,0,0,0,0,3908,28,Propia,Licenciatura
Rechazada,Rechazado,MALO,0,17219,PROPIEDAD ACTIVO FIJO,NO_CLIENTE,0,Alto,0.0,3,97,0,0,0,0,0,28,Hipoteca,Preparatoria
Rechazada,Rechazado,MALO,0,15028,RECIBOS DE NOMINA,NO_CLIENTE,11000,Alto,0.0,2,97,0,0,0,0,0,28,Familiares,Licenciatura
Rechazada,Rechazado,MALO,0,20313,RECIBOS DE NOMINA,NO_CLIENTE,0,Alto,0.0,2,97,0,0,0,0,0,28,Familiares,Licenciatura
Rechazada,Rechazado,MALO,0,18994,RECIBOS DE NOMINA,NO_CLIENTE,0,Alto,0.0,2,97,0,0,0,0,74270,28,Hipoteca,Preparatoria
Rechazada,Rechazado,MALO,0,17674,PROPIEDAD ACTIVO FIJO,NO_CLIENTE,0,Alto,0.0,5,97,0,0,0,0,0,28,Hipoteca,Licenciatura
Rechazada,Rechazado,MALO,0,13925,PROPIEDAD ACTIVO FIJO,NO_CLIENTE,0,Alto,0.0,5,97,0,0,0,0,0,28,Hipoteca,Posgrado
Rechazada,Rechazado,MALO,0,19436,RECIBOS DE NOMINA,NO_CLIENTE,0,Alto,0.0,2,98,0,0,5194,0,0,28,Familiares,Secundaria
Cancelada,Rechazado,MALO,0,17237,SIN COMPROBANTE,NO_CLIENTE,0,Alto,0.0,4,98,0,0,0,0,0,28,Familiares,Licenciatura
Rechazada,Rechazado,MALO,0,15058,PROPIEDAD ACTIVO FIJO,NO_CLIENTE,0,Alto,0.0,3,98,0,1,2520,1500,611532,28,Renta,Licenciatura
Rechazada,Rechazado,MALO,0,20374,RECIBOS DE NOMINA,NO_CLIENTE,0,Alto,0.0,4,98,0,0,0,0,0,28,Hipoteca,Posgrado
Rechazada,Rechazado,MALO,0,19013,RECIBOS DE NOMINA,NO_CLIENTE,0,Alto,0.0,1,99,0,0,0,0,0,28,Renta,Preparatoria
Rechazada,Rechazado,MALO,0,17709,PROPIEDAD ACTIVO FIJO,NO_CLIENTE,0,Alto,0.0,2,99,0,0,0,0,0,28,Propia,Licenciatura
Rechazada,Rechazado,MALO,0,13967,PROPIEDAD ACTIVO FIJO,NO_CLIENTE,7200,Alto,0.0,3,99,0,1,6809,370,0,28,Propia,Secundaria
Rechazada,Rechazado,MALO,0,19455,RECIBOS DE NOMINA,NO_CLIENTE,0,Alto,0.0,5,99,0,0,0,0,0,28,Hipoteca,Posgrado
Rechazada,Rechazado,MALO,0,17271,PROPIEDAD ACTIVO FIJO,NO_CLIENTE,51000,Alto,0.0,4,99,0,1,704,640,0,28,Renta,Posgrado
Rechazada,Rechazado,MALO,0,15104,RECIBOS DE NOMINA,NO_CLIENTE,0,Alto,0.0,3,100,0,0,0,0,0,28,Hipoteca,Licenciatura
Rechazada,Rechazado,MALO,0,20394,PROPIEDAD ACTIVO FIJO,NO_CLIENTE,45000,Alto,0.0,3,100,0,0,1412,0,0,28,Renta,Posgrado
Rechazada,Rechazado,MALO,0,19051,RECIBOS DE NOMINA,NO_CLIENTE,0,Alto,0.0,0,100,0,0,0,0,0,28,Hipoteca,Preparatoria
Rechazada,Rechazado,MALO,0,17763,PROPIEDAD ACTIVO FIJO,NO_CLIENTE,53600,Alto,0.0,2,100,0,1,29045,1350,1903,28,Familiares,Preparatoria
Rechazada,Rechazado,MALO,0,13981,RECIBOS DE NOMINA,NO_CLIENTE,0,Alto,0.0,2,101,0,0,0,0,0,28,Familiares,Licenciatura
Rechazada,Rechazado,MALO,0,19494,PROPIEDAD ACTIVO FIJO,NO_CLIENTE,0,Alto,0.0,1,101,0,0,0,0,0,28,Renta,Preparatoria
Pendiente,Pre-Aprobado,MALO,1,17323,RECIBOS DE NOMINA,NO_CLIENTE,0,Alto,0.0,0,120,0,0,0,0,0,28,Renta,Posgrado
Pendiente,Pre-Aprobado,MALO,1,15119,RECIBOS DE NOMINA,NO_CLIENTE,0,Alto,0.0,0,130,0,0,0,0,0,28,Familiares,Licenciatura
Pendiente,Pre-Aprobado,MALO,1,20435,RECIBOS DE NOMINA,NO_CLIENTE,0,Alto,0.0,0,142,0,0,0,0,0,28,Familiares,Licenciatura
Pendiente,Pre-Aprobado,MALO,1,19108,PROPIEDAD ACTIVO FIJO,NO_CLIENTE,0,Alto,0.0,3,163,0,0,0,0,0,28,Hipoteca,Licenciatura
Aprobada,Aprobado,BUENO,6000,17780,INVERSIONES,NO_CLIENTE,0,Bajo,0.67,0,186,743,0,0,0,0,28,Hipoteca,Posgrado
Aprobada,Aprobado,REGULAR,9899,14009,PROPIEDAD ACTIVO FIJO,CLIENTE_BANCO,94500,Medio ,0.66,1,187,686,0,51261,0,0,28,Propia,Licenciatura
Aprobada,Aprobado,REGULAR,10000,19553,RECIBOS DE NOMINA,NO_CLIENTE,0,Medio ,1.07,0,188,693,0,0,0,0,28,Familiares,Posgrado
Aprobada,Aprobado,BUENO,7000,17340,INVERSIONES,NO_CLIENTE,0,Bajo,0.84,0,197,716,0,0,0,0,28,Propia,Preparatoria
Aprobada,Aprobado,BUENO,7000,15149,INVERSIONES,NO_CLIENTE,0,Bajo,0.72,0,197,748,0,0,0,0,28,Renta,Preparatoria
Aprobada,Aprobado,BUENO,7000,20496,INVERSIONES,NO_CLIENTE,0,Mínimo,0.52,0,197,758,0,0,0,0,28,Propia,Licenciatura
Aprobada,Aprobado,REGULAR,7000,19127,RECIBOS DE NOMINA,NO_CLIENTE,0,Medio ,1.19,0,203,681,0,0,0,0,28,Propia,Posgrado
Aprobada,Aprobado,BUENO,43999,17816,PROPIEDAD ACTIVO FIJO,CLIENTE_BANCO,34000,Mínimo,0.94,0,203,757,0,0,0,79788,28,Hipoteca,Licenciatura
Aprobada,Aprobado,BUENO,18600,14051,PROPIEDAD ACTIVO FIJO,CLIENTE_BANCO,0,Mínimo,0.51,0,204,755,0,0,0,0,28,Familiares,Posgrado
Aprobada,Aprobado,REGULAR,9899,19572,PROPIEDAD ACTIVO FIJO,CLIENTE_BANCO,5004,Bajo,0.39,0,207,744,1,2062,205,0,28,Propia,Licenciatura
Aprobada,Aprobado,REGULAR,7000,17375,RECIBOS DE NOMINA,NO_CLIENTE,0,Mínimo,0.35,0,213,775,0,0,0,0,28,Hipoteca,Licenciatura
Aprobada,Aprobado,BUENO,9899,15194,PAGOS PROV SEMESTRALES PF,CLIENTE_BANCO,11000,Bajo,0.6,0,214,723,0,5062,0,0,28,Familiares,Licenciatura
Aprobada,Aprobado,BUENO,123000,20517,RECIBOS DE NOMINA,NO_CLIENTE,0,Mínimo,0.66,0,214,754,0,0,0,0,28,Familiares,Licenciatura
Aprobada,Aprobado,BUENO,317001,19166,RECIBOS DE NOMINA,CLIENTE_BANCO,127000,Bajo,0.91,0,215,704,0,101992,0,261983,28,Familiares,Licenciatura
Aprobada,Aprobado,BUENO,50000,17869,RECIBOS DE NOMINA,CLIENTE_BANCO,4999,Bajo,0.63,0,219,706,1,598,250,14931,28,Renta,Licenciatura
Aprobada,Aprobado,REGULAR,9899,14065,PROPIEDAD ACTIVO FIJO,NO_CLIENTE,0,Mínimo,0.3,0,224,780,0,0,0,0,28,Familiares,Licenciatura
Aprobada,Aprobado,BUENO,42000,19611,RECIBOS DE NOMINA,NO_CLIENTE,0,Bajo,0.76,0,225,744,0,0,0,0,28,Propia,Licenciatura
Aprobada,Aprobado,BUENO,2999,17427,RECIBOS DE NOMINA,NO_CLIENTE,0,Mínimo,0.42,0,225,768,0,0,0,0,28,Propia,Posgrado
Aprobada,Aprobado,REGULAR,9899,15210,PROPIEDAD ACTIVO FIJO,CLIENTE_BANCO,22000,Medio ,0.77,0,229,689,1,382,280,0,28,Renta,Preparatoria
Aprobada,Aprobado,BUENO,10000,20558,RECIBOS DE NOMINA,CLIENTE_BANCO,13000,Bajo,0.85,0,231,710,1,10180,570,0,28,Propia,Posgrado
Aprobada,Aprobado,BUENO,95000,19223,RECIBOS DE NOMINA,CLIENTE_BANCO,20000,Bajo,1.01,0,231,727,1,9986,440,0,28,Familiares,Preparatoria
Aprobada,Aprobado,BUENO,2999,17887,RECIBOS DE NOMINA,CLIENTE_BANCO,8200,Bajo,1.05,0,232,710,1,5453,300,0,28,Renta,Licenciatura
Aprobada,Aprobado,REGULAR,31000,14093,RECIBOS DE NOMINA,CLIENTE_BANCO,0,Mínimo,0.33,0,233,777,0,0,0,0,28,Propia,Posgrado
Aprobada,Aprobado,REGULAR,14000,19670,RECIBOS DE NOMINA,CLIENTE_BANCO,0,Mínimo,0.34,0,234,786,0,0,0,0,28,Propia,Preparatoria
Aprobada,Aprobado,BUENO,49999,17444,PROPIEDAD ACTIVO FIJO,CLIENTE_BANCO,100000,Bajo,1.14,0,235,740,1,6308,1250,13423,28,Hipoteca,Licenciatura
Aprobada,Aprobado,REGULAR,11400,15240,PROPIEDAD ACTIVO FIJO,NO_CLIENTE,0,Medio ,1.06,0,236,694,0,0,0,0,28,Hipoteca,Licenciatura
Aprobada,Aprobado,BUENO,49999,20620,RECIBOS DE NOMINA,CLIENTE_BANCO,104500,Bajo,0.9,0,236,744,1,8062,1310,0,28,Familiares,Licenciatura
Aprobada,Aprobado,BUENO,9899,19242,PROPIEDAD ACTIVO FIJO,CLIENTE_BANCO,30000,Mínimo,0.53,0,237,757,1,10873,380,0,28,Familiares,Posgrado
Aprobada,Aprobado,BUENO,50000,17923,RECIBOS DE NOMINA,CLIENTE_BANCO,59499,Bajo,0.51,0,239,737,1,32393,1170,0,28,Renta,Preparatoria
Aprobada,Aprobado,REGULAR,9899,14136,PROPIEDAD ACTIVO FIJO,CLIENTE_BANCO,13200,Bajo,0.29,0,245,706,0,479,0,0,28,Renta,Preparatoria
Aprobada,Aprobado,BUENO,15999,19690,RECIBOS DE NOMINA,CLIENTE_BANCO,0,Bajo,0.83,0,245,737,0,0,0,0,28,Propia,Licenciatura
Aprobada,Aprobado,BUENO,9899,17479,PROPIEDAD ACTIVO FIJO,CLIENTE_BANCO,20500,Bajo,0.51,0,248,740,0,1260,0,0,28,Hipoteca,Preparatoria
Aprobada,Aprobado,REGULAR,9899,15286,PROPIEDAD ACTIVO FIJO,CLIENTE_BANCO,20900,Bajo,0.21,0,250,734,0,0,0,0,28,Renta,Preparatoria
Aprobada,Aprobado,REGULAR,49999,20640,RECIBOS DE NOMINA,CLIENTE_BANCO,207000,Bajo,0.35,0,251,744,1,52719,2590,0,28,Hipoteca,Licenciatura
Aprobada,Aprobado,REGULAR,49999,19281,PROPIEDAD ACTIVO FIJO,CLIENTE_BANCO,12000,Bajo,0.37,0,259,750,1,3527,250,15691,28,Familiares,Licenciatura
Aprobada,Aprobado,REGULAR,47000,17977,RECIBOS DE NOMINA,CLIENTE_BANCO,0,Mínimo,0.26,0,263,784,1,0,0,0,28,Propia,Posgrado
Aprobada,Aprobado,BUENO,25999,14150,DECLARACION ANUAL PFAE,CLIENTE_BANCO,0,Bajo,0.57,0,274,743,0,0,0,0,28,Renta,Preparatoria
Rechazada,Rechazado,MALO,0,19729,PROPIEDAD ACTIVO FIJO,NO_CLIENTE,0,Alto,0.0,4,89,0,0,0,0,0,29,Renta,Preparatoria
Rechazada,Rechazado,MALO,0,17532,RECIBOS DE NOMINA,NO_CLIENTE,0,Alto,0.0,4,89,0,0,0,0,0,29,Propia,Posgrado
Rechazada,Rechazado,MALO,0,15301,RECIBOS DE NOMINA,NO_CLIENTE,0,Alto,0.0,4,89,0,0,0,0,0,29,Renta,Licenciatura
Rechazada,Rechazado,MALO,0,20681,PROPIEDAD ACTIVO FIJO,NO_CLIENTE,0,Alto,0.0,4,90,0,0,6132,0,0,29,Propia,Posgrado
Rechazada,Rechazado,MALO,0,19339,RECIBOS DE NOMINA,NO_CLIENTE,0,Alto,0.0,2,90,0,0,0,0,0,29,Renta,Secundaria
Rechazada,Rechazado,MALO,0,17995,PROPIEDAD ACTIVO FIJO,NO_CLIENTE,0,Alto,0.0,3,90,0,0,0,0,0,29,Familiares,Preparatoria
Rechazada,Rechazado,MALO,0,14178,RECIBOS DE NOMINA,NO_CLIENTE,0,Alto,0.0,4,90,0,0,0,0,0,29,Hipoteca,Secundaria
Rechazada,Rechazado,MALO,0,19788,RECIBOS DE NOMINA,NO_CLIENTE,0,Alto,0.0,3,90,0,0,0,0,0,29,Propia,Secundaria
Rechazada,Rechazado,MALO,0,17549,RECIBOS DE NOMINA,NO_CLIENTE,0,Alto,0.0,2,90,0,0,0,0,20767,29,Propia,Posgrado
Rechazada,Rechazado,MALO,0,15332,RECIBOS DE NOMINA,NO_CLIENTE,0,Alto,0.0,4,90,0,0,0,0,0,29,Hipoteca,Preparatoria
Rechazada,Rechazado,MALO,0,20743,RECIBOS DE NOMINA,NO_CLIENTE,0,Alto,0.0,2,90,0,0,0,0,0,29,Renta,Preparatoria
Rechazada,Rechazado,MALO,0,19358,RECIBOS DE NOMINA,NO_CLIENTE,0,Alto,0.0,4,90,0,0,0,0,0,29,Familiares,Preparatoria
Rechazada,Rechazado,MALO,0,18031,RECIBOS DE NOMINA,NO_CLIENTE,0,Alto,0.0,5,90,0,0,0,0,0,29,Propia,Preparatoria
Rechazada,Rechazado,MALO,0,14221,RECIBOS DE NOMINA,NO_CLIENTE,0,Alto,0.0,4,91,0,0,0,0,0,29,Hipoteca,Preparatoria
Rechazada,Rechazado,MALO,0,19808,RECIBOS DE NOMINA,NO_CLIENTE,0,Alto,0.0,2,91,0,0,0,0,0,29,Propia,Preparatoria
Rechazada,Rechazado,MALO,0,17584,PROPIEDAD ACTIVO FIJO,NO_CLIENTE,0,Alto,0.0,4,91,0,0,0,0,8716,29,Propia,Licenciatura
Rechazada,Rechazado,MALO,0,15378,RECIBOS DE NOMINA,NO_CLIENTE,0,Alto,0.0,3,91,0,0,0,0,0,29,Familiares,Licenciatura
Rechazada,Rechazado,MALO,0,20764,RECIBOS DE NOMINA,NO_CLIENTE,0,Alto,0.0,4,91,0,0,0,0,0,29,Hipoteca,Posgrado
Rechazada,Rechazado,MALO,0,19397,RECIBOS DE NOMINA,NO_CLIENTE,0,Alto,0.0,2,92,0,0,0,0,0,29,Renta,Preparatoria
Rechazada,Rechazado,MALO,0,18085,PROPIEDAD ACTIVO FIJO,NO_CLIENTE,0,Alto,0.0,4,92,0,0,12292,0,0,29,Hipoteca,Posgrado
Rechazada,Rechazado,MALO,0,14235,RECIBOS DE NOMINA,NO_CLIENTE,0,Alto,0.0,2,92,0,0,0,0,0,29,Hipoteca,Licenciatura
Rechazada,Rechazado,MALO,0,19848,RECIBOS DE NOMINA,NO_CLIENTE,0,Alto,0.0,5,92,0,0,0,0,0,29,Renta,Posgrado
Rechazada,Rechazado,MALO,0,17637,RECIBOS DE NOMINA,NO_CLIENTE,0,Alto,0.0,5,92,0,0,0,0,0,29,Hipoteca,Licenciatura
Rechazada,Rechazado,MALO,0,15393,PROPIEDAD ACTIVO FIJO,NO_CLIENTE,0,Alto,0.0,5,92,0,0,0,0,0,29,Hipoteca,Licenciatura
Rechazada,Rechazado,MALO,0,20806,PROPIEDAD ACTIVO FIJO,NO_CLIENTE,0,Alto,0.0,5,92,0,0,0,0,0,29,Familiares,Licenciatura
Rechazada,Rechazado,MALO,0,19455,RECIBOS DE NOMINA,NO_CLIENTE,0,Alto,0.0,2,92,0,0,0,0,0,29,Hipoteca,Posgrado
Rechazada,Rechazado,MALO,0,18103,RECIBOS DE NOMINA,NO_CLIENTE,5050,Alto,0.0,3,92,0,0,0,0,0,29,Renta,Licenciatura
Rechazada,Rechazado,MALO,0,14263,RECIBOS DE NOMINA,NO_CLIENTE,0,Alto,0.0,1,93,0,0,0,0,0,29,Propia,Posgrado
Rechazada,Rechazado,MALO,0,19907,RECIBOS DE NOMINA,NO_CLIENTE,0,Alto,0.0,4,93,0,0,0,0,0,29,Familiares,Licenciatura
Rechazada,Rechazado,MALO,0,17655,PROPIEDAD ACTIVO FIJO,NO_CLIENTE,5700,Alto,0.0,3,93,0,1,5046,360,0,29,Hipoteca,Posgrado
Rechazada,Rechazado,MALO,0,15424,PAGOS PROV SEMESTRALES PF,NO_CLIENTE,0,Alto,0.0,2,93,0,0,0,0,0,29,Propia,Licenciatura
Rechazada,Rechazado,MALO,0,20868,RECIBOS DE NOMINA,NO_CLIENTE,0,Alto,0.0,1,93,0,0,0,0,0,29,Propia,Posgrado
Rechazada,Rechazado,MALO,0,19474,RECIBOS DE NOMINA,NO_CLIENTE,0,Alto,0.0,4,93,0,0,0,0,18871,29,Hipoteca,Licenciatura
Rechazada,Rechazado,MALO,0,18139,RECIBOS DE NOMINA,NO_CLIENTE,0,Alto,0.0,3,93,0,0,0,0,0,29,Renta,Preparatoria
Rechazada,Rechazado,MALO,0,14306,PROPIEDAD ACTIVO FIJO,NO_CLIENTE,0,Alto,0.0,4,93,0,0,0,0,0,29,Familiares,Preparatoria
Cancelada,Rechazado,MALO,0,19927,SIN COMPROBANTE,NO_CLIENTE,0,Alto,0.0,3,94,0,0,0,0,0,29,Renta,Licenciatura
Rechazada,Rechazado,MALO,0,17690,RECIBOS DE NOMINA,NO_CLIENTE,0,Alto,0.0,2,94,0,0,0,0,0,29,Hipoteca,Posgrado
Rechazada,Rechazado,MALO,0,15470,RECIBOS DE NOMINA,NO_CLIENTE,0,Alto,0.0,2,94,0,0,0,0,0,29,Propia,Posgrado
Rechazada,Rechazado,MALO,0,20889,RECIBOS DE NOMINA,NO_CLIENTE,0,Alto,0.0,2,94,0,0,0,0,0,29,Familiares,Preparatoria
Rechazada,Rechazado,MALO,0,19513,PROPIEDAD ACTIVO FIJO,NO_CLIENTE,0,Alto,0.0,3,94,0,0,0,0,0,29,Propia,Posgrado
Rechazada,Rechazado,MALO,0,18194,RECIBOS DE NOMINA,NO_CLIENTE,0,Alto,0.0,4,94,0,0,0,0,20155,29,Hipoteca,Licenciatura
Rechazada,Rechazado,MALO,0,14320,PROPIEDAD ACTIVO FIJO,NO_CLIENTE,0,Alto,0.0,5,95,0,0,0,0,0,29,Propia,Licenciatura
Rechazada,Rechazado,MALO,0,19967,RECIBOS DE NOMINA,NO_CLIENTE,0,Alto,0.0,3,95,0,0,0,0,0,29,Familiares,Licenciatura
Rechazada,Rechazado,MALO,0,17743,RECIBOS DE NOMINA,NO_CLIENTE,0,Alto,0.0,2,95,0,0,0,0,0,29,Renta,Licenciatura
Rechazada,Rechazado,MALO,0,15485,PROPIEDAD ACTIVO FIJO,NO_CLIENTE,80500,Alto,0.0,5,95,0,1,17952,270,119247,29,Renta,Preparatoria
Rechazada,Rechazado,MALO,0,20931,RECIBOS DE NOMINA,NO_CLIENTE,0,Alto,0.0,4,96,0,0,0,0,0,29,Hipoteca,Preparatoria
Rechazada,Rechazado,MALO,0,19572,RECIBOS DE NOMINA,NO_CLIENTE,0,Alto,0.0,4,96,0,0,0,0,0,29,Hipoteca,Preparatoria
Rechazada,Rechazado,MALO,0,18212,RECIBOS DE NOMINA,NO_CLIENTE,0,Alto,0.0,4,96,0,0,0,0,0,29,Hipoteca,Licenciatura
Rechazada,Rechazado,MALO,0,14349,RECIBOS DE NOMINA,NO_CLIENTE,0,Alto,0.0,4,96,0,0,0,0,0,29,Hipoteca,Preparatoria
En_proceso,Rechazado,MALO,0,20027,RECIBOS DE NOMINA,NO_CLIENTE,0,Alto,0.0,5,96,0,0,0,0,0,29,Propia,Posgrado
Rechazada,Rechazado,MALO,0,17761,PROPIEDAD ACTIVO FIJO,NO_CLIENTE,0,Alto,0.0,3,97,0,1,12525,1080,0,29,Familiares,Secundaria
Rechazada,Rechazado,MALO,0,15516,PROPIEDAD ACTIVO FIJO,NO_CLIENTE,0,Alto,0.0,3,97,0,1,2072,1970,36526,29,Propia,Posgrado
Rechazada,Rechazado,MALO,0,20994,RECIBOS DE NOMINA,NO_CLIENTE,0,Alto,0.0,3,97,0,0,0,0,0,29,Hipoteca,Licenciatura
Rechazada,Rechazado,MALO,0,19592,RECIBOS DE NOMINA,NO_CLIENTE,3000,Alto,0.0,4,97,0,1,3080,280,0,29,Familiares,Preparatoria
Rechazada,Rechazado,MALO,0,18248,RECIBOS DE NOMINA,NO_CLIENTE,0,Alto,0.0,3,98,0,0,0,0,0,29,Familiares,Preparatoria
Rechazada,Rechazado,MALO,0,14392,PROPIEDAD ACTIVO FIJO,NO_CLIENTE,0,Alto,0.0,2,98,0,1,10964,690,19409,29,Propia,Posgrado
Rechazada,Rechazado,MALO,0,20047,RECIBOS DE NOMINA,NO_CLIENTE,0,Alto,0.0,3,98,0,0,0,0,0,29,Hipoteca,Preparatoria
Rechazada,Rechazado,MALO,0,17796,PROPIEDAD ACTIVO FIJO,NO_CLIENTE,0,Alto,0.0,4,98,0,0,0,0,0,29,Propia,Licenciatura
Rechazada,Rechazado,MALO,0,15563,RECIBOS DE NOMINA,NO_CLIENTE,0,Alto,0.0,3,98,0,0,0,0,14046,29,Renta,Posgrado
Rechazada,Rechazado,MALO,0,21015,RECIBOS DE NOMINA,NO_CLIENTE,0,Alto,0.0,4,99,0,0,0,0,0,29,Renta,Posgrado
Rechazada,Rechazado,MALO,0,19631,PROPIEDAD ACTIVO FIJO,NO_CLIENTE,0,Alto,0.0,1,99,0,0,218,0,0,29,Familiares,Preparatoria
Rechazada,Rechazado,MALO,0,18303,CTA NOMINA DIGITAL,NO_CLIENTE,0,Alto,0.0,2,99,0,0,0,0,22019,29,Familiares,Licenciatura
Rechazada,Rechazado,MALO,0,14406,RECIBOS DE NOMINA,NO_CLIENTE,0,Alto,0.0,3,99,0,0,0,0,0,29,Hipoteca,Posgrado
Rechazada,Rechazado,MALO,0,20087,PROPIEDAD ACTIVO FIJO,NO_CLIENTE,34200,Alto,0.0,5,99,0,1,31392,1000,17013,29,Familiares,Preparatoria
Rechazada,Rechazado,MALO,0,17850,RECIBOS DE NOMINA,NO_CLIENTE,0,Alto,0.0,2,100,0,0,0,0,0,29,Propia,Licenciatura
Rechazada,Rechazado,MALO,0,15579,RECIBOS DE NOMINA,NO_CLIENTE,0,Alto,0.0,2,100,0,0,0,0,0,29,Propia,Secundaria
Rechazada,Rechazado,MALO,0,21057,PAGOS PROV SEMESTRALES PF,NO_CLIENTE,0,Alto,0.0,3,100,0,0,0,0,0,29,Renta,Preparatoria
Rechazada,Rechazado,MALO,0,19690,PAGOS PROV SEMESTRALES PF,NO_CLIENTE,0,Alto,0.0,3,100,0,0,0,0,0,29,Hipoteca,Posgrado
Rechazada,Rechazado,MALO,0,18321,RECIBOS DE NOMINA,NO_CLIENTE,0,Alto,0.0,4,100,0,0,0,0,0,29,Familiares,Licenciatura
Rechazada,Rechazado,MALO,0,14435,PROPIEDAD ACTIVO FIJO,NO_CLIENTE,0,Alto,0.0,2,100,0,1,16477,940,9356,29,Propia,Preparatoria
Rechazada,Rechazado,MALO,0,20147,PROPIEDAD ACTIVO FIJO,NO_CLIENTE,30000,Alto,0.0,2,100,0,0,4714,0,0,29,Familiares,Licenciatura
Rechazada,Rechazado,MALO,0,17868,PROPIEDAD ACTIVO FIJO,NO_CLIENTE,0,Alto,0.0,2,100,0,0,0,0,0,29,Hipoteca,Posgrado
Rechazada,Rechazado,MALO,0,15610,PROPIEDAD ACTIVO FIJO,NO_CLIENTE,35000,Alto,0.0,3,100,0,1,23519,860,0,29,Propia,Licenciatura
Rechazada,Rechazado,MALO,0,21120,RECIBOS DE NOMINA,NO_CLIENTE,0,Alto,0.0,3,100,0,0,0,0,0,29,Propia,Licenciatura
Rechazada,Rechazado,MALO,0,19709,PROPIEDAD ACTIVO FIJO,NO_CLIENTE,0,Alto,0.0,4,101,0,1,5345,500,0,29,Familiares,Preparatoria
Rechazada,Rechazado,MALO,0,18358,RECIBOS DE NOMINA,NO_CLIENTE,0,Alto,0.0,3,101,0,0,0,0,0,29,Hipoteca,Preparatoria
Rechazada,Rechazado,MALO,0,14479,RECIBOS DE NOMINA,NO_CLIENTE,0,Alto,0.0,0,101,0,0,0,0,0,29,Propia,Licenciatura
Rechazada,Rechazado,MALO,0,20168,RECIBOS DE NOMINA,NO_CLIENTE,0,Alto,0.0,0,101,0,0,0,0,0,29,Familiares,Posgrado
En_proceso,Rechazado,MALO,0,17903,RECIBOS DE NOMINA,NO_CLIENTE,0,Alto,0.0,0,101,0,0,0,0,0,29,Familiares,Posgrado
Rechazada,Rechazado,MALO,0,15657,PROPIEDAD ACTIVO FIJO,NO_CLIENTE,57000,Alto,0.0,0,101,0,0,3303,0,0,29,Hipoteca,Licenciatura
Rechazada,Rechazado,MALO,0,21141,PROPIEDAD ACTIVO FIJO,NO_CLIENTE,62100,Alto,0.0,0,101,0,1,17563,370,0,29,Familiares,Preparatoria
Rechazada,Rechazado,MALO,0,19749,RECIBOS DE NOMINA,NO_CLIENTE,9900,Alto,0.0,0,101,0,0,3802,0,0,29,Propia,Licenciatura
Rechazada,Rechazado,MALO,0,18413,RECIBOS DE NOMINA,NO_CLIENTE,68000,Alto,0.0,3,101,0,0,53862,0,511600,29,Renta,Posgrado
Pendiente,Pre-Aprobado,MALO,1,14493,PROPIEDAD ACTIVO FIJO,NO_CLIENTE,0,Alto,0.0,0,111,0,0,0,0,0,29,Renta,Licenciatura
Pendiente,Pre-Aprobado,MALO,1,20208,PROPIEDAD ACTIVO FIJO,NO_CLIENTE,0,Alto,0.0,1,120,0,0,0,0,2040,29,Hipoteca,Licenciatura
Pendiente,Pre-Aprobado,MALO,1,17957,RECIBOS DE NOMINA,NO_CLIENTE,0,Alto,0.0,0,121,0,0,0,0,0,29,Hipoteca,Preparatoria
Pendiente,Pre-Aprobado,MALO,1,15672,RECIBOS DE NOMINA,NO_CLIENTE,0,Alto,0.0,1,124,0,0,0,0,0,29,Hipoteca,Licenciatura
Pendiente,Pre-Aprobado,MALO,1,21183,PROPIEDAD ACTIVO FIJO,NO_CLIENTE,0,Alto,0.0,0,125,0,0,0,0,0,29,Hipoteca,Preparatoria
Pendiente,Pre-Aprobado,MALO,1,19808,RECIBOS DE NOMINA,NO_CLIENTE,0,Alto,0.0,0,134,0,0,0,0,0,29,Renta,Licenciatura
Pendiente,Pre-Aprobado,MALO,1,18431,RECIBOS DE NOMINA,NO_CLIENTE,0,Alto,0.0,0,134,0,0,0,0,0,29,Propia,Preparatoria
Pendiente,Pre-Aprobado,MALO,1,14522,RECIBOS DE NOMINA,NO_CLIENTE,5000,Alto,0.0,0,136,0,1,4027,340,0,29,Familiares,Licenciatura
Pendiente,Pre-Aprobado,MALO,1,20269,RECIBOS DE NOMINA,NO_CLIENTE,96000,Alto,0.0,2,144,0,0,0,0,0,29,Propia,Preparatoria
Pendiente,Pre-Aprobado,MALO,1,17975,RECIBOS DE NOMINA,NO_CLIENTE,0,Alto,0.0,4,150,0,0,0,0,0,29,Propia,Posgrado
Pendiente,Pre-Aprobado,MALO,1,15704,PROPIEDAD ACTIVO FIJO,NO_CLIENTE,0,Alto,0.0,3,156,0,0,0,0,0,29,Renta,Posgrado
Pendiente,Pre-Aprobado,MALO,1,21247,RECIBOS DE NOMINA,NO_CLIENTE,0,Alto,0.0,1,176,0,0,0,0,0,29,Hipoteca,Posgrado
Aprobada,Aprobado,BUENO,5000,19828,INVERSIONES,NO_CLIENTE,0,Bajo,1.05,1,176,715,0,0,0,0,29,Hipoteca,Preparatoria
Aprobada,Aprobado,BUENO,16200,18468,PROPIEDAD ACTIVO FIJO,CLIENTE_BANCO,7000,Bajo,0.97,0,178,711,1,1027,250,0,29,Propia,Preparatoria
Aprobada,Aprobado,BUENO,6000,14566,RECIBOS DE NOMINA,NO_CLIENTE,0,Bajo,0.9,2,185,720,0,0,0,0,29,Propia,Licenciatura
Aprobada,Aprobado,BUENO,6000,20289,INVERSIONES,NO_CLIENTE,0,Bajo,0.82,0,203,728,0,0,0,0,29,Propia,Posgrado
Aprobada,Aprobado,BUENO,36000,18011,PROPIEDAD ACTIVO FIJO,CLIENTE_BANCO,0,Bajo,0.54,0,206,750,1,4707,300,0,29,Familiares,Licenciatura
Aprobada,Aprobado,BUENO,8600,15751,RECIBOS DE NOMINA,CLIENTE_BANCO,0,Bajo,0.83,0,210,717,0,0,0,36445,29,Hipoteca,Preparatoria
Aprobada,Aprobado,REGULAR,5600,21268,RECIBOS DE NOMINA,NO_CLIENTE,0,Mínimo,0.18,0,210,792,0,0,0,0,29,Renta,Posgrado
Aprobada,Aprobado,BUENO,9899,19867,RECIBOS DE NOMINA,CLIENTE_BANCO,15700,Bajo,0.68,0,211,706,1,8998,510,0,29,Familiares,Licenciatura
Aprobada,Aprobado,REGULAR,21500,18524,RECIBOS DE NOMINA,NO_CLIENTE,0,Mínimo,0.35,0,212,775,0,0,0,0,29,Propia,Posgrado
Aprobada,Aprobado,BUENO,5000,14580,RECIBOS DE NOMINA,NO_CLIENTE,0,Bajo,0.99,0,213,721,0,0,0,0,29,Hipoteca,Licenciatura
Aprobada,Aprobado,BUENO,9899,20329,RECIBOS DE NOMINA,CLIENTE_BANCO,51000,Bajo,0.55,0,213,748,1,26644,1120,0,29,Renta,Preparatoria
Aprobada,Aprobado,BUENO,9899,18065,PAGOS PROV SEMESTRALES PF,CLIENTE_BANCO,15000,Bajo,0.82,0,214,711,0,517,0,0,29,Hipoteca,Posgrado
Aprobada,Aprobado,BUENO,49000,15766,RECIBOS DE NOMINA,NO_CLIENTE,0,Mínimo,0.55,0,215,755,0,0,0,0,29,Propia,Posgrado
Aprobada,Aprobado,BUENO,15900,21311,RECIBOS DE NOMINA,NO_CLIENTE,0,Bajo,0.81,0,217,729,0,0,0,0,29,Renta,Posgrado
Aprobada,Aprobado,BUENO,50000,19927,RECIBOS DE NOMINA,CLIENTE_BANCO,23100,Bajo,0.5,0,217,740,1,4612,290,10591,29,Renta,Posgrado
Aprobada,Aprobado,BUENO,9899,18542,RECIBOS DE NOMINA,CLIENTE_BANCO,14000,Bajo,0.86,0,221,724,0,0,0,0,29,Renta,Preparatoria
Aprobada,Aprobado,REGULAR,50000,14609,RECIBOS DE NOMINA,CLIENTE_BANCO,46004,Bajo,0.16,0,222,706,1,24622,1040,0,29,Propia,Posgrado
Aprobada,Aprobado,BUENO,13000,20390,RECIBOS DE NOMINA,CLIENTE_BANCO,0,Bajo,0.87,0,223,713,0,0,0,0,29,Renta,Preparatoria
Aprobada,Aprobado,REGULAR,49999,18083,PROPIEDAD ACTIVO FIJO,CLIENTE_BANCO,30000,Bajo,0.18,0,223,740,1,8554,380,0,29,Familiares,Preparatoria
Aprobada,Aprobado,REGULAR,35000,15798,RECIBOS DE NOMINA,CLIENTE_BANCO,0,Medio ,1.13,0,226,687,0,0,0,0,29,Familiares,Posgrado
Aprobada,Aprobado,BUENO,26000,21374,PROPIEDAD ACTIVO FIJO,NO_CLIENTE,0,Mínimo,0.45,0,226,765,0,0,0,0,29,Hipoteca,Posgrado
Aprobada,Aprobado,BUENO,40000,19947,RECIBOS DE NOMINA,CLIENTE_BANCO,27500,Bajo,0.63,0,227,750,0,1209,0,0,29,Renta,Preparatoria
Aprobada,Aprobado,BUENO,49999,18579,PROPIEDAD ACTIVO FIJO,CLIENTE_BANCO,13600,Bajo,0.96,0,228,721,1,2617,250,0,29,Propia,Preparatoria
Aprobada,Aprobado,BUENO,1999,14653,PROPIEDAD ACTIVO FIJO,CLIENTE_BANCO,0,Bajo,0.57,0,228,743,0,0,0,0,29,Hipoteca,Licenciatura
Aprobada,Aprobado,BUENO,45999,20411,PROPIEDAD ACTIVO FIJO,CLIENTE_BANCO,4000,Bajo,0.85,0,229,723,1,348,0,0,29,Propia,Preparatoria
Aprobada,Aprobado,BUENO,49999,18119,PROPIEDAD ACTIVO FIJO,CLIENTE_BANCO,106000,Bajo,0.75,0,229,740,0,1478,0,0,29,Propia,Licenciatura
Aprobada,Aprobado,BUENO,5600,15845,RECIBOS DE NOMINA,CLIENTE_BANCO,0,Bajo,1.18,0,233,702,0,0,0,30729,29,Hipoteca,Posgrado
Aprobada,Aprobado,BUENO,9899,21396,PROPIEDAD ACTIVO FIJO,CLIENTE_BANCO,50000,Bajo,0.83,0,233,717,1,1098,630,0,29,Familiares,Licenciatura
Aprobada,Aprobado,REGULAR,142000,19987,RECIBOS DE NOMINA,CLIENTE_BANCO,58000,Bajo,0.29,0,234,740,1,642,222,0,29,Hipoteca,Licenciatura
Aprobada,Aprobado,REGULAR,1999,18635,RECIBOS DE NOMINA,NO_CLIENTE,0,Mínimo,0.19,0,234,791,0,0,0,0,29,Propia,Preparatoria
Aprobada,Aprobado,REGULAR,24500,14668,RECIBOS DE NOMINA,NO_CLIENTE,0,Mínimo,0.34,0,239,786,0,0,0,0,29,Renta,Preparatoria
Aprobada,Aprobado,BUENO,12000,20452,RECIBOS DE NOMINA,CLIENTE_BANCO,0,Bajo,1.15,0,240,705,0,0,0,0,29,Hipoteca,Licenciatura
Aprobada,Aprobado,REGULAR,40000,18174,RECIBOS DE NOMINA,CLIENTE_BANCO,663000,Bajo,0.35,0,245,727,1,109377,17880,0,29,Propia,Posgrado
Aprobada,Aprobado,BUENO,9899,15861,RECIBOS DE NOMINA,CLIENTE_BANCO,0,Bajo,0.86,0,252,724,0,0,0,331589,29,Familiares,Licenciatura
Aprobada,Aprobado,BUENO,2999,21439,PAGOS PROV SEMESTRALES PF,CLIENTE_BANCO,34000,Bajo,1.08,0,255,733,1,754,372,0,29,Familiares,Licenciatura
Aprobada,Aprobado,BUENO,49999,20047,RECIBOS DE NOMINA,CLIENTE_BANCO,12000,Bajo,1.14,0,258,727,1,5098,300,103416,29,Propia,Posgrado
Aprobada,Aprobado,BUENO,49999,18654,RECIBOS DE NOMINA,CLIENTE_BANCO,0,Bajo,0.69,0,266,741,0,0,0,0,29,Propia,Preparatoria
Aprobada,Aprobado,BUENO,130000,14697,RECIBOS DE NOMINA,CLIENTE_BANCO,55000,Mínimo,1.0,0,283,767,1,3528,690,0,29,Familiares,Posgrado
Rechazada,Rechazado,MALO,0,20513,RECIBOS DE NOMINA,NO_CLIENTE,0,Alto,0.0,4,89,0,0,0,0,0,30,Propia,Licenciatura
Rechazada,Rechazado,MALO,0,18192,RECIBOS DE NOMINA,NO_CLIENTE,0,Alto,0.0,4,89,0,0,0,0,0,30,Propia,Preparatoria
Rechazada,Rechazado,MALO,0,15893,RECIBOS DE NOMINA,NO_CLIENTE,0,Alto,0.0,5,89,0,0,0,0,0,30,Hipoteca,Posgrado
Rechazada,Rechazado,MALO,0,21503,RECIBOS DE NOMINA,NO_CLIENTE,0,Alto,0.0,5,89,0,0,0,0,0,30,Hipoteca,Licenciatura
Rechazada,Rechazado,MALO,0,20067,PROPIEDAD ACTIVO FIJO,NO_CLIENTE,0,Alto,0.0,4,89,0,0,0,0,0,30,Hipoteca,Posgrado
Rechazada,Rechazado,MALO,0,18691,RECIBOS DE NOMINA,NO_CLIENTE,0,Alto,0.0,5,89,0,0,0,0,0,30,Renta,Posgrado
Rechazada,Rechazado,MALO,0,14741,PROPIEDAD ACTIVO FIJO,NO_CLIENTE,0,Alto,0.0,5,89,0,0,0,0,0,30,Familiares,Preparatoria
Rechazada,Rechazado,MALO,0,20533,RECIBOS DE NOMINA,NO_CLIENTE,93000,Alto,0.0,5,89,0,0,10935,0,0,30,Hipoteca,Licenciatura
Rechazada,Rechazado,MALO,0,18228,PROPIEDAD ACTIVO FIJO,NO_CLIENTE,25000,Alto,0.0,5,89,0,1,13968,320,33932,30,Renta,Licenciatura
Cancelada,Rechazado,MALO,0,15941,SIN COMPROBANTE,NO_CLIENTE,0,Alto,0.0,3,90,0,1,15349,680,0,30,Renta,Posgrado
Rechazada,Rechazado,MALO,0,21524,PROPIEDAD ACTIVO FIJO,NO_CLIENTE,0,Alto,0.0,3,90,0,0,0,0,0,30,Propia,Preparatoria
Rechazada,Rechazado,MALO,0,20107,PROPIEDAD ACTIVO FIJO,NO_CLIENTE,0,Alto,0.0,2,90,0,0,0,0,0,30,Propia,Preparatoria
Rechazada,Rechazado,MALO,0,18747,INVERSIONES,NO_CLIENTE,0,Alto,0.0,4,90,0,0,0,0,46213,30,Renta,Preparatoria
Rechazada,Rechazado,MALO,0,14756,RECIBOS DE NOMINA,NO_CLIENTE,0,Alto,0.0,4,90,0,0,0,0,0,30,Hipoteca,Preparatoria
En_proceso,Rechazado,MALO,0,20574,INVERSIONES,NO_CLIENTE,0,Alto,0.0,4,90,0,0,0,0,0,30,Renta,Licenciatura
Rechazada,Rechazado,MALO,0,18283,RECIBOS DE NOMINA,NO_CLIENTE,0,Alto,0.0,2,91,0,0,0,0,0,30,Renta,Licenciatura
Rechazada,Rechazado,MALO,0,15957,RECIBOS DE NOMINA,NO_CLIENTE,0,Alto,0.0,3,91,0,0,0,0,0,30,Hipoteca,Preparatoria
Rechazada,Rechazado,MALO,0,21568,RECIBOS DE NOMINA,NO_CLIENTE,0,Alto,0.0,2,91,0,0,0,0,0,30,Renta,Preparatoria
Rechazada,Rechazado,MALO,0,20167,PROPIEDAD ACTIVO FIJO,NO_CLIENTE,0,Alto,0.0,2,91,0,0,0,0,0,30,Propia,Preparatoria
Rechazada,Rechazado,MALO,0,18766,RECIBOS DE NOMINA,NO_CLIENTE,0,Alto,0.0,2,91,0,0,0,0,0,30,Renta,Posgrado
Rechazada,Rechazado,MALO,0,14785,RECIBOS DE NOMINA,NO_CLIENTE,0,Alto,0.0,3,92,0,0,0,0,0,30,Familiares,Posgrado
Rechazada,Rechazado,MALO,0,20636,RECIBOS DE NOMINA,NO_CLIENTE,0,Alto,0.0,4,92,0,0,0,0,0,30,Renta,Preparatoria
Rechazada,Rechazado,MALO,0,18301,RECIBOS DE NOMINA,NO_CLIENTE,0,Alto,0.0,3,92,0,0,0,0,0,30,Renta,Posgrado
Rechazada,Rechazado,MALO,0,15988,PROPIEDAD ACTIVO FIJO,NO_CLIENTE,0,Alto,0.0,5,92,0,0,0,0,0,30,Familiares,Posgrado
Rechazada,Rechazado,MALO,0,21632,RECIBOS DE NOMINA,NO_CLIENTE,0,Alto,0.0,4,92,0,0,0,0,0,30,Hipoteca,Preparatoria
Rechazada,Rechazado,MALO,0,20187,RECIBOS DE NOMINA,NO_CLIENTE,0,Alto,0.0,3,92,0,0,0,0,102814,30,Propia,Licenciatura
Rechazada,Rechazado,MALO,0,18803,RECIBOS DE NOMINA,NO_CLIENTE,0,Alto,0.0,3,92,0,0,0,0,0,30,Propia,Preparatoria
Rechazada,Rechazado,MALO,0,14830,RECIBOS DE NOMINA,NO_CLIENTE,0,Alto,0.0,3,92,0,0,0,0,0,30,Familiares,Posgrado
Rechazada,Rechazado,MALO,0,20657,PROPIEDAD ACTIVO FIJO,NO_CLIENTE,0,Alto,0.0,3,93,0,0,0,0,181617,30,Familiares,Licenciatura
Rechazada,Rechazado,MALO,0,18338,PROPIEDAD ACTIVO FIJO,NO_CLIENTE,0,Alto,0.0,4,93,0,0,0,0,0,30,Propia,Posgrado
Rechazada,Rechazado,MALO,0,16036,RECIBOS DE NOMINA,NO_CLIENTE,0,Alto,0.0,5,93,0,0,0,0,0,30,Propia,Licenciatura
Rechazada,Rechazado,MALO,0,21654,INVERSIONES,NO_CLIENTE,0,Alto,0.0,3,93,0,0,0,0,73842,30,Renta,Licenciatura
Rechazada,Rechazado,MALO,0,20228,PROPIEDAD ACTIVO FIJO,NO_CLIENTE,0,Alto,0.0,2,93,0,0,0,0,0,30,Hipoteca,Posgrado
Rechazada,Rechazado,MALO,0,18860,PROPIEDAD ACTIVO FIJO,NO_CLIENTE,0,Alto,0.0,5,94,0,0,0,0,0,30,Renta,Licenciatura
Rechazada,Rechazado,MALO,0,14845,PROPIEDAD ACTIVO FIJO,NO_CLIENTE,0,Alto,0.0,5,94,0,0,0,0,0,30,Renta,Licenciatura
Rechazada,Rechazado,MALO,0,20698,RECIBOS DE NOMINA,NO_CLIENTE,0,Alto,0.0,4,94,0,0,0,0,0,30,Renta,Licenciatura
Rechazada,Rechazado,MALO,0,18393,RECIBOS DE NOMINA,NO_CLIENTE,0,Alto,0.0,3,94,0,0,0,0,0,30,Familiares,Licenciatura
Rechazada,Rechazado,MALO,0,16052,PROPIEDAD ACTIVO FIJO,NO_CLIENTE,0,Alto,0.0,2,94,0,0,0,0,0,30,Hipoteca,Posgrado
Rechazada,Rechazado,MALO,0,21697,PROPIEDAD ACTIVO FIJO,NO_CLIENTE,0,Alto,0.0,3,94,0,0,0,0,0,30,Propia,Licenciatura
Rechazada,Rechazado,MALO,0,20289,CTA NOMINA DIGITAL,NO_CLIENTE,0,Alto,0.0,5,94,0,0,0,0,0,30,Renta,Posgrado
Rechazada,Rechazado,MALO,0,18878,RECIBOS DE NOMINA,NO_CLIENTE,0,Alto,0.0,3,95,0,0,0,0,29259,30,Familiares,Licenciatura
Rechazada,Rechazado,MALO,0,14874,PROPIEDAD ACTIVO FIJO,NO_CLIENTE,0,Alto,0.0,2,95,0,0,0,0,0,30,Renta,Preparatoria
Rechazada,Rechazado,MALO,0,20760,PROPIEDAD ACTIVO FIJO,NO_CLIENTE,0,Alto,0.0,2,95,0,1,41487,2490,0,30,Hipoteca,Preparatoria
Rechazada,Rechazado,MALO,0,18411,RECIBOS DE NOMINA,NO_CLIENTE,0,Alto,0.0,4,95,0,0,0,0,0,30,Hipoteca,Licenciatura
Rechazada,Rechazado,MALO,0,16085,PAGOS PROV SEMESTRALES PF,NO_CLIENTE,0,Alto,0.0,2,96,0,0,0,0,0,30,Propia,Licenciatura
Rechazada,Rechazado,MALO,0,21762,RECIBOS DE NOMINA,NO_CLIENTE,0,Alto,0.0,1,96,0,0,0,0,0,30,Hipoteca,Preparatoria
Rechazada,Rechazado,MALO,0,20309,PROPIEDAD ACTIVO FIJO,NO_CLIENTE,0,Alto,0.0,3,96,0,0,0,0,41117,30,Familiares,Licenciatura
Rechazada,Rechazado,MALO,0,18916,RECIBOS DE NOMINA,NO_CLIENTE,0,Alto,0.0,4,96,0,0,5128,0,0,30,Hipoteca,Licenciatura
Rechazada,Rechazado,MALO,0,14919,RECIBOS DE NOMINA,NO_CLIENTE,0,Alto,0.0,1,96,0,0,0,0,0,30,Renta,Posgrado
En_proceso,Rechazado,MALO,0,20781,INVERSIONES,NO_CLIENTE,7000,Alto,0.0,4,96,0,0,0,0,0,30,Familiares,Posgrado
Rechazada,Rechazado,MALO,0,18448,PROPIEDAD ACTIVO FIJO,NO_CLIENTE,0,Alto,0.0,3,97,0,0,0,0,0,30,Propia,Licenciatura
Rechazada,Rechazado,MALO,0,16133,RECIBOS DE NOMINA,NO_CLIENTE,0,Alto,0.0,3,97,0,0,0,0,0,30,Propia,Licenciatura
Rechazada,Rechazado,MALO,0,21784,PROPIEDAD ACTIVO FIJO,NO_CLIENTE,0,Alto,0.0,5,97,0,0,0,0,0,30,Renta,Licenciatura
Rechazada,Rechazado,MALO,0,20349,PROPIEDAD ACTIVO FIJO,NO_CLIENTE,0,Alto,0.0,4,98,0,0,3512,0,71190,30,Familiares,Licenciatura
Rechazada,Rechazado,MALO,0,18973,RECIBOS DE NOMINA,NO_CLIENTE,0,Alto,0.0,3,98,0,0,0,0,0,30,Renta,Secundaria
Rechazada,Rechazado,MALO,0,14934,PROPIEDAD ACTIVO FIJO,NO_CLIENTE,12700,Alto,0.0,2,98,0,1,8827,250,0,30,Hipoteca,Posgrado
Rechazada,Rechazado,MALO,0,20823,RECIBOS DE NOMINA,NO_CLIENTE,0,Alto,0.0,2,98,0,0,0,0,0,30,Renta,Licenciatura
Rechazada,Rechazado,MALO,0,18503,RECIBOS DE NOMINA,NO_CLIENTE,50000,Alto,0.0,1,99,0,0,0,0,0,30,Familiares,Posgrado
Rechazada,Rechazado,MALO,0,16149,PROPIEDAD ACTIVO FIJO,NO_CLIENTE,0,Alto,0.0,4,99,0,0,0,0,0,30,Renta,Licenciatura
Rechazada,Rechazado,MALO,0,21828,RECIBOS DE NOMINA,NO_CLIENTE,0,Alto,0.0,4,99,0,0,0,0,0,30,Hipoteca,Licenciatura
Rechazada,Rechazado,MALO,0,20410,RECIBOS DE NOMINA,NO_CLIENTE,0,Alto,0.0,2,99,0,0,0,0,0,30,Propia,Posgrado
Rechazada,Rechazado,MALO,0,18992,RECIBOS DE NOMINA,NO_CLIENTE,0,Alto,0.0,2,99,0,0,0,0,0,30,Propia,Preparatoria
Rechazada,Rechazado,MALO,0,14964,RECIBOS DE NOMINA,NO_CLIENTE,0,Alto,0.0,2,100,0,0,0,0,0,30,Propia,Posgrado
Rechazada,Rechazado,MALO,0,20885,SIN COMPROBANTE,NO_CLIENTE,0,Alto,0.0,4,100,0,0,0,0,0,30,Familiares,Posgrado
Rechazada,Rechazado,MALO,0,18522,PROPIEDAD ACTIVO FIJO,NO_CLIENTE,0,Alto,0.0,1,100,0,1,256,256,0,30,Hipoteca,Posgrado
Rechazada,Rechazado,MALO,0,16181,RECIBOS DE NOMINA,NO_CLIENTE,0,Alto,0.0,2,100,0,0,0,0,0,30,Renta,Licenciatura
Rechazada,Rechazado,MALO,0,21893,RECIBOS DE NOMINA,NO_CLIENTE,0,Alto,0.0,0,100,0,0,0,0,0,30,Familiares,Preparatoria
Rechazada,Rechazado,MALO,0,20431,PROPIEDAD ACTIVO FIJO,NO_CLIENTE,0,Alto,0.0,2,101,0,1,5789,250,140652,30,Renta,Preparatoria
Rechazada,Rechazado,MALO,0,19030,PAGOS PROV SEMESTRALES PF,NO_CLIENTE,0,Alto,0.0,3,101,0,0,0,0,0,30,Propia,Licenciatura
Rechazada,Rechazado,MALO,0,15009,RECIBOS DE NOMINA,NO_CLIENTE,0,Alto,0.0,2,101,0,0,0,0,0,30,Renta,Licenciatura
Rechazada,Rechazado,MALO,0,20906,RECIBOS DE NOMINA,NO_CLIENTE,0,Alto,0.0,1,101,0,0,0,0,0,30,Propia,Posgrado
Rechazada,Rechazado,MALO,0,18559,RECIBOS DE NOMINA,NO_CLIENTE,0,Alto,0.0,0,101,0,0,0,0,0,30,Familiares,Posgrado
Rechazada,Rechazado,MALO,0,16230,RECIBOS DE NOMINA,NO_CLIENTE,0,Alto,0.0,1,101,0,0,0,0,0,30,Propia,Licenciatura
Pendiente,Pre-Aprobado,MALO,1,21915,PROPIEDAD ACTIVO FIJO,NO_CLIENTE,0,Alto,0.0,2,120,0,0,0,0,0,30,Renta,Posgrado
Pendiente,Pre-Aprobado,MALO,1,20472,PROPIEDAD ACTIVO FIJO,NO_CLIENTE,0,Alto,0.0,0,122,0,0,0,0,0,30,Hipoteca,Licenciatura
Pendiente,Pre-Aprobado,MALO,1,19087,PROPIEDAD ACTIVO FIJO,NO_CLIENTE,0,Alto,0.0,2,124,0,0,0,0,0,30,Hipoteca,Preparatoria
Pendiente,Pre-Aprobado,MALO,1,15024,RECIBOS DE NOMINA,NO_CLIENTE,0,Alto,0.0,0,125,0,0,0,0,0,30,Hipoteca,Preparatoria
Pendiente,Pre-Aprobado,MALO,1,20948,RECIBOS DE NOMINA,NO_CLIENTE,7000,Alto,0.0,0,165,0,1,5610,30,0,30,Hipoteca,Preparatoria
Aprobada,Aprobado,REGULAR,1999,18615,PROPIEDAD ACTIVO FIJO,CLIENTE_BANCO,15000,Bajo,0.21,0,195,740,0,4058,0,0,30,Renta,Licenciatura
Aprobada,Aprobado,REGULAR,30000,16246,PROPIEDAD ACTIVO FIJO,CLIENTE_BANCO,16004,Alto,0.86,0,196,628,1,16731,1190,0,30,Familiares,Licenciatura
Aprobada,Aprobado,BUENO,15000,21959,RECIBOS DE NOMINA,CLIENTE_BANCO,0,Bajo,0.99,0,207,701,0,0,0,0,30,Propia,Licenciatura
Aprobada,Aprobado,REGULAR,31000,20533,RECIBOS DE NOMINA,NO_CLIENTE,0,Medio ,1.17,0,210,683,0,0,0,0,30,Hipoteca,Preparatoria
Aprobada,Aprobado,BUENO,49999,19106,PROPIEDAD ACTIVO FIJO,CLIENTE_BANCO,70000,Bajo,0.87,0,211,711,0,1609,0,0,30,Hipoteca,Licenciatura
Aprobada,Aprobado,BUENO,9899,15054,PROPIEDAD ACTIVO FIJO,CLIENTE_BANCO,82500,Bajo,0.74,0,211,744,0,5389,0,0,30,Renta,Licenciatura
Aprobada,Aprobado,REGULAR,44999,21011,PROPIEDAD ACTIVO FIJO,CLIENTE_BANCO,4002,Bajo,0.23,0,217,723,1,2541,250,0,30,Propia,Preparatoria
Aprobada,Aprobado,BUENO,9899,18633,RECIBOS DE NOMINA,CLIENTE_BANCO,0,Mínimo,0.57,0,217,753,0,0,0,0,30,Propia,Preparatoria
Aprobada,Aprobado,BUENO,20200,16278,RECIBOS DE NOMINA,NO_CLIENTE,0,Mínimo,0.48,0,220,772,0,0,0,0,30,Hipoteca,Licenciatura
Aprobada,Aprobado,REGULAR,9899,22025,RECIBOS DE NOMINA,CLIENTE_BANCO,7900,Alto,1.16,0,222,550,3,23435,0,0,30,Renta,Licenciatura
Aprobada,Aprobado,BUENO,33999,20554,RECIBOS DE NOMINA,NO_CLIENTE,0,Mínimo,0.51,0,226,759,0,0,0,0,30,Familiares,Posgrado
Aprobada,Aprobado,BUENO,9899,19144,PROPIEDAD ACTIVO FIJO,CLIENTE_BANCO,11800,Bajo,1.04,0,231,707,1,2969,250,0,30,Familiares,Secundaria
Aprobada,Aprobado,BUENO,34000,15099,RECIBOS DE NOMINA,CLIENTE_BANCO,35000,Bajo,0.65,0,234,740,1,3678,440,154758,30,Familiares,Licenciatura
Aprobada,Aprobado,BUENO,1999,21032,PROPIEDAD ACTIVO FIJO,CLIENTE_BANCO,0,Mínimo,0.58,0,237,762,0,0,0,1696,30,Propia,Licenciatura
Aprobada,Aprobado,BUENO,20001,18670,PROPIEDAD ACTIVO FIJO,CLIENTE_BANCO,8000,Bajo,0.76,0,239,733,1,1063,250,0,30,Hipoteca,Posgrado
Aprobada,Aprobado,BUENO,81000,16327,RECIBOS DE NOMINA,CLIENTE_BANCO,62000,Mínimo,0.42,0,239,779,0,0,0,0,30,Propia,Posgrado
Aprobada,Aprobado,REGULAR,687000,22047,PAGOS PROV SEMESTRALES PFAE,NO_CLIENTE,0,Mínimo,0.4,0,242,780,0,0,0,0,30,Familiares,Preparatoria
Aprobada,Aprobado,REGULAR,9899,20595,RECIBOS DE NOMINA,CLIENTE_BANCO,25000,Bajo,0.3,0,246,711,1,15796,320,2,30,Renta,Preparatoria
Aprobada,Aprobado,REGULAR,49999,19202,PROPIEDAD ACTIVO FIJO,CLIENTE_BANCO,69500,Bajo,0.33,0,246,750,0,1591,0,49506,30,Renta,Licenciatura
Aprobada,Aprobado,BUENO,31999,15114,RECIBOS DE NOMINA,CLIENTE_BANCO,0,Mínimo,0.43,0,246,777,0,0,0,0,30,Propia,Preparatoria
Aprobada,Aprobado,BUENO,1999,21074,RECIBOS DE NOMINA,CLIENTE_BANCO,0,Bajo,0.97,0,252,703,0,0,0,0,30,Renta,Posgrado
Aprobada,Aprobado,REGULAR,9899,18726,RECIBOS DE NOMINA,CLIENTE_BANCO,13000,Mínimo,0.15,0,257,805,0,0,0,0,30,Hipoteca,Licenciatura
Aprobada,Aprobado,BUENO,49999,16344,PROPIEDAD ACTIVO FIJO,CLIENTE_BANCO,17000,Mínimo,0.7,0,259,757,0,0,0,0,30,Propia,Licenciatura
Aprobada,Aprobado,REGULAR,49999,22091,RECIBOS DE NOMINA,NO_CLIENTE,0,Mínimo,0.26,0,261,794,0,0,0,0,30,Propia,Preparatoria
Cancelada,Rechazado,MALO,0,20657,RECIBOS DE NOMINA,NO_CLIENTE,0,Alto,0.0,4,89,0,0,151248,2460,99279,31,Hipoteca,Posgrado
Rechazada,Rechazado,MALO,0,19221,RECIBOS DE NOMINA,NO_CLIENTE,0,Alto,0.0,4,89,0,0,0,0,0,31,Propia,Preparatoria
Rechazada,Rechazado,MALO,0,15144,PROPIEDAD ACTIVO FIJO,NO_CLIENTE,0,Alto,0.0,4,89,0,0,0,0,0,31,Renta,Posgrado
Rechazada,Rechazado,MALO,0,21137,PROPIEDAD ACTIVO FIJO,NO_CLIENTE,0,Alto,0.0,5,89,0,0,0,0,0,31,Propia,Secundaria
Rechazada,Rechazado,MALO,0,18745,PROPIEDAD ACTIVO FIJO,NO_CLIENTE,8000,Alto,0.0,4,89,0,2,5412,920,0,31,Hipoteca,Posgrado
Rechazada,Rechazado,MALO,0,16376,PROPIEDAD ACTIVO FIJO,NO_CLIENTE,18700,Alto,0.0,5,89,0,0,18065,0,0,31,Hipoteca,Licenciatura
Rechazada,Rechazado,MALO,0,22157,PROPIEDAD ACTIVO FIJO,NO_CLIENTE,0,Alto,0.0,5,89,0,0,0,0,0,31,Familiares,Licenciatura
Rechazada,Rechazado,MALO,0,20677,PROPIEDAD ACTIVO FIJO,NO_CLIENTE,52500,Alto,0.0,4,89,0,0,38411,0,0,31,Renta,Preparatoria
Rechazada,Rechazado,MALO,0,19259,RECIBOS DE NOMINA,NO_CLIENTE,10000,Alto,0.0,5,89,0,0,0,0,0,31,Renta,Preparatoria
Rechazada,Rechazado,MALO,0,15190,PROPIEDAD ACTIVO FIJO,CLIENTE_BANCO,0,Alto,0.0,4,89,0,0,11336,20,0,31,Hipoteca,Posgrado
Rechazada,Rechazado,MALO,0,21158,RECIBOS DE NOMINA,NO_CLIENTE,0,Alto,0.0,2,90,0,0,0,0,0,31,Hipoteca,Posgrado
Rechazada,Rechazado,MALO,0,18783,RECIBOS DE NOMINA,NO_CLIENTE,0,Alto,0.0,3,90,0,0,0,0,0,31,Hipoteca,Preparatoria
Rechazada,Rechazado,MALO,0,16425,RECIBOS DE NOMINA,NO_CLIENTE,0,Alto,0.0,3,90,0,0,0,0,0,31,Familiares,Licenciatura
Rechazada,Rechazado,MALO,0,22179,RECIBOS DE NOMINA,NO_CLIENTE,0,Alto,0.0,1,90,0,0,0,0,0,31,Propia,Preparatoria
Rechazada,Rechazado,MALO,0,20719,RECIBOS DE NOMINA,NO_CLIENTE,0,Alto,0.0,2,90,0,0,0,0,0,31,Familiares,Posgrado
Rechazada,Rechazado,MALO,0,19317,RECIBOS DE NOMINA,NO_CLIENTE,0,Alto,0.0,4,90,0,0,0,0,0,31,Propia,Licenciatura
Rechazada,Rechazado,MALO,0,15205,RECIBOS DE NOMINA,NO_CLIENTE,10000,Alto,0.0,3,90,0,1,5346,460,0,31,Renta,Licenciatura
Rechazada,Rechazado,MALO,0,21200,RECIBOS DE NOMINA,NO_CLIENTE,0,Alto,0.0,4,90,0,0,0,0,0,31,Hipoteca,Licenciatura
Rechazada,Rechazado,MALO,0,18839,PAGOS PROV SEMESTRALES PF,NO_CLIENTE,0,Alto,0.0,2,91,0,0,0,0,0,31,Hipoteca,Posgrado
Rechazada,Rechazado,MALO,0,16442,PROPIEDAD ACTIVO FIJO,NO_CLIENTE,0,Alto,0.0,3,91,0,1,857,348,0,31,Propia,Licenciatura
Rechazada,Rechazado,MALO,0,22224,RECIBOS DE NOMINA,NO_CLIENTE,0,Alto,0.0,1,91,0,0,0,0,0,31,Renta,Licenciatura
Rechazada,Rechazado,MALO,0,20781,PROPIEDAD ACTIVO FIJO,NO_CLIENTE,0,Alto,0.0,3,91,0,0,14326,0,136383,31,Familiares,Posgrado
Rechazada,Rechazado,MALO,0,19337,RECIBOS DE NOMINA,NO_CLIENTE,0,Alto,0.0,3,91,0,0,0,0,0,31,Renta,Licenciatura
Rechazada,Rechazado,MALO,0,15235,RECIBOS DE NOMINA,NO_CLIENTE,0,Alto,0.0,3,91,0,0,0,0,0,31,Familiares,Preparatoria
Rechazada,Rechazado,MALO,0,21264,PROPIEDAD ACTIVO FIJO,NO_CLIENTE,0,Alto,0.0,3,91,0,0,0,0,46788,31,Renta,Preparatoria
Rechazada,Rechazado,MALO,0,18858,RECIBOS DE NOMINA,NO_CLIENTE,3000,Alto,0.0,5,91,0,1,2336,250,0,31,Renta,Preparatoria
Rechazada,Rechazado,MALO,0,16475,PROPIEDAD ACTIVO FIJO,NO_CLIENTE,0,Alto,0.0,4,92,0,2,1874,500,0,31,Propia,Posgrado
Rechazada,Rechazado,MALO,0,22290,RECIBOS DE NOMINA,NO_CLIENTE,0,Alto,0.0,2,92,0,0,0,0,0,31,Familiares,Licenciatura
Rechazada,Rechazado,MALO,0,20802,PROPIEDAD ACTIVO FIJO,NO_CLIENTE,6000,Alto,0.0,1,92,0,7,21120,8130,0,31,Familiares,Preparatoria
Rechazada,Rechazado,MALO,0,19375,RECIBOS DE NOMINA,NO_CLIENTE,0,Alto,0.0,3,92,0,0,0,0,0,31,Hipoteca,Posgrado
Rechazada,Rechazado,MALO,0,15281,PROPIEDAD ACTIVO FIJO,NO_CLIENTE,0,Alto,0.0,3,93,0,1,6052,400,0,31,Familiares,Preparatoria
Rechazada,Rechazado,MALO,0,21285,RECIBOS DE NOMINA,NO_CLIENTE,0,Alto,0.0,4,93,0,0,0,0,0,31,Propia,Posgrado
Rechazada,Rechazado,MALO,0,18896,RECIBOS DE NOMINA,NO_CLIENTE,0,Alto,0.0,4,93,0,0,0,0,0,31,Renta,Licenciatura
Rechazada,Rechazado,MALO,0,16524,PROPIEDAD ACTIVO FIJO,NO_CLIENTE,50000,Alto,0.0,3,93,0,1,49706,1570,0,31,Familiares,Posgrado
Rechazada,Rechazado,MALO,0,22313,RECIBOS DE NOMINA,NO_CLIENTE,0,Alto,0.0,1,93,0,0,0,0,0,31,Propia,Posgrado
Rechazada,Rechazado,MALO,0,20843,RECIBOS DE NOMINA,NO_CLIENTE,0,Alto,0.0,3,94,0,0,0,0,0,31,Familiares,Licenciatura
Rechazada,Rechazado,MALO,0,19433,RECIBOS DE NOMINA,NO_CLIENTE,0,Alto,0.0,2,94,0,0,0,0,2412,31,Propia,Preparatoria
Rechazada,Rechazado,MALO,0,15296,PROPIEDAD ACTIVO FIJO,NO_CLIENTE,0,Alto,0.0,4,94,0,0,0,0,0,31,Renta,Preparatoria
Cancelada,Rechazado,MALO,0,21328,RECIBOS DE NOMINA,NO_CLIENTE,0,Alto,0.0,5,95,0,1,51434,620,33860,31,Renta,Preparatoria
Rechazada,Rechazado,MALO,0,18952,PROPIEDAD ACTIVO FIJO,NO_CLIENTE,0,Alto,0.0,4,95,0,0,3355,0,0,31,Propia,Posgrado
Rechazada,Rechazado,MALO,0,16541,RECIBOS DE NOMINA,NO_CLIENTE,0,Alto,0.0,3,95,0,0,0,0,0,31,Familiares,Posgrado
Rechazada,Rechazado,MALO,0,22357,PROPIEDAD ACTIVO FIJO,NO_CLIENTE,0,Alto,0.0,2,95,0,1,1562,250,0,31,Propia,Preparatoria
Rechazada,Rechazado,MALO,0,20906,RECIBOS DE NOMINA,NO_CLIENTE,0,Alto,0.0,2,95,0,0,0,0,0,31,Renta,Licenciatura
Rechazada,Rechazado,MALO,0,19453,RECIBOS DE NOMINA,NO_CLIENTE,0,Alto,0.0,2,95,0,0,0,0,0,31,Familiares,Preparatoria
Rechazada,Rechazado,MALO,0,15327,RECIBOS DE NOMINA,NO_CLIENTE,0,Alto,0.0,4,95,0,0,0,0,0,31,Propia,Preparatoria
Rechazada,Rechazado,MALO,0,21392,PROPIEDAD ACTIVO FIJO,NO_CLIENTE,0,Alto,0.0,2,96,0,0,520,0,0,31,Familiares,Licenciatura
Rechazada,Rechazado,MALO,0,18971,PROPIEDAD ACTIVO FIJO,NO_CLIENTE,0,Alto,0.0,2,96,0,0,0,0,0,31,Familiares,Secundaria
Rechazada,Rechazado,MALO,0,16574,PROPIEDAD ACTIVO FIJO,NO_CLIENTE,0,Alto,0.0,4,96,0,1,6129,390,20993,31,Renta,Preparatoria
Rechazada,Rechazado,MALO,0,22424,RECIBOS DE NOMINA,NO_CLIENTE,9800,Alto,0.0,2,96,0,1,6205,250,0,31,Propia,Preparatoria
Rechazada,Rechazado,MALO,0,20927,RECIBOS DE NOMINA,NO_CLIENTE,0,Alto,0.0,3,97,0,0,0,0,0,31,Familiares,Preparatoria
Rechazada,Rechazado,MALO,0,19492,PROPIEDAD ACTIVO FIJO,NO_CLIENTE,0,Alto,0.0,4,97,0,1,4512,410,0,31,Familiares,Posgrado
Rechazada,Rechazado,MALO,0,15373,PROPIEDAD ACTIVO FIJO,NO_CLIENTE,0,Alto,0.0,3,97,0,0,0,0,0,31,Propia,Preparatoria
Rechazada,Rechazado,MALO,0,21413,RECIBOS DE NOMINA,NO_CLIENTE,13000,Alto,0.0,2,97,0,0,1307,0,0,31,Hipoteca,Licenciatura
Rechazada,Rechazado,MALO,0,19009,RECIBOS DE NOMINA,NO_CLIENTE,0,Alto,0.0,3,97,0,0,0,0,0,31,Propia,Licenciatura
Rechazada,Rechazado,MALO,0,16624,RECIBOS DE NOMINA,NO_CLIENTE,0,Alto,0.0,3,98,0,0,0,0,28314,31,Renta,Posgrado
Rechazada,Rechazado,MALO,0,22447,RECIBOS DE NOMINA,NO_CLIENTE,0,Alto,0.0,3,98,0,0,0,0,0,31,Hipoteca,Licenciatura
Rechazada,Rechazado,MALO,0,20968,RECIBOS DE NOMINA,NO_CLIENTE,0,Alto,0.0,2,99,0,0,0,0,0,31,Familiares,Licenciatura
Rechazada,Rechazado,MALO,0,19550,RECIBOS DE NOMINA,NO_CLIENTE,0,Alto,0.0,5,99,0,0,0,0,0,31,Renta,Posgrado
Rechazada,Rechazado,MALO,0,15388,RECIBOS DE NOMINA,NO_CLIENTE,0,Alto,0.0,5,99,0,0,0,0,73516,31,Hipoteca,Posgrado
Rechazada,Rechazado,MALO,0,21456,PROPIEDAD ACTIVO FIJO,NO_CLIENTE,0,Alto,0.0,2,100,0,0,0,0,0,31,Propia,Posgrado
Rechazada,Rechazado,MALO,0,19066,RECIBOS DE NOMINA,NO_CLIENTE,0,Alto,0.0,3,100,0,0,0,0,0,31,Renta,Preparatoria
Rechazada,Rechazado,MALO,0,16640,RECIBOS DE NOMINA,NO_CLIENTE,0,Alto,0.0,1,101,0,0,0,0,0,31,Hipoteca,Posgrado
Rechazada,Rechazado,MALO,0,22492,RECIBOS DE NOMINA,NO_CLIENTE,0,Alto,0.0,4,101,0,0,0,0,0,31,Hipoteca,Licenciatura
Rechazada,Rechazado,MALO,0,21031,RECIBOS DE NOMINA,NO_CLIENTE,0,Alto,0.0,2,101,0,1,3840,630,0,31,Propia,Posgrado
Rechazada,Rechazado,MALO,0,19570,PROPIEDAD ACTIVO FIJO,NO_CLIENTE,0,Alto,0.0,3,101,0,0,0,0,0,31,Hipoteca,Posgrado
Rechazada,Rechazado,MALO,0,15419,CTA NOMINA DIGITAL,NO_CLIENTE,0,Alto,0.0,0,101,0,0,0,0,0,31,Propia,Posgrado
Pendiente,Pre-Aprobado,MALO,1,21520,PROPIEDAD ACTIVO FIJO,NO_CLIENTE,0,Alto,0.0,3,124,0,0,0,0,0,31,Propia,Licenciatura
Pendiente,Pre-Aprobado,MALO,1,19085,RECIBOS DE NOMINA,NO_CLIENTE,0,Alto,0.0,0,125,0,0,0,0,0,31,Propia,Posgrado
Pendiente,Pre-Aprobado,MALO,1,16673,RECIBOS DE NOMINA,NO_CLIENTE,0,Alto,0.0,2,130,0,0,0,0,0,31,Hipoteca,Preparatoria
Pendiente,Pre-Aprobado,MALO,1,22559,RECIBOS DE NOMINA,NO_CLIENTE,0,Alto,0.0,0,134,0,0,0,0,0,31,Propia,Posgrado
Pendiente,Pre-Aprobado,MALO,1,21052,RECIBOS DE NOMINA,NO_CLIENTE,0,Alto,0.0,3,143,0,0,0,0,0,31,Propia,Licenciatura
Aprobada,Aprobado,REGULAR,3500,19609,PAGOS PROV SEMESTRALES PF,CLIENTE_BANCO,0,Mínimo,0.4,0,170,770,0,0,0,0,31,Propia,Licenciatura
Aprobada,Aprobado,REGULAR,8300,15465,RECIBOS DE NOMINA,NO_CLIENTE,0,Mínimo,0.32,0,177,778,0,0,0,0,31,Hipoteca,Licenciatura
Aprobada,Aprobado,BUENO,10099,21542,PROPIEDAD ACTIVO FIJO,CLIENTE_BANCO,0,Bajo,1.02,0,198,718,0,0,0,55120,31,Hipoteca,Licenciatura
Aprobada,Aprobado,REGULAR,9899,19123,PAGOS PROV SEMESTRALES PF,CLIENTE_BANCO,77500,Medio ,1.01,0,204,695,0,68455,0,0,31,Familiares,Licenciatura
Aprobada,Aprobado,REGULAR,9899,16723,RECIBOS DE NOMINA,CLIENTE_BANCO,9100,Bajo,0.17,0,208,723,1,2614,250,0,31,Familiares,Licenciatura
Aprobada,Aprobado,REGULAR,1999,22582,PROPIEDAD ACTIVO FIJO,CLIENTE_BANCO,8304,Medio ,1.04,0,210,692,1,6198,360,0,31,Propia,Preparatoria
Aprobada,Aprobado,BUENO,2999,21094,RECIBOS DE NOMINA,CLIENTE_BANCO,0,Bajo,0.95,0,211,705,0,0,0,0,31,Hipoteca,Licenciatura
Aprobada,Aprobado,BUENO,41999,19668,PROPIEDAD ACTIVO FIJO,NO_CLIENTE,0,Bajo,0.75,0,212,735,0,0,0,0,31,Hipoteca,Posgrado
Aprobada,Aprobado,BUENO,9999,15481,PROPIEDAD ACTIVO FIJO,NO_CLIENTE,0,Bajo,0.84,0,213,716,0,0,0,0,31,Familiares,Preparatoria
Aprobada,Aprobado,BUENO,9899,21585,RECIBOS DE NOMINA,CLIENTE_BANCO,0,Bajo,0.96,0,214,724,0,0,0,0,31,Renta,Posgrado
Aprobada,Aprobado,BUENO,54000,19181,RECIBOS DE NOMINA,CLIENTE_BANCO,5004,Bajo,0.45,0,217,723,1,790,250,0,31,Propia,Posgrado
Aprobada,Aprobado,BUENO,47000,16740,RECIBOS DE NOMINA,NO_CLIENTE,0,Bajo,1.03,0,218,717,0,0,0,0,31,Propia,Preparatoria
Aprobada,Aprobado,BUENO,8500,22627,PROPIEDAD ACTIVO FIJO,NO_CLIENTE,0,Bajo,0.69,0,218,741,0,0,0,0,31,Familiares,Preparatoria
Aprobada,Aprobado,REGULAR,8200,21158,RECIBOS DE NOMINA,CLIENTE_BANCO,12000,Medio ,1.14,0,220,660,0,0,0,0,31,Hipoteca,Posgrado
Aprobada,Aprobado,REGULAR,14600,19687,RECIBOS DE NOMINA,NO_CLIENTE,0,Medio ,1.13,0,221,687,0,0,0,0,31,Renta,Licenciatura
Aprobada,Aprobado,REGULAR,125000,15512,RECIBOS DE NOMINA,CLIENTE_BANCO,13500,Bajo,0.36,0,227,723,1,1100,192,0,31,Propia,Preparatoria
Aprobada,Aprobado,BUENO,3900,21650,RECIBOS DE NOMINA,NO_CLIENTE,0,Mínimo,0.57,0,227,763,0,0,0,2313,31,Familiares,Posgrado
Aprobada,Aprobado,BUENO,2999,19200,RECIBOS DE NOMINA,CLIENTE_BANCO,11700,Bajo,1.05,0,228,740,1,10795,410,0,31,Propia,Posgrado
Aprobada,Aprobado,BUENO,1999,16774,PROPIEDAD ACTIVO FIJO,CLIENTE_BANCO,0,Bajo,0.54,0,228,746,0,0,0,18751,31,Familiares,Licenciatura
Aprobada,Aprobado,REGULAR,45999,22695,PROPIEDAD ACTIVO FIJO,NO_CLIENTE,0,Medio ,1.01,0,229,699,0,0,0,0,31,Familiares,Licenciatura
Aprobada,Aprobado,BUENO,9899,21179,PROPIEDAD ACTIVO FIJO,CLIENTE_BANCO,28000,Bajo,0.75,0,230,723,1,9909,580,0,31,Hipoteca,Posgrado
Aprobada,Aprobado,REGULAR,51000,19727,RECIBOS DE NOMINA,NO_CLIENTE,0,Mínimo,0.28,0,230,782,0,0,0,0,31,Renta,Licenciatura
Aprobada,Aprobado,REGULAR,49999,15558,PROPIEDAD ACTIVO FIJO,CLIENTE_BANCO,66000,Bajo,0.35,0,235,714,1,7086,830,0,31,Propia,Licenciatura
Aprobada,Aprobado,BUENO,9899,21671,PROPIEDAD ACTIVO FIJO,CLIENTE_BANCO,0,Bajo,0.68,0,237,742,0,0,0,402292,31,Hipoteca,Preparatoria
Aprobada,Aprobado,BUENO,49999,19238,PROPIEDAD ACTIVO FIJO,CLIENTE_BANCO,50000,Bajo,1.14,0,239,720,1,6008,630,0,31,Renta,Posgrado
Aprobada,Aprobado,BUENO,44999,16824,PROPIEDAD ACTIVO FIJO,CLIENTE_BANCO,10000,Mínimo,1.12,0,242,762,0,0,0,7605,31,Familiares,Licenciatura
Aprobada,Aprobado,BUENO,45999,22717,RECIBOS DE NOMINA,CLIENTE_BANCO,33500,Bajo,0.96,0,244,737,1,7267,420,0,31,Propia,Licenciatura
Aprobada,Aprobado,BUENO,9999,21221,PROPIEDAD ACTIVO FIJO,CLIENTE_BANCO,0,Mínimo,0.57,0,246,753,0,0,0,0,31,Renta,Preparatoria
Aprobada,Aprobado,BUENO,68000,19786,RECIBOS DE NOMINA,CLIENTE_BANCO,5000,Bajo,0.95,0,248,740,0,2213,0,0,31,Propia,Preparatoria
Aprobada,Aprobado,REGULAR,56000,15574,RECIBOS DE NOMINA,CLIENTE_BANCO,61000,Mínimo,0.17,0,253,753,0,0,0,0,31,Familiares,Licenciatura
Aprobada,Aprobado,BUENO,39999,21715,PROPIEDAD ACTIVO FIJO,CLIENTE_BANCO,28000,Mínimo,1.0,0,253,754,0,2710,0,15878,31,Hipoteca,Preparatoria
Aprobada,Aprobado,BUENO,28000,19296,PROPIEDAD ACTIVO FIJO,CLIENTE_BANCO,0,Bajo,0.85,0,254,740,1,11366,1577,37342,31,Hipoteca,Posgrado
Aprobada,Aprobado,REGULAR,49999,16841,PROPIEDAD ACTIVO FIJO,CLIENTE_BANCO,0,Mínimo,0.32,0,265,788,0,0,0,0,31,Renta,Posgrado
Aprobada,Aprobado,REGULAR,1999,22763,RECIBOS DE NOMINA,CLIENTE_BANCO,0,Mínimo,0.39,0,276,771,0,0,0,0,31,Renta,Preparatoria
Rechazada,Rechazado,MALO,0,21285,PROPIEDAD ACTIVO FIJO,NO_CLIENTE,0,Alto,0.0,5,89,0,0,0,0,0,32,Renta,Licenciatura
Rechazada,Rechazado,MALO,0,19806,PROPIEDAD ACTIVO FIJO,NO_CLIENTE,0,Alto,0.0,5,89,0,0,0,0,0,32,Propia,Posgrado
Rechazada,Rechazado,MALO,0,15605,RECIBOS DE NOMINA,NO_CLIENTE,0,Alto,0.0,5,89,0,0,0,0,0,32,Familiares,Preparatoria
Rechazada,Rechazado,MALO,0,21780,RECIBOS DE NOMINA,NO_CLIENTE,0,Alto,0.0,5,89,0,0,0,0,0,32,Propia,Preparatoria
Rechazada,Rechazado,MALO,0,19315,RECIBOS DE NOMINA,NO_CLIENTE,0,Alto,0.0,4,90,0,0,0,0,11858,32,Renta,Preparatoria
Rechazada,Rechazado,MALO,0,16874,RECIBOS DE NOMINA,NO_CLIENTE,0,Alto,0.0,4,90,0,2,5459,800,0,32,Propia,Preparatoria
Rechazada,Rechazado,MALO,0,22831,RECIBOS DE NOMINA,NO_CLIENTE,0,Alto,0.0,3,90,0,0,0,0,0,32,Renta,Preparatoria
Rechazada,Rechazado,MALO,0,21306,RECIBOS DE NOMINA,NO_CLIENTE,0,Alto,0.0,2,90,0,0,0,0,0,32,Familiares,Preparatoria
Rechazada,Rechazado,MALO,0,19845,RECIBOS DE NOMINA,NO_CLIENTE,0,Alto,0.0,2,90,0,0,0,0,0,32,Hipoteca,Posgrado
Rechazada,Rechazado,MALO,0,15652,RECIBOS DE NOMINA,NO_CLIENTE,0,Alto,0.0,2,91,0,0,0,0,0,32,Renta,Licenciatura
Rechazada,Rechazado,MALO,0,21802,RECIBOS DE NOMINA,NO_CLIENTE,0,Alto,0.0,2,91,0,0,0,0,0,32,Hipoteca,Licenciatura
Rechazada,Rechazado,MALO,0,19354,PROPIEDAD ACTIVO FIJO,NO_CLIENTE,73500,Alto,0.0,3,91,0,1,9638,920,0,32,Propia,Posgrado
Rechazada,Rechazado,MALO,0,16925,RECIBOS DE NOMINA,NO_CLIENTE,0,Alto,0.0,4,91,0,0,0,0,0,32,Renta,Licenciatura
Rechazada,Rechazado,MALO,0,22854,PROPIEDAD ACTIVO FIJO,NO_CLIENTE,5000,Alto,0.0,4,91,0,0,1743,0,0,32,Propia,Licenciatura
Rechazada,Rechazado,MALO,0,21349,RECIBOS DE NOMINA,NO_CLIENTE,0,Alto,0.0,2,92,0,0,0,0,0,32,Hipoteca,Licenciatura
Rechazada,Rechazado,MALO,0,19905,RECIBOS DE NOMINA,NO_CLIENTE,0,Alto,0.0,3,92,0,0,9244,0,0,32,Propia,Posgrado
Rechazada,Rechazado,MALO,0,15667,PROPIEDAD ACTIVO FIJO,NO_CLIENTE,8500,Alto,0.0,2,92,0,1,8537,530,5253,32,Hipoteca,Licenciatura
Rechazada,Rechazado,MALO,0,21845,PROPIEDAD ACTIVO FIJO,NO_CLIENTE,45300,Alto,0.0,1,92,0,0,41224,0,122217,32,Familiares,Licenciatura
Rechazada,Rechazado,MALO,0,19412,PROPIEDAD ACTIVO FIJO,NO_CLIENTE,0,Alto,0.0,3,93,0,0,0,0,0,32,Hipoteca,Preparatoria
Rechazada,Rechazado,MALO,0,16942,PROPIEDAD ACTIVO FIJO,NO_CLIENTE,0,Alto,0.0,5,93,0,1,5295,360,2,32,Renta,Licenciatura
Rechazada,Rechazado,MALO,0,22900,RECIBOS DE NOMINA,NO_CLIENTE,0,Alto,0.0,5,93,0,0,0,0,0,32,Familiares,Preparatoria
Rechazada,Rechazado,MALO,0,21413,RECIBOS DE NOMINA,NO_CLIENTE,0,Alto,0.0,3,93,0,0,0,0,0,32,Propia,Preparatoria
Rechazada,Rechazado,MALO,0,19925,INVERSIONES,NO_CLIENTE,0,Alto,0.0,5,93,0,0,0,0,0,32,Hipoteca,Preparatoria
Rechazada,Rechazado,MALO,0,15699,RECIBOS DE NOMINA,NO_CLIENTE,0,Alto,0.0,5,94,0,0,0,0,0,32,Renta,Licenciatura
Rechazada,Rechazado,MALO,0,21911,RECIBOS DE NOMINA,NO_CLIENTE,0,Alto,0.0,5,94,0,0,0,0,0,32,Familiares,Licenciatura
Rechazada,Rechazado,MALO,0,19431,PROPIEDAD ACTIVO FIJO,NO_CLIENTE,0,Alto,0.0,5,94,0,1,26251,1420,67952,32,Renta,Licenciatura
Rechazada,Rechazado,MALO,0,16976,PROPIEDAD ACTIVO FIJO,NO_CLIENTE,0,Alto,0.0,3,94,0,1,13003,1000,44988,32,Renta,Licenciatura
Rechazada,Rechazado,MALO,0,22968,PROPIEDAD ACTIVO FIJO,NO_CLIENTE,0,Alto,0.0,4,94,0,0,0,0,21476,32,Propia,Preparatoria
Rechazada,Rechazado,MALO,0,21434,RECIBOS DE NOMINA,NO_CLIENTE,0,Alto,0.0,1,94,0,0,0,0,0,32,Familiares,Posgrado
Rechazada,Rechazado,MALO,0,19965,RECIBOS DE NOMINA,NO_CLIENTE,0,Alto,0.0,2,94,0,0,0,0,0,32,Renta,Preparatoria
Rechazada,Rechazado,MALO,0,15746,PROPIEDAD ACTIVO FIJO,NO_CLIENTE,167700,Alto,0.0,2,94,0,1,91723,1930,107631,32,Propia,Posgrado
Rechazada,Rechazado,MALO,0,21933,RECIBOS DE NOMINA,NO_CLIENTE,0,Alto,0.0,5,94,0,0,0,0,0,32,Familiares,Licenciatura
Rechazada,Rechazado,MALO,0,19470,PROPIEDAD ACTIVO FIJO,NO_CLIENTE,0,Alto,0.0,2,95,0,0,0,0,0,32,Renta,Posgrado
Rechazada,Rechazado,MALO,0,17027,PROPIEDAD ACTIVO FIJO,NO_CLIENTE,0,Alto,0.0,3,95,0,0,0,0,0,32,Renta,Posgrado
Rechazada,Rechazado,MALO,0,22991,RECIBOS DE NOMINA,NO_CLIENTE,0,Alto,0.0,3,95,0,0,0,0,0,32,Propia,Preparatoria
Rechazada,Rechazado,MALO,0,21477,RECIBOS DE NOMINA,NO_CLIENTE,0,Alto,0.0,4,95,0,0,0,0,0,32,Familiares,Posgrado
Rechazada,Rechazado,MALO,0,20024,RECIBOS DE NOMINA,NO_CLIENTE,0,Alto,0.0,5,95,0,0,0,0,0,32,Propia,Preparatoria
Rechazada,Rechazado,MALO,0,15761,PROPIEDAD ACTIVO FIJO,NO_CLIENTE,0,Alto,0.0,4,95,0,0,0,0,0,32,Renta,Licenciatura
Rechazada,Rechazado,MALO,0,21977,PROPIEDAD ACTIVO FIJO,NO_CLIENTE,0,Alto,0.0,2,95,0,0,0,0,18042,32,Propia,Licenciatura
Rechazada,Rechazado,MALO,0,19529,RECIBOS DE NOMINA,NO_CLIENTE,0,Alto,0.0,3,96,0,0,0,0,0,32,Propia,Licenciatura
Rechazada,Rechazado,MALO,0,17044,PROPIEDAD ACTIVO FIJO,NO_CLIENTE,0,Alto,0.0,3,96,0,0,0,0,11944,32,Renta,Posgrado
Rechazada,Rechazado,MALO,0,23037,RECIBOS DE NOMINA,NO_CLIENTE,0,Alto,0.0,2,96,0,0,0,0,0,32,Propia,Preparatoria
Rechazada,Rechazado,MALO,0,21542,RECIBOS DE NOMINA,NO_CLIENTE,0,Alto,0.0,4,96,0,0,0,0,0,32,Propia,Posgrado
Rechazada,Rechazado,MALO,0,20044,RECIBOS DE NOMINA,NO_CLIENTE,0,Alto,0.0,4,96,0,0,0,0,10899,32,Propia,Licenciatura
Rechazada,Rechazado,MALO,0,15793,PROPIEDAD ACTIVO FIJO,CLIENTE_BANCO,0,Alto,0.0,4,96,0,0,0,0,0,32,Familiares,Licenciatura
Rechazada,Rechazado,MALO,0,22042,PROPIEDAD ACTIVO FIJO,NO_CLIENTE,0,Alto,0.0,2,97,0,0,0,0,0,32,Propia,Posgrado
Rechazada,Rechazado,MALO,0,19548,RECIBOS DE NOMINA,NO_CLIENTE,0,Alto,0.0,2,97,0,0,0,0,0,32,Propia,Preparatoria
Rechazada,Rechazado,MALO,0,17078,PROPIEDAD ACTIVO FIJO,NO_CLIENTE,0,Alto,0.0,3,97,0,0,0,0,0,32,Hipoteca,Licenciatura
Rechazada,Rechazado,MALO,0,23106,RECIBOS DE NOMINA,NO_CLIENTE,0,Alto,0.0,3,97,0,8,3451,3451,0,32,Familiares,Preparatoria
Rechazada,Rechazado,MALO,0,21563,PROPIEDAD ACTIVO FIJO,NO_CLIENTE,0,Alto,0.0,3,97,0,0,0,0,0,32,Renta,Preparatoria
Rechazada,Rechazado,MALO,0,20085,INVERSIONES,NO_CLIENTE,0,Alto,0.0,4,97,0,0,0,0,0,32,Renta,Preparatoria
Rechazada,Rechazado,MALO,0,15840,PROPIEDAD ACTIVO FIJO,NO_CLIENTE,0,Alto,0.0,5,97,0,0,0,0,0,32,Propia,Posgrado
Rechazada,Rechazado,MALO,0,22064,PROPIEDAD ACTIVO FIJO,NO_CLIENTE,0,Alto,0.0,5,98,0,0,0,0,0,32,Hipoteca,Secundaria
Rechazada,Rechazado,MALO,0,19587,PROPIEDAD ACTIVO FIJO,NO_CLIENTE,0,Alto,0.0,3,98,0,1,8121,560,1,32,Propia,Licenciatura
En_proceso,Rechazado,MALO,0,17129,RECIBOS DE NOMINA,NO_CLIENTE,44000,Alto,0.0,3,98,0,0,31353,0,0,32,Familiares,Licenciatura
Rechazada,Rechazado,MALO,0,23129,RECIBOS DE NOMINA,NO_CLIENTE,0,Alto,0.0,2,98,0,0,0,0,0,32,Propia,Preparatoria
Rechazada,Rechazado,MALO,0,21606,RECIBOS DE NOMINA,NO_CLIENTE,0,Alto,0.0,3,98,0,0,0,0,58215,32,Familiares,Licenciatura
Rechazada,Rechazado,MALO,0,20145,PROPIEDAD ACTIVO FIJO,NO_CLIENTE,0,Alto,0.0,4,98,0,0,0,0,0,32,Hipoteca,Licenciatura
Rechazada,Rechazado,MALO,0,15856,RECIBOS DE NOMINA,NO_CLIENTE,0,Alto,0.0,5,98,0,0,0,0,0,32,Hipoteca,Licenciatura
En_proceso,Rechazado,MALO,0,22109,INVERSIONES,NO_CLIENTE,0,Alto,0.0,5,98,0,0,0,0,0,32,Renta,Secundaria
Rechazada,Rechazado,MALO,0,19646,PROPIEDAD ACTIVO FIJO,NO_CLIENTE,0,Alto,0.0,4,99,0,0,0,0,0,32,Hipoteca,Licenciatura
Rechazada,Rechazado,MALO,0,17146,PROPIEDAD ACTIVO FIJO,NO_CLIENTE,0,Alto,0.0,4,99,0,0,3724,0,0,32,Familiares,Licenciatura
Rechazada,Rechazado,MALO,0,23176,PROPIEDAD ACTIVO FIJO,NO_CLIENTE,0,Alto,0.0,5,99,0,4,1606,1380,0,32,Propia,Posgrado
Rechazada,Rechazado,MALO,0,21671,RECIBOS DE NOMINA,NO_CLIENTE,0,Alto,0.0,5,99,0,0,0,0,0,32,Hipoteca,Preparatoria
Rechazada,Rechazado,MALO,0,20165,RECIBOS DE NOMINA,NO_CLIENTE,0,Alto,0.0,2,99,0,0,0,0,0,32,Hipoteca,Posgrado
Rechazada,Rechazado,MALO,0,15888,RECIBOS DE NOMINA,NO_CLIENTE,0,Alto,0.0,2,99,0,0,0,0,0,32,Familiares,Preparatoria
Rechazada,Rechazado,MALO,0,22175,RECIBOS DE NOMINA,NO_CLIENTE,0,Alto,0.0,2,99,0,0,0,0,0,32,Hipoteca,Preparatoria
Rechazada,Rechazado,MALO,0,19666,PROPIEDAD ACTIVO FIJO,NO_CLIENTE,0,Alto,0.0,4,99,0,0,0,0,0,32,Familiares,Posgrado
Rechazada,Rechazado,MALO,0,17181,RECIBOS DE NOMINA,NO_CLIENTE,0,Alto,0.0,4,99,0,0,0,0,0,32,Propia,Licenciatura
Rechazada,Rechazado,MALO,0,23245,RECIBOS DE NOMINA,NO_CLIENTE,0,Alto,0.0,3,99,0,0,0,0,0,32,Propia,Posgrado
Rechazada,Rechazado,MALO,0,21693,RECIBOS DE NOMINA,NO_CLIENTE,0,Alto,0.0,3,100,0,0,0,0,0,32,Propia,Licenciatura
Rechazada,Rechazado,MALO,0,20205,RECIBOS DE NOMINA,NO_CLIENTE,0,Alto,0.0,1,100,0,0,0,0,0,32,Hipoteca,Licenciatura
Rechazada,Rechazado,MALO,0,15936,RECIBOS DE NOMINA,NO_CLIENTE,0,Alto,0.0,3,100,0,0,35482,0,4592,32,Hipoteca,Licenciatura
Rechazada,Rechazado,MALO,0,22197,RECIBOS DE NOMINA,NO_CLIENTE,0,Alto,0.0,4,100,0,0,0,0,0,32,Propia,Posgrado
Rechazada,Rechazado,MALO,0,19705,PROPIEDAD ACTIVO FIJO,NO_CLIENTE,0,Alto,0.0,0,100,0,0,0,0,0,32,Renta,Preparatoria
Rechazada,Rechazado,MALO,0,17232,PROPIEDAD ACTIVO FIJO,NO_CLIENTE,0,Alto,0.0,3,100,0,0,0,0,0,32,Familiares,Posgrado
Rechazada,Rechazado,MALO,0,23268,PROPIEDAD ACTIVO FIJO,NO_CLIENTE,0,Alto,0.0,2,101,0,1,18089,1130,18411,32,Propia,Licenciatura
Rechazada,Rechazado,MALO,0,21736,RECIBOS DE NOMINA,NO_CLIENTE,0,Alto,0.0,1,101,0,0,0,0,0,32,Renta,Posgrado
Rechazada,Rechazado,MALO,0,20266,RECIBOS DE NOMINA,NO_CLIENTE,0,Alto,0.0,3,101,0,0,0,0,0,32,Propia,Licenciatura
Rechazada,Rechazado,MALO,0,15952,RECIBOS DE NOMINA,NO_CLIENTE,0,Alto,0.0,0,101,0,0,0,0,0,32,Propia,Posgrado
Rechazada,Rechazado,MALO,0,22242,RECIBOS DE NOMINA,NO_CLIENTE,5000,Alto,0.0,1,101,0,1,3009,290,0,32,Hipoteca,Posgrado
Rechazada,Rechazado,MALO,0,19764,RECIBOS DE NOMINA,NO_CLIENTE,0,Alto,0.0,1,101,0,0,0,0,0,32,Familiares,Posgrado
Rechazada,Rechazado,MALO,0,17249,PROPIEDAD ACTIVO FIJO,NO_CLIENTE,0,Alto,0.0,3,101,0,0,0,0,46832,32,Hipoteca,Posgrado
Pendiente,Pre-Aprobado,MALO,1,23315,PROPIEDAD ACTIVO FIJO,NO_CLIENTE,7000,Alto,0.0,1,120,0,1,2507,250,0,32,Propia,Posgrado
Pendiente,Pre-Aprobado,MALO,1,21801,RECIBOS DE NOMINA,NO_CLIENTE,0,Alto,0.0,3,120,0,0,0,0,0,32,Renta,Preparatoria
Pendiente,Pre-Aprobado,MALO,1,20286,PROPIEDAD ACTIVO FIJO,NO_CLIENTE,0,Alto,0.0,1,120,0,0,0,0,0,32,Renta,Licenciatura
Pendiente,Pre-Aprobado,MALO,1,15983,RECIBOS DE NOMINA,NO_CLIENTE,0,Alto,0.0,0,125,0,0,0,0,0,32,Familiares,Licenciatura
Pendiente,Pre-Aprobado,MALO,1,22308,RECIBOS DE NOMINA,NO_CLIENTE,0,Alto,0.0,0,134,0,0,0,0,0,32,Hipoteca,Posgrado
Pendiente,Pre-Aprobado,MALO,1,19784,RECIBOS DE NOMINA,NO_CLIENTE,0,Alto,0.0,1,135,0,0,0,0,0,32,Propia,Preparatoria
Aprobada,Aprobado,REGULAR,11200,17284,RECIBOS DE NOMINA,NO_CLIENTE,0,Mínimo,0.31,0,180,779,0,0,0,0,32,Hipoteca,Licenciatura
Aprobada,Aprobado,BUENO,27000,23385,RECIBOS DE NOMINA,CLIENTE_BANCO,0,Bajo,1.07,0,184,713,0,0,0,29141,32,Hipoteca,Posgrado
Aprobada,Aprobado,REGULAR,39999,21823,PROPIEDAD ACTIVO FIJO,CLIENTE_BANCO,12600,Bajo,0.22,0,195,750,0,173,0,0,32,Renta,Preparatoria
Aprobada,Aprobado,REGULAR,3999,20327,RECIBOS DE NOMINA,CLIENTE_BANCO,4000,Alto,1.03,0,207,601,3,0,0,47901,32,Propia,Preparatoria
Aprobada,Aprobado,BUENO,1999,16031,RECIBOS DE NOMINA,CLIENTE_BANCO,4600,Bajo,0.82,0,210,734,0,43,0,0,32,Hipoteca,Posgrado
Pendiente,Aprobado,REGULAR,1,22331,RECIBOS DE NOMINA,NO_CLIENTE,0,Alto,0.38,0,211,538,3,0,0,0,32,Familiares,Posgrado
Aprobada,Aprobado,BUENO,16100,19824,RECIBOS DE NOMINA,CLIENTE_BANCO,0,Bajo,0.67,0,211,733,0,0,0,9777,32,Propia,Preparatoria
Aprobada,Aprobado,BUENO,211001,17336,RECIBOS DE NOMINA,CLIENTE_BANCO,117000,Bajo,0.67,0,211,740,0,2607,0,0,32,Hipoteca,Preparatoria
Aprobada,Aprobado,BUENO,9300,23408,RECIBOS DE NOMINA,NO_CLIENTE,0,Bajo,0.7,0,212,740,0,0,0,0,32,Hipoteca,Preparatoria
Aprobada,Aprobado,BUENO,39999,21867,PROPIEDAD ACTIVO FIJO,CLIENTE_BANCO,38000,Bajo,0.61,0,216,739,0,13346,0,0,32,Propia,Preparatoria
Aprobada,Aprobado,BUENO,8600,20388,RECIBOS DE NOMINA,NO_CLIENTE,0,Bajo,0.77,1,216,743,0,0,0,0,32,Hipoteca,Preparatoria
Aprobada,Aprobado,REGULAR,9899,16047,PROPIEDAD ACTIVO FIJO,CLIENTE_BANCO,11800,Medio ,1.09,0,218,694,1,9053,570,1481,32,Renta,Preparatoria
Aprobada,Aprobado,BUENO,9899,22375,INVERSIONES,CLIENTE_BANCO,7100,Bajo,0.96,0,219,740,0,2842,0,56826,32,Familiares,Preparatoria
Aprobada,Aprobado,BUENO,24299,19883,RECIBOS DE NOMINA,CLIENTE_BANCO,29500,Bajo,0.65,0,220,717,1,3546,370,0,32,Renta,Posgrado
Aprobada,Aprobado,BUENO,9899,17353,PROPIEDAD ACTIVO FIJO,CLIENTE_BANCO,10800,Bajo,1.18,0,222,702,0,535,0,0,32,Familiares,Posgrado
Aprobada,Aprobado,REGULAR,104000,23455,RECIBOS DE NOMINA,CLIENTE_BANCO,94500,Bajo,0.23,0,222,714,1,22236,1610,0,32,Propia,Licenciatura
Aprobada,Aprobado,BUENO,9899,21932,PROPIEDAD ACTIVO FIJO,CLIENTE_BANCO,64000,Bajo,1.1,0,222,723,1,37952,2060,0,32,Renta,Posgrado
Aprobada,Aprobado,BUENO,76000,20408,RECIBOS DE NOMINA,CLIENTE_BANCO,31000,Mínimo,0.91,0,222,757,0,1800,0,0,32,Renta,Licenciatura
Aprobada,Aprobado,BUENO,9899,16080,PROPIEDAD ACTIVO FIJO,NO_CLIENTE,0,Bajo,0.66,0,223,734,0,0,0,0,32,Propia,Preparatoria
Aprobada,Aprobado,BUENO,13800,22442,RECIBOS DE NOMINA,NO_CLIENTE,0,Bajo,0.83,0,224,737,0,0,0,0,32,Renta,Posgrado
Aprobada,Aprobado,BUENO,51000,19903,RECIBOS DE NOMINA,CLIENTE_BANCO,28000,Bajo,1.1,0,224,740,1,11060,350,0,32,Propia,Licenciatura
Aprobada,Aprobado,BUENO,34000,17388,RECIBOS DE NOMINA,CLIENTE_BANCO,14400,Bajo,0.98,0,225,744,0,717,0,0,32,Hipoteca,Posgrado
Aprobada,Aprobado,BUENO,6000,23526,INVERSIONES,CLIENTE_BANCO,0,Bajo,0.72,0,227,738,0,0,0,0,32,Propia,Licenciatura
Aprobada,Aprobado,BUENO,65000,21954,RECIBOS DE NOMINA,CLIENTE_BANCO,369000,Bajo,0.53,0,231,723,0,82387,0,0,32,Hipoteca,Licenciatura
Aprobada,Aprobado,REGULAR,26999,20449,RECIBOS DE NOMINA,CLIENTE_BANCO,75000,Medio ,0.65,0,236,697,1,62833,2360,272663,32,Propia,Licenciatura
Aprobada,Aprobado,BUENO,5000,16128,RECIBOS DE NOMINA,CLIENTE_BANCO,0,Bajo,0.86,1,237,734,0,0,0,0,32,Hipoteca,Preparatoria
Aprobada,Aprobado,REGULAR,1999,22465,RECIBOS DE NOMINA,CLIENTE_BANCO,0,Mínimo,0.2,0,239,800,0,0,0,0,32,Familiares,Posgrado
Aprobada,Aprobado,BUENO,1999,19943,RECIBOS DE NOMINA,CLIENTE_BANCO,5000,Bajo,0.96,0,240,724,0,0,0,0,32,Hipoteca,Posgrado
Aprobada,Aprobado,BUENO,11600,17440,RECIBOS DE NOMINA,NO_CLIENTE,0,Bajo,0.76,0,242,734,0,0,0,0,32,Propia,Preparatoria
Aprobada,Aprobado,BUENO,20699,23549,PAGOS PROV SEMESTRALES PF,NO_CLIENTE,0,Bajo,0.78,0,243,732,0,0,0,0,32,Familiares,Posgrado
Aprobada,Aprobado,REGULAR,4999,21998,RECIBOS DE NOMINA,NO_CLIENTE,0,Mínimo,0.15,0,245,795,0,0,0,0,32,Propia,Licenciatura
Aprobada,Aprobado,BUENO,107000,20510,RECIBOS DE NOMINA,CLIENTE_BANCO,15300,Bajo,0.72,0,249,723,1,9801,250,0,32,Renta,Licenciatura
Aprobada,Aprobado,REGULAR,21600,16144,RECIBOS DE NOMINA,CLIENTE_BANCO,0,Mínimo,0.39,0,252,781,0,0,0,0,32,Familiares,Preparatoria
Rechazada,Rechazado,MALO,0,22510,PROPIEDAD ACTIVO FIJO,NO_CLIENTE,0,Alto,0.0,4,89,0,0,0,0,0,33,Renta,Licenciatura
Rechazada,Rechazado,MALO,0,20002,PROPIEDAD ACTIVO FIJO,NO_CLIENTE,0,Alto,0.0,5,89,0,0,0,0,1958,33,Familiares,Licenciatura
Rechazada,Rechazado,MALO,0,17457,PROPIEDAD ACTIVO FIJO,NO_CLIENTE,0,Alto,0.0,4,89,0,1,33133,1460,286953,33,Renta,Posgrado
Rechazada,Rechazado,MALO,0,23596,PROPIEDAD ACTIVO FIJO,NO_CLIENTE,33200,Alto,0.0,5,89,0,1,19259,1250,0,33,Familiares,Preparatoria
Rechazada,Rechazado,MALO,0,22064,PROPIEDAD ACTIVO FIJO,NO_CLIENTE,0,Alto,0.0,5,90,0,1,5783,750,185692,33,Hipoteca,Licenciatura
Rechazada,Rechazado,MALO,0,20531,RECIBOS DE NOMINA,NO_CLIENTE,0,Alto,0.0,4,90,0,0,0,0,0,33,Propia,Preparatoria
Rechazada,Rechazado,MALO,0,16176,RECIBOS DE NOMINA,NO_CLIENTE,0,Alto,0.0,2,90,0,0,0,0,0,33,Hipoteca,Licenciatura
Rechazada,Rechazado,MALO,0,22577,PROPIEDAD ACTIVO FIJO,NO_CLIENTE,0,Alto,0.0,3,90,0,1,1428,250,0,33,Familiares,Licenciatura
Rechazada,Rechazado,MALO,0,20022,RECIBOS DE NOMINA,NO_CLIENTE,0,Alto,0.0,4,90,0,0,0,0,0,33,Propia,Posgrado
Rechazada,Rechazado,MALO,0,17492,PROPIEDAD ACTIVO FIJO,NO_CLIENTE,0,Alto,0.0,2,90,0,0,0,0,0,33,Hipoteca,Licenciatura
Rechazada,Rechazado,MALO,0,23667,PROPIEDAD ACTIVO FIJO,NO_CLIENTE,0,Alto,0.0,3,90,0,0,0,0,0,33,Renta,Licenciatura
Rechazada,Rechazado,MALO,0,22086,RECIBOS DE NOMINA,NO_CLIENTE,0,Alto,0.0,5,91,0,0,0,0,0,33,Renta,Licenciatura
Rechazada,Rechazado,MALO,0,20572,RECIBOS DE NOMINA,NO_CLIENTE,0,Alto,0.0,4,91,0,8,20898,20898,0,33,Renta,Posgrado
Rechazada,Rechazado,MALO,0,16225,RECIBOS DE NOMINA,NO_CLIENTE,0,Alto,0.0,4,91,0,8,7613,7613,35551,33,Propia,Licenciatura
Rechazada,Rechazado,MALO,0,22600,PROPIEDAD ACTIVO FIJO,NO_CLIENTE,0,Alto,0.0,1,91,0,0,0,0,0,33,Familiares,Preparatoria
Rechazada,Rechazado,MALO,0,20063,RECIBOS DE NOMINA,NO_CLIENTE,56000,Alto,0.0,5,91,0,1,7481,710,0,33,Renta,Preparatoria
Rechazada,Rechazado,MALO,0,17545,RECIBOS DE NOMINA,NO_CLIENTE,0,Alto,0.0,4,92,0,0,0,0,0,33,Familiares,Posgrado
Rechazada,Rechazado,MALO,0,23691,RECIBOS DE NOMINA,NO_CLIENTE,0,Alto,0.0,2,92,0,0,0,0,0,33,Hipoteca,Licenciatura
Rechazada,Rechazado,MALO,0,22130,RECIBOS DE NOMINA,NO_CLIENTE,0,Alto,0.0,3,92,0,0,0,0,0,33,Propia,Licenciatura
Rechazada,Rechazado,MALO,0,20634,PROPIEDAD ACTIVO FIJO,NO_CLIENTE,0,Alto,0.0,3,92,0,0,0,0,0,33,Renta,Posgrado
Rechazada,Rechazado,MALO,0,16241,PROPIEDAD ACTIVO FIJO,NO_CLIENTE,0,Alto,0.0,5,92,0,0,0,0,0,33,Propia,Licenciatura
Rechazada,Rechazado,MALO,0,22645,RECIBOS DE NOMINA,NO_CLIENTE,0,Alto,0.0,2,92,0,0,0,0,0,33,Propia,Posgrado
Rechazada,Rechazado,MALO,0,20123,RECIBOS DE NOMINA,NO_CLIENTE,0,Alto,0.0,3,92,0,0,0,0,0,33,Renta,Preparatoria
Rechazada,Rechazado,MALO,0,17562,RECIBOS DE NOMINA,NO_CLIENTE,0,Alto,0.0,4,92,0,0,0,0,0,33,Renta,Licenciatura
Rechazada,Rechazado,MALO,0,23738,PROPIEDAD ACTIVO FIJO,NO_CLIENTE,0,Alto,0.0,4,93,0,0,0,0,0,33,Familiares,Posgrado
Rechazada,Rechazado,MALO,0,22197,PROPIEDAD ACTIVO FIJO,NO_CLIENTE,0,Alto,0.0,5,93,0,1,9951,510,0,33,Familiares,Licenciatura
Rechazada,Rechazado,MALO,0,20654,RECIBOS DE NOMINA,NO_CLIENTE,0,Alto,0.0,2,93,0,0,0,0,0,33,Familiares,Licenciatura
Rechazada,Rechazado,MALO,0,16273,RECIBOS DE NOMINA,NO_CLIENTE,0,Alto,0.0,3,93,0,0,0,0,7363,33,Propia,Licenciatura
Rechazada,Rechazado,MALO,0,22713,RECIBOS DE NOMINA,NO_CLIENTE,0,Alto,0.0,2,93,0,0,0,0,0,33,Renta,Licenciatura
Rechazada,Rechazado,MALO,0,20143,PROPIEDAD ACTIVO FIJO,NO_CLIENTE,19900,Alto,0.0,4,93,0,1,19538,1420,1,33,Renta,Preparatoria
Rechazada,Rechazado,MALO,0,17597,PROPIEDAD ACTIVO FIJO,NO_CLIENTE,0,Alto,0.0,3,93,0,0,0,0,0,33,Familiares,Posgrado
Rechazada,Rechazado,MALO,0,23809,RECIBOS DE NOMINA,NO_CLIENTE,0,Alto,0.0,5,93,0,0,0,0,0,33,Hipoteca,Licenciatura
En_proceso,Rechazado,MALO,0,22219,INVERSIONES,NO_CLIENTE,0,Alto,0.0,4,93,0,0,0,0,0,33,Hipoteca,Licenciatura
Rechazada,Rechazado,MALO,0,20696,RECIBOS DE NOMINA,CLIENTE_BANCO,0,Alto,0.0,4,93,0,0,3773,0,0,33,Hipoteca,Preparatoria
Rechazada,Rechazado,MALO,0,16322,RECIBOS DE NOMINA,NO_CLIENTE,0,Alto,0.0,1,94,0,0,0,0,0,33,Hipoteca,Preparatoria
Rechazada,Rechazado,MALO,0,22736,PROPIEDAD ACTIVO FIJO,NO_CLIENTE,0,Alto,0.0,2,94,0,0,0,0,0,33,Hipoteca,Licenciatura
Rechazada,Rechazado,MALO,0,20183,RECIBOS DE NOMINA,NO_CLIENTE,0,Alto,0.0,2,94,0,0,0,0,0,33,Familiares,Posgrado
Rechazada,Rechazado,MALO,0,17650,RECIBOS DE NOMINA,NO_CLIENTE,0,Alto,0.0,5,94,0,0,0,0,0,33,Renta,Posgrado
Rechazada,Rechazado,MALO,0,23833,RECIBOS DE NOMINA,NO_CLIENTE,0,Alto,0.0,4,94,0,0,0,0,0,33,Renta,Licenciatura
Rechazada,Rechazado,MALO,0,22263,RECIBOS DE NOMINA,NO_CLIENTE,24200,Alto,0.0,4,94,0,1,26660,1700,7029,33,Renta,Posgrado
Rechazada,Rechazado,MALO,0,20758,PROPIEDAD ACTIVO FIJO,NO_CLIENTE,0,Alto,0.0,5,95,0,0,0,0,0,33,Familiares,Preparatoria
Rechazada,Rechazado,MALO,0,16339,PROPIEDAD ACTIVO FIJO,NO_CLIENTE,0,Alto,0.0,2,95,0,0,0,0,0,33,Propia,Preparatoria
Rechazada,Rechazado,MALO,0,22781,RECIBOS DE NOMINA,NO_CLIENTE,0,Alto,0.0,2,95,0,0,0,0,0,33,Hipoteca,Preparatoria
Rechazada,Rechazado,MALO,0,20244,PROPIEDAD ACTIVO FIJO,NO_CLIENTE,5000,Alto,0.0,1,95,0,0,103,0,0,33,Propia,Licenciatura
Rechazada,Rechazado,MALO,0,17668,RECIBOS DE NOMINA,NO_CLIENTE,0,Alto,0.0,3,96,0,0,0,0,0,33,Propia,Preparatoria
En_proceso,Rechazado,MALO,0,23881,RECIBOS DE NOMINA,NO_CLIENTE,0,Alto,0.0,2,96,0,0,0,0,0,33,Propia,Preparatoria
Rechazada,Rechazado,MALO,0,22330,PROPIEDAD ACTIVO FIJO,NO_CLIENTE,0,Alto,0.0,3,96,0,0,0,0,0,33,Propia,Posgrado
Rechazada,Rechazado,MALO,0,20778,RECIBOS DE NOMINA,NO_CLIENTE,0,Alto,0.0,5,96,0,0,0,0,0,33,Propia,Licenciatura
Rechazada,Rechazado,MALO,0,16371,RECIBOS DE NOMINA,NO_CLIENTE,0,Alto,0.0,5,96,0,0,0,0,0,33,Familiares,Preparatoria
Rechazada,Rechazado,MALO,0,22849,RECIBOS DE NOMINA,NO_CLIENTE,0,Alto,0.0,2,97,0,0,0,0,0,33,Hipoteca,Licenciatura
Rechazada,Rechazado,MALO,0,20264,PROPIEDAD ACTIVO FIJO,NO_CLIENTE,0,Alto,0.0,3,97,0,0,0,0,0,33,Hipoteca,Posgrado
Rechazada,Rechazado,MALO,0,17703,PROPIEDAD ACTIVO FIJO,NO_CLIENTE,0,Alto,0.0,4,97,0,0,0,0,0,33,Familiares,Licenciatura
Rechazada,Rechazado,MALO,0,23952,PROPIEDAD ACTIVO FIJO,NO_CLIENTE,0,Alto,0.0,4,97,0,0,0,0,0,33,Propia,Licenciatura
Rechazada,Rechazado,MALO,0,22353,PROPIEDAD ACTIVO FIJO,NO_CLIENTE,0,Alto,0.0,1,98,0,0,0,0,0,33,Renta,Licenciatura
Rechazada,Rechazado,MALO,0,20820,PROPIEDAD ACTIVO FIJO,NO_CLIENTE,0,Alto,0.0,2,98,0,0,0,0,0,33,Familiares,Licenciatura
Rechazada,Rechazado,MALO,0,16420,RECIBOS DE NOMINA,NO_CLIENTE,0,Alto,0.0,3,98,0,0,0,0,0,33,Hipoteca,Licenciatura
Rechazada,Rechazado,MALO,0,22872,PROPIEDAD ACTIVO FIJO,NO_CLIENTE,0,Alto,0.0,4,98,0,0,0,0,0,33,Propia,Preparatoria
Rechazada,Rechazado,MALO,0,20304,RECIBOS DE NOMINA,NO_CLIENTE,0,Alto,0.0,4,98,0,0,0,0,0,33,Renta,Licenciatura
Rechazada,Rechazado,MALO,0,17756,RECIBOS DE NOMINA,NO_CLIENTE,0,Alto,0.0,5,98,0,8,39183,39183,0,33,Hipoteca,Posgrado
Rechazada,Rechazado,MALO,0,23976,RECIBOS DE NOMINA,NO_CLIENTE,0,Alto,0.0,4,99,0,0,0,0,0,33,Renta,Licenciatura
Rechazada,Rechazado,MALO,0,22397,RECIBOS DE NOMINA,NO_CLIENTE,0,Alto,0.0,4,99,0,0,0,0,0,33,Familiares,Licenciatura
Rechazada,Rechazado,MALO,0,20882,RECIBOS DE NOMINA,NO_CLIENTE,0,Alto,0.0,2,99,0,0,0,0,0,33,Familiares,Licenciatura
Rechazada,Rechazado,MALO,0,16437,PROPIEDAD ACTIVO FIJO,NO_CLIENTE,50000,Alto,0.0,2,99,0,1,6848,720,0,33,Hipoteca,Preparatoria
Rechazada,Rechazado,MALO,0,22918,RECIBOS DE NOMINA,NO_CLIENTE,0,Alto,0.0,2,100,0,0,0,0,0,33,Hipoteca,Licenciatura
Rechazada,Rechazado,MALO,0,20365,RECIBOS DE NOMINA,NO_CLIENTE,0,Alto,0.0,0,100,0,0,0,0,0,33,Renta,Preparatoria
Rechazada,Rechazado,MALO,0,17774,PROPIEDAD ACTIVO FIJO,NO_CLIENTE,0,Alto,0.0,1,101,0,0,0,0,0,33,Familiares,Licenciatura
Rechazada,Rechazado,MALO,0,24024,PROPIEDAD ACTIVO FIJO,NO_CLIENTE,0,Alto,0.0,0,101,0,8,26284,26284,0,33,Renta,Posgrado
Rechazada,Rechazado,MALO,0,22464,PROPIEDAD ACTIVO FIJO,NO_CLIENTE,0,Alto,0.0,0,101,0,0,0,0,0,33,Renta,Licenciatura
Rechazada,Rechazado,MALO,0,20903,RECIBOS DE NOMINA,NO_CLIENTE,0,Alto,0.0,4,101,0,0,0,0,0,33,Familiares,Licenciatura
Pendiente,Pre-Aprobado,MALO,1,16470,PROPIEDAD ACTIVO FIJO,NO_CLIENTE,0,Alto,0.0,0,121,0,0,0,0,0,33,Propia,Licenciatura
Pendiente,Pre-Aprobado,MALO,1,22987,RECIBOS DE NOMINA,NO_CLIENTE,0,Alto,0.0,0,123,0,0,0,0,0,33,Renta,Posgrado
Pendiente,Pre-Aprobado,MALO,1,20386,PROPIEDAD ACTIVO FIJO,NO_CLIENTE,17000,Alto,0.0,2,123,0,0,4908,0,36027,33,Renta,Preparatoria
Pendiente,Pre-Aprobado,MALO,1,17810,PROPIEDAD ACTIVO FIJO,NO_CLIENTE,0,Alto,0.0,1,132,0,0,0,0,0,33,Renta,Preparatoria
Pendiente,Pre-Aprobado,MALO,1,24096,PROPIEDAD ACTIVO FIJO,NO_CLIENTE,0,Alto,0.0,1,176,0,0,0,0,33748,33,Renta,Licenciatura
Aprobada,Aprobado,REGULAR,20700,22487,RECIBOS DE NOMINA,NO_CLIENTE,10900,Alto,0.53,2,179,615,3,0,0,0,33,Renta,Preparatoria
Aprobada,Aprobado,REGULAR,15000,20945,RECIBOS DE NOMINA,NO_CLIENTE,0,Mínimo,0.27,1,179,783,0,0,0,0,33,Renta,Posgrado
Aprobada,Aprobado,REGULAR,46999,16519,PROPIEDAD ACTIVO FIJO,CLIENTE_BANCO,18700,Medio ,0.45,0,195,694,1,16424,790,92815,33,Hipoteca,Preparatoria
Aprobada,Aprobado,REGULAR,10500,23010,RECIBOS DE NOMINA,NO_CLIENTE,0,Mínimo,0.37,0,195,773,0,0,0,0,33,Propia,Licenciatura
Aprobada,Aprobado,BUENO,46000,20427,RECIBOS DE NOMINA,NO_CLIENTE,0,Bajo,0.57,0,197,743,0,0,0,0,33,Hipoteca,Licenciatura
Aprobada,Aprobado,BUENO,87000,17863,RECIBOS DE NOMINA,CLIENTE_BANCO,166000,Bajo,1.09,0,198,744,1,3443,1140,0,33,Familiares,Posgrado
Aprobada,Aprobado,BUENO,7000,24120,INVERSIONES,NO_CLIENTE,0,Mínimo,0.45,0,199,775,0,0,0,0,33,Familiares,Preparatoria
Aprobada,Aprobado,REGULAR,4000,22532,RECIBOS DE NOMINA,CLIENTE_BANCO,4000,Bajo,0.17,0,205,716,1,3858,200,0,33,Hipoteca,Licenciatura
Aprobada,Aprobado,REGULAR,2999,21008,RECIBOS DE NOMINA,CLIENTE_BANCO,0,Medio ,1.16,0,206,684,0,0,0,0,33,Propia,Preparatoria
Aprobada,Aprobado,BUENO,2999,16536,RECIBOS DE NOMINA,NO_CLIENTE,0,Bajo,1.17,0,211,703,0,0,0,0,33,Renta,Preparatoria
Aprobada,Aprobado,BUENO,49999,23056,RECIBOS DE NOMINA,NO_CLIENTE,0,Mínimo,0.55,0,211,755,0,0,0,0,33,Propia,Licenciatura
Aprobada,Aprobado,BUENO,8300,20488,RECIBOS DE NOMINA,CLIENTE_BANCO,13400,Bajo,0.64,0,213,736,0,0,0,0,33,Propia,Preparatoria
Aprobada,Aprobado,BUENO,4000,17881,RECIBOS DE NOMINA,NO_CLIENTE,0,Bajo,0.65,0,214,735,0,0,0,0,33,Hipoteca,Posgrado
Aprobada,Aprobado,BUENO,39999,24169,PROPIEDAD ACTIVO FIJO,CLIENTE_BANCO,10004,Bajo,1.13,0,216,724,0,1818,0,0,33,Propia,Licenciatura
Aprobada,Aprobado,REGULAR,5500,22600,RECIBOS DE NOMINA,NO_CLIENTE,0,Mínimo,0.38,0,218,782,0,0,0,0,33,Hipoteca,Posgrado
Aprobada,Aprobado,REGULAR,9500,21029,RECIBOS DE NOMINA,NO_CLIENTE,0,Mínimo,0.36,0,220,774,0,0,0,0,33,Propia,Licenciatura
Aprobada,Aprobado,BUENO,49999,16569,PROPIEDAD ACTIVO FIJO,CLIENTE_BANCO,6000,Bajo,1.04,0,222,731,1,406,250,0,33,Familiares,Licenciatura
Aprobada,Aprobado,REGULAR,38999,23125,PROPIEDAD ACTIVO FIJO,CLIENTE_BANCO,13500,Alto,1.14,0,224,605,3,18,18,0,33,Propia,Preparatoria
Aprobada,Aprobado,REGULAR,13300,20508,RECIBOS DE NOMINA,NO_CLIENTE,0,Mínimo,0.33,0,224,777,0,0,0,0,33,Renta,Licenciatura
Aprobada,Aprobado,BUENO,9899,17917,PROPIEDAD ACTIVO FIJO,CLIENTE_BANCO,61000,Bajo,0.67,0,226,710,1,44818,1660,51653,33,Familiares,Posgrado
Aprobada,Aprobado,REGULAR,37000,24241,RECIBOS DE NOMINA,CLIENTE_BANCO,0,Medio ,1.2,0,227,680,0,0,0,0,33,Renta,Preparatoria
Aprobada,Aprobado,REGULAR,9899,22622,RECIBOS DE NOMINA,CLIENTE_BANCO,28000,Medio ,0.71,0,230,685,1,28025,2470,0,33,Renta,Preparatoria
Aprobada,Aprobado,REGULAR,2999,21071,PROPIEDAD ACTIVO FIJO,CLIENTE_BANCO,16500,Medio ,0.99,0,230,686,1,13729,820,0,33,Renta,Preparatoria
Aprobada,Aprobado,BUENO,75000,16618,RECIBOS DE NOMINA,CLIENTE_BANCO,90000,Bajo,0.8,0,231,703,1,7763,1130,68395,33,Hipoteca,Licenciatura
Aprobada,Aprobado,BUENO,2999,23148,RECIBOS DE NOMINA,CLIENTE_BANCO,0,Bajo,0.92,0,234,708,0,0,0,0,33,Hipoteca,Posgrado
Aprobada,Aprobado,BUENO,4999,20549,RECIBOS DE NOMINA,CLIENTE_BANCO,0,Bajo,0.61,0,236,739,0,0,0,0,33,Hipoteca,Posgrado
Aprobada,Aprobado,REGULAR,4999,17970,RECIBOS DE NOMINA,CLIENTE_BANCO,0,Mínimo,0.32,0,238,778,0,0,0,74361,33,Familiares,Posgrado
Aprobada,Aprobado,BUENO,29000,24265,RECIBOS DE NOMINA,NO_CLIENTE,0,Mínimo,0.47,0,240,773,0,0,0,0,33,Renta,Posgrado
Aprobada,Aprobado,BUENO,94000,22667,RECIBOS DE NOMINA,CLIENTE_BANCO,103500,Bajo,0.94,0,244,740,1,2275,1070,0,33,Familiares,Licenciatura
Aprobada,Aprobado,REGULAR,1999,21134,CTA NOMINA DIGITAL,CLIENTE_BANCO,0,Medio ,1.11,0,247,689,0,0,0,0,33,Hipoteca,Posgrado
Pendiente,Aprobado,REGULAR,1,16635,RECIBOS DE NOMINA,NO_CLIENTE,0,Bajo,0.91,0,247,700,0,0,0,0,33,Hipoteca,Licenciatura
Aprobada,Aprobado,BUENO,34999,23194,PROPIEDAD ACTIVO FIJO,CLIENTE_BANCO,263000,Bajo,1.03,0,251,723,1,112491,4580,6218,33,Familiares,Preparatoria
Aprobada,Aprobado,REGULAR,9899,20611,RECIBOS DE NOMINA,CLIENTE_BANCO,0,Mínimo,0.35,0,255,775,0,0,0,0,33,Familiares,Licenciatura
Aprobada,Aprobado,BUENO,49999,17988,PROPIEDAD ACTIVO FIJO,CLIENTE_BANCO,15000,Bajo,0.88,0,262,740,0,1382,0,0,33,Familiares,Preparatoria
Aprobada,Aprobado,BUENO,83000,24314,RECIBOS DE NOMINA,CLIENTE_BANCO,23000,Mínimo,0.85,0,265,766,0,0,0,0,33,Renta,Licenciatura
Rechazada,Rechazado,MALO,0,23860,PROPIEDAD ACTIVO FIJO,NO_CLIENTE,0,Alto,0.0,4,89,0,1,15690,1230,0,34,Propia,Posgrado
Rechazada,Rechazado,MALO,0,21103,RECIBOS DE NOMINA,NO_CLIENTE,0,Alto,0.0,4,89,0,0,0,0,0,34,Propia,Posgrado
Rechazada,Rechazado,MALO,0,18330,RECIBOS DE NOMINA,NO_CLIENTE,0,Alto,0.0,5,89,0,0,0,0,18932,34,Familiares,Posgrado
Rechazada,Rechazado,MALO,0,25012,RECIBOS DE NOMINA,NO_CLIENTE,0,Alto,0.0,4,89,0,0,0,0,0,34,Propia,Posgrado
Rechazada,Rechazado,MALO,0,23278,RECIBOS DE NOMINA,NO_CLIENTE,0,Alto,0.0,4,89,0,0,0,0,0,34,Propia,Posgrado
Rechazada,Rechazado,MALO,0,21557,RECIBOS DE NOMINA,NO_CLIENTE,0,Alto,0.0,5,89,0,0,0,0,0,34,Hipoteca,Preparatoria
Rechazada,Rechazado,MALO,0,17147,RECIBOS DE NOMINA,NO_CLIENTE,0,Alto,0.0,5,90,0,0,0,0,0,34,Familiares,Licenciatura
Rechazada,Rechazado,MALO,0,23819,PROPIEDAD ACTIVO FIJO,NO_CLIENTE,0,Alto,0.0,3,90,0,0,0,0,0,34,Renta,Preparatoria
Rechazada,Rechazado,MALO,0,21024,PROPIEDAD ACTIVO FIJO,NO_CLIENTE,0,Alto,0.0,1,90,0,0,0,0,0,34,Hipoteca,Posgrado
Rechazada,Rechazado,MALO,0,18542,RECIBOS DE NOMINA,NO_CLIENTE,15000,Alto,0.0,3,90,0,1,13068,820,0,34,Hipoteca,Preparatoria
Rechazada,Rechazado,MALO,0,24969,RECIBOS DE NOMINA,NO_CLIENTE,0,Alto,0.0,3,91,0,0,0,0,0,34,Renta,Posgrado
Rechazada,Rechazado,MALO,0,23191,RECIBOS DE NOMINA,NO_CLIENTE,0,Alto,0.0,3,91,0,0,0,0,0,34,Propia,Licenciatura
Rechazada,Rechazado,MALO,0,21806,RECIBOS DE NOMINA,NO_CLIENTE,0,Alto,0.0,2,91,0,0,0,0,0,34,Renta,Preparatoria
Rechazada,Rechazado,MALO,0,17117,PROPIEDAD ACTIVO FIJO,NO_CLIENTE,0,Alto,0.0,4,92,0,0,0,0,58,34,Familiares,Posgrado
Rechazada,Rechazado,MALO,0,23730,PROPIEDAD ACTIVO FIJO,NO_CLIENTE,0,Alto,0.0,4,92,0,0,0,0,0,34,Propia,Preparatoria
Rechazada,Rechazado,MALO,0,21266,RECIBOS DE NOMINA,NO_CLIENTE,0,Alto,0.0,1,92,0,0,0,0,0,34,Renta,Preparatoria
Rechazada,Rechazado,MALO,0,18510,PROPIEDAD ACTIVO FIJO,NO_CLIENTE,0,Alto,0.0,2,92,0,0,0,0,0,34,Familiares,Posgrado
Rechazada,Rechazado,MALO,0,24875,PROPIEDAD ACTIVO FIJO,NO_CLIENTE,0,Alto,0.0,2,92,0,0,0,0,0,34,Familiares,Preparatoria
Rechazada,Rechazado,MALO,0,23458,PAGOS PROV SEMESTRALES PF,NO_CLIENTE,0,Alto,0.0,4,92,0,0,0,0,0,34,Renta,Posgrado
Rechazada,Rechazado,MALO,0,21768,PROPIEDAD ACTIVO FIJO,NO_CLIENTE,8000,Alto,0.0,2,92,0,0,320,0,0,34,Renta,Preparatoria
Rechazada,Rechazado,MALO,0,17053,PROPIEDAD ACTIVO FIJO,NO_CLIENTE,0,Alto,0.0,2,93,0,0,0,0,0,34,Familiares,Preparatoria
Rechazada,Rechazado,MALO,0,24004,RECIBOS DE NOMINA,NO_CLIENTE,0,Alto,0.0,2,93,0,0,0,0,0,34,Propia,Posgrado
Rechazada,Rechazado,MALO,0,21229,RECIBOS DE NOMINA,NO_CLIENTE,0,Alto,0.0,1,93,0,1,22202,960,143936,34,Propia,Posgrado
Rechazada,Rechazado,MALO,0,18440,RECIBOS DE NOMINA,NO_CLIENTE,0,Alto,0.0,5,93,0,0,0,0,0,34,Renta,Posgrado
Rechazada,Rechazado,MALO,0,25162,RECIBOS DE NOMINA,NO_CLIENTE,0,Alto,0.0,4,93,0,0,0,0,0,34,Renta,Preparatoria
Rechazada,Rechazado,MALO,0,23418,PAGOS PROV SEMESTRALES PF,NO_CLIENTE,0,Alto,0.0,3,93,0,0,0,0,0,34,Propia,Preparatoria
Rechazada,Rechazado,MALO,0,21687,RECIBOS DE NOMINA,NO_CLIENTE,0,Alto,0.0,1,93,0,0,0,0,0,34,Hipoteca,Licenciatura
Rechazada,Rechazado,MALO,0,17250,PROPIEDAD ACTIVO FIJO,NO_CLIENTE,0,Alto,0.0,1,93,0,0,0,0,0,34,Renta,Preparatoria
Rechazada,Rechazado,MALO,0,23962,RECIBOS DE NOMINA,NO_CLIENTE,0,Alto,0.0,5,93,0,0,0,0,0,34,Propia,Posgrado
Rechazada,Rechazado,MALO,0,21150,RECIBOS DE NOMINA,NO_CLIENTE,0,Alto,0.0,3,94,0,0,0,0,0,34,Familiares,Licenciatura
Rechazada,Rechazado,MALO,0,18653,PROPIEDAD ACTIVO FIJO,NO_CLIENTE,0,Alto,0.0,1,94,0,1,4118,250,34864,34,Hipoteca,Posgrado
Rechazada,Rechazado,MALO,0,25119,PROPIEDAD ACTIVO FIJO,NO_CLIENTE,3000,Alto,0.0,3,94,0,0,0,0,0,34,Renta,Licenciatura
Rechazada,Rechazado,MALO,0,23330,PROPIEDAD ACTIVO FIJO,NO_CLIENTE,0,Alto,0.0,1,94,0,0,0,0,0,34,Renta,Licenciatura
Rechazada,Rechazado,MALO,0,21937,RECIBOS DE NOMINA,NO_CLIENTE,0,Alto,0.0,3,94,0,0,0,0,0,34,Renta,Preparatoria
Rechazada,Rechazado,MALO,0,17220,RECIBOS DE NOMINA,NO_CLIENTE,0,Alto,0.0,5,95,0,1,19162,1240,102922,34,Hipoteca,Preparatoria
Cancelada,Rechazado,MALO,0,23872,RECIBOS DE NOMINA,NO_CLIENTE,0,Alto,0.0,2,95,0,0,0,0,0,34,Hipoteca,Preparatoria
Rechazada,Rechazado,MALO,0,21394,RECIBOS DE NOMINA,NO_CLIENTE,0,Alto,0.0,3,95,0,0,0,0,0,34,Propia,Posgrado
Rechazada,Rechazado,MALO,0,18621,RECIBOS DE NOMINA,NO_CLIENTE,0,Alto,0.0,3,95,0,0,0,0,0,34,Familiares,Posgrado
Rechazada,Rechazado,MALO,0,25025,RECIBOS DE NOMINA,NO_CLIENTE,26000,Alto,0.0,4,95,0,0,0,0,0,34,Hipoteca,Licenciatura
Rechazada,Rechazado,MALO,0,23599,RECIBOS DE NOMINA,NO_CLIENTE,0,Alto,0.0,4,95,0,0,0,0,0,34,Hipoteca,Licenciatura
Rechazada,Rechazado,MALO,0,21899,RECIBOS DE NOMINA,NO_CLIENTE,15,Alto,0.0,5,95,0,0,0,0,0,34,Familiares,Preparatoria
Rechazada,Rechazado,MALO,0,17155,PROPIEDAD ACTIVO FIJO,NO_CLIENTE,0,Alto,0.0,3,96,0,0,0,0,123920,34,Propia,Licenciatura
Rechazada,Rechazado,MALO,0,24148,SIN COMPROBANTE,NO_CLIENTE,0,Alto,0.0,2,96,0,0,0,0,0,34,Propia,Licenciatura
Rechazada,Rechazado,MALO,0,21357,RECIBOS DE NOMINA,NO_CLIENTE,0,Alto,0.0,4,96,0,0,0,0,0,34,Propia,Licenciatura
Rechazada,Rechazado,MALO,0,18551,RECIBOS DE NOMINA,NO_CLIENTE,0,Alto,0.0,3,96,0,0,0,0,0,34,Familiares,Posgrado
Rechazada,Rechazado,MALO,0,25314,PROPIEDAD ACTIVO FIJO,NO_CLIENTE,0,Alto,0.0,2,96,0,1,2901,250,0,34,Hipoteca,Posgrado
Rechazada,Rechazado,MALO,0,23558,RECIBOS DE NOMINA,NO_CLIENTE,0,Alto,0.0,3,96,0,0,0,0,0,34,Familiares,Licenciatura
Rechazada,Rechazado,MALO,0,21817,RECIBOS DE NOMINA,NO_CLIENTE,15800,Alto,0.0,2,96,0,1,16260,1080,0,34,Propia,Licenciatura
Rechazada,Rechazado,MALO,0,17353,RECIBOS DE NOMINA,NO_CLIENTE,0,Alto,0.0,4,96,0,0,0,0,0,34,Propia,Posgrado
Rechazada,Rechazado,MALO,0,24106,PROPIEDAD ACTIVO FIJO,NO_CLIENTE,0,Alto,0.0,5,96,0,0,0,0,0,34,Familiares,Licenciatura
Rechazada,Rechazado,MALO,0,21277,PROPIEDAD ACTIVO FIJO,NO_CLIENTE,0,Alto,0.0,2,97,0,0,0,0,0,34,Propia,Licenciatura
Rechazada,Rechazado,MALO,0,18765,RECIBOS DE NOMINA,NO_CLIENTE,0,Alto,0.0,1,97,0,0,0,0,0,34,Familiares,Posgrado
Rechazada,Rechazado,MALO,0,25270,RECIBOS DE NOMINA,NO_CLIENTE,0,Alto,0.0,2,97,0,0,0,0,0,34,Propia,Preparatoria
Rechazada,Rechazado,MALO,0,23470,PROPIEDAD ACTIVO FIJO,NO_CLIENTE,0,Alto,0.0,3,97,0,0,0,0,0,34,Familiares,Licenciatura
Rechazada,Rechazado,MALO,0,22069,RECIBOS DE NOMINA,NO_CLIENTE,0,Alto,0.0,5,98,0,0,0,0,0,34,Hipoteca,Preparatoria
Rechazada,Rechazado,MALO,0,17323,RECIBOS DE NOMINA,NO_CLIENTE,0,Alto,0.0,2,98,0,0,0,0,0,34,Renta,Licenciatura
Rechazada,Rechazado,MALO,0,24016,RECIBOS DE NOMINA,NO_CLIENTE,0,Alto,0.0,3,98,0,0,0,0,0,34,Renta,Licenciatura
Rechazada,Rechazado,MALO,0,21523,RECIBOS DE NOMINA,NO_CLIENTE,0,Alto,0.0,3,98,0,0,0,0,0,34,Propia,Posgrado
Rechazada,Rechazado,MALO,0,18733,PROPIEDAD ACTIVO FIJO,NO_CLIENTE,0,Alto,0.0,2,98,0,0,0,0,0,34,Propia,Preparatoria
Rechazada,Rechazado,MALO,0,25175,RECIBOS DE NOMINA,NO_CLIENTE,0,Alto,0.0,2,98,0,0,0,0,0,34,Hipoteca,Licenciatura
Rechazada,Rechazado,MALO,0,23741,RECIBOS DE NOMINA,NO_CLIENTE,0,Alto,0.0,3,98,0,0,0,0,0,34,Familiares,Posgrado
Rechazada,Rechazado,MALO,0,22031,PROPIEDAD ACTIVO FIJO,NO_CLIENTE,0,Alto,0.0,2,98,0,1,17114,330,320390,34,Renta,Licenciatura
Rechazada,Rechazado,MALO,0,17259,PROPIEDAD ACTIVO FIJO,NO_CLIENTE,25600,Alto,0.0,3,98,0,1,20447,1290,0,34,Familiares,Licenciatura
Rechazada,Rechazado,MALO,0,24293,RECIBOS DE NOMINA,NO_CLIENTE,0,Alto,0.0,2,98,0,0,0,0,0,34,Hipoteca,Licenciatura
Rechazada,Rechazado,MALO,0,21485,PROPIEDAD ACTIVO FIJO,NO_CLIENTE,0,Alto,0.0,3,98,0,0,0,0,0,34,Propia,Posgrado
Rechazada,Rechazado,MALO,0,18663,RECIBOS DE NOMINA,NO_CLIENTE,0,Alto,0.0,2,98,0,0,0,0,0,34,Familiares,Posgrado
Rechazada,Rechazado,MALO,0,25466,RECIBOS DE NOMINA,NO_CLIENTE,0,Alto,0.0,3,98,0,0,0,0,0,34,Propia,Posgrado
Rechazada,Rechazado,MALO,0,23700,RECIBOS DE NOMINA,NO_CLIENTE,0,Alto,0.0,4,98,0,0,0,0,0,34,Propia,Posgrado
Rechazada,Rechazado,MALO,0,21948,PROPIEDAD ACTIVO FIJO,NO_CLIENTE,0,Alto,0.0,5,99,0,0,6003,0,0,34,Familiares,Preparatoria
Rechazada,Rechazado,MALO,0,17458,RECIBOS DE NOMINA,NO_CLIENTE,0,Alto,0.0,4,99,0,0,0,0,0,34,Hipoteca,Secundaria
Rechazada,Rechazado,MALO,0,24251,RECIBOS DE NOMINA,NO_CLIENTE,0,Alto,0.0,4,99,0,0,0,0,0,34,Hipoteca,Licenciatura
Rechazada,Rechazado,MALO,0,21405,RECIBOS DE NOMINA,NO_CLIENTE,0,Alto,0.0,3,99,0,0,0,0,0,34,Hipoteca,Preparatoria
Rechazada,Rechazado,MALO,0,18878,RECIBOS DE NOMINA,NO_CLIENTE,0,Alto,0.0,4,99,0,0,0,0,0,34,Propia,Licenciatura
Rechazada,Rechazado,MALO,0,25422,RECIBOS DE NOMINA,NO_CLIENTE,0,Alto,0.0,2,99,0,0,0,0,0,34,Renta,Licenciatura
Rechazada,Rechazado,MALO,0,23611,RECIBOS DE NOMINA,NO_CLIENTE,0,Alto,0.0,2,99,0,0,0,0,0,34,Renta,Posgrado
Rechazada,Rechazado,MALO,0,22202,RECIBOS DE NOMINA,NO_CLIENTE,0,Alto,0.0,1,99,0,0,0,0,0,34,Propia,Posgrado
Rechazada,Rechazado,MALO,0,17428,RECIBOS DE NOMINA,NO_CLIENTE,0,Alto,0.0,3,100,0,0,0,0,0,34,Familiares,Preparatoria
Rechazada,Rechazado,MALO,0,24160,PROPIEDAD ACTIVO FIJO,NO_CLIENTE,0,Alto,0.0,2,100,0,1,17032,1090,0,34,Propia,Secundaria
Rechazada,Rechazado,MALO,0,21652,PROPIEDAD ACTIVO FIJO,NO_CLIENTE,0,Alto,0.0,1,100,0,0,0,0,0,34,Familiares,Preparatoria
Rechazada,Rechazado,MALO,0,18846,PROPIEDAD ACTIVO FIJO,NO_CLIENTE,0,Alto,0.0,2,100,0,0,0,0,11184,34,Hipoteca,Preparatoria
Rechazada,Rechazado,MALO,0,25326,PAGOS PROV SEMESTRALES PF,NO_CLIENTE,0,Alto,0.0,3,100,0,0,0,0,0,34,Renta,Posgrado
Rechazada,Rechazado,MALO,0,23884,RECIBOS DE NOMINA,NO_CLIENTE,0,Alto,0.0,1,100,0,0,0,0,0,34,Hipoteca,Licenciatura
Rechazada,Rechazado,MALO,0,22163,PROPIEDAD ACTIVO FIJO,NO_CLIENTE,15000,Alto,0.0,0,100,0,1,6771,530,0,34,Hipoteca,Posgrado
Rechazada,Rechazado,MALO,0,17362,PROPIEDAD ACTIVO FIJO,NO_CLIENTE,55700,Alto,0.0,1,100,0,0,29735,0,0,34,Renta,Posgrado
Rechazada,Rechazado,MALO,0,24439,PROPIEDAD ACTIVO FIJO,NO_CLIENTE,0,Alto,0.0,0,100,0,0,0,0,0,34,Renta,Preparatoria
Rechazada,Rechazado,MALO,0,21615,PROPIEDAD ACTIVO FIJO,NO_CLIENTE,0,Alto,0.0,0,100,0,0,0,0,0,34,Renta,Licenciatura
Rechazada,Rechazado,MALO,0,18775,RECIBOS DE NOMINA,NO_CLIENTE,0,Alto,0.0,4,100,0,0,0,0,0,34,Hipoteca,Posgrado
Rechazada,Rechazado,MALO,0,25619,PROPIEDAD ACTIVO FIJO,NO_CLIENTE,9004,Alto,0.0,4,100,0,0,8673,0,0,34,Propia,Licenciatura
Rechazada,Rechazado,MALO,0,23842,RECIBOS DE NOMINA,CLIENTE_BANCO,0,Alto,0.0,1,100,0,0,0,0,33204,34,Renta,Preparatoria
Rechazada,Rechazado,MALO,0,22080,PROPIEDAD ACTIVO FIJO,NO_CLIENTE,0,Alto,0.0,4,101,0,1,733,250,0,34,Hipoteca,Posgrado
Rechazada,Rechazado,MALO,0,17563,RECIBOS DE NOMINA,NO_CLIENTE,0,Alto,0.0,4,101,0,0,0,0,0,34,Propia,Licenciatura
Rechazada,Rechazado,MALO,0,24397,RECIBOS DE NOMINA,NO_CLIENTE,0,Alto,0.0,0,101,0,0,0,0,0,34,Familiares,Posgrado
Rechazada,Rechazado,MALO,0,21534,RECIBOS DE NOMINA,NO_CLIENTE,0,Alto,0.0,0,101,0,0,0,0,0,34,Hipoteca,Posgrado
Pendiente,Pre-Aprobado,MALO,1,18992,RECIBOS DE NOMINA,NO_CLIENTE,0,Alto,0.0,0,120,0,0,0,0,0,34,Hipoteca,Preparatoria
Pendiente,Pre-Aprobado,MALO,1,25574,PROPIEDAD ACTIVO FIJO,NO_CLIENTE,0,Alto,0.0,1,120,0,0,0,0,0,34,Hipoteca,Posgrado
Pendiente,Pre-Aprobado,MALO,1,23753,RECIBOS DE NOMINA,NO_CLIENTE,0,Alto,0.0,1,130,0,0,0,0,0,34,Hipoteca,Posgrado
Pendiente,Pre-Aprobado,MALO,1,22335,PROPIEDAD ACTIVO FIJO,NO_CLIENTE,0,Alto,0.0,0,132,0,0,0,0,0,34,Hipoteca,Preparatoria
Pendiente,Pre-Aprobado,MALO,1,17532,RECIBOS DE NOMINA,NO_CLIENTE,0,Alto,0.0,1,136,0,0,0,0,0,34,Renta,Preparatoria
Pendiente,Pre-Aprobado,MALO,1,24306,PROPIEDAD ACTIVO FIJO,NO_CLIENTE,0,Alto,0.0,0,142,0,0,0,0,0,34,Propia,Licenciatura
Pendiente,Pre-Aprobado,MALO,1,21782,RECIBOS DE NOMINA,NO_CLIENTE,0,Alto,0.0,1,167,0,0,0,0,0,34,Hipoteca,Licenciatura
Aprobada,Aprobado,BUENO,49999,18959,PROPIEDAD ACTIVO FIJO,NO_CLIENTE,0,Mínimo,0.43,3,177,777,0,0,0,0,34,Propia,Posgrado
Aprobada,Aprobado,REGULAR,5800,25479,RECIBOS DE NOMINA,CLIENTE_BANCO,0,Mínimo,0.21,0,194,799,0,0,0,31374,34,Propia,Posgrado
Aprobada,Aprobado,REGULAR,35000,24027,RECIBOS DE NOMINA,CLIENTE_BANCO,206500,Medio ,0.95,0,195,676,1,116773,6280,41262,34,Renta,Preparatoria
Aprobada,Aprobado,REGULAR,7000,22297,INVERSIONES,NO_CLIENTE,8260,Alto,1.18,0,196,499,3,0,0,0,34,Familiares,Licenciatura
Aprobada,Aprobado,REGULAR,47000,17467,RECIBOS DE NOMINA,CLIENTE_BANCO,2,Mínimo,0.33,0,203,777,0,0,0,0,34,Hipoteca,Licenciatura
Aprobada,Aprobado,REGULAR,9899,24586,PROPIEDAD ACTIVO FIJO,CLIENTE_BANCO,76000,Medio ,0.82,0,209,696,1,23091,1450,199068,34,Propia,Posgrado
Aprobada,Aprobado,REGULAR,9899,21745,PROPIEDAD ACTIVO FIJO,CLIENTE_BANCO,52000,Medio ,0.38,0,212,697,1,41051,2620,0,34,Familiares,Posgrado
Aprobada,Aprobado,BUENO,9899,18888,PROPIEDAD ACTIVO FIJO,CLIENTE_BANCO,15000,Bajo,0.88,0,212,711,1,8580,250,0,34,Propia,Preparatoria
Aprobada,Aprobado,BUENO,50000,25773,RECIBOS DE NOMINA,NO_CLIENTE,0,Bajo,0.7,0,212,740,0,0,0,0,34,Renta,Posgrado
Aprobada,Aprobado,BUENO,7200,25173,RECIBOS DE NOMINA,CLIENTE_BANCO,67000,Bajo,0.89,0,216,740,1,8705,840,0,34,Familiares,Posgrado
Aprobada,Aprobado,BUENO,9899,22158,RECIBOS DE NOMINA,CLIENTE_BANCO,21800,Bajo,0.75,0,220,714,1,9272,600,62605,34,Renta,Posgrado
Aprobada,Aprobado,BUENO,9899,19430,PROPIEDAD ACTIVO FIJO,CLIENTE_BANCO,18000,Bajo,0.65,0,222,740,0,0,0,0,34,Familiares,Posgrado
Aprobada,Aprobado,BUENO,49999,26388,PROPIEDAD ACTIVO FIJO,CLIENTE_BANCO,51000,Mínimo,0.48,0,223,772,0,10834,0,0,34,Hipoteca,Posgrado
Aprobada,Aprobado,REGULAR,36000,24442,RECIBOS DE NOMINA,NO_CLIENTE,0,Mínimo,0.2,0,223,800,0,0,0,0,34,Hipoteca,Posgrado
Aprobada,Aprobado,BUENO,39999,22851,PROPIEDAD ACTIVO FIJO,NO_CLIENTE,0,Mínimo,0.68,0,225,752,0,0,0,0,34,Familiares,Licenciatura
Aprobada,Aprobado,BUENO,9899,18090,PROPIEDAD ACTIVO FIJO,NO_CLIENTE,0,Mínimo,0.44,0,225,766,0,0,0,0,34,Hipoteca,Preparatoria
Aprobada,Aprobado,BUENO,1999,25010,RECIBOS DE NOMINA,CLIENTE_BANCO,0,Bajo,0.68,0,226,742,0,0,0,0,34,Renta,Preparatoria
Aprobada,Aprobado,REGULAR,9899,22285,INVERSIONES,CLIENTE_BANCO,50000,Bajo,0.4,0,230,741,1,12920,690,0,34,Hipoteca,Posgrado
Aprobada,Aprobado,REGULAR,101000,19562,RECIBOS DE NOMINA,CLIENTE_BANCO,15800,Bajo,0.16,0,231,740,0,774,0,23233,34,Hipoteca,Posgrado
Aprobada,Aprobado,BUENO,2999,26217,PROPIEDAD ACTIVO FIJO,CLIENTE_BANCO,0,Bajo,0.54,0,232,746,0,0,0,0,34,Propia,Licenciatura
Aprobada,Aprobado,BUENO,49999,24582,PROPIEDAD ACTIVO FIJO,CLIENTE_BANCO,105900,Bajo,1.03,0,233,750,1,14233,1330,0,34,Hipoteca,Licenciatura
Aprobada,Aprobado,BUENO,39999,23005,PROPIEDAD ACTIVO FIJO,CLIENTE_BANCO,5004,Mínimo,0.72,0,234,762,0,0,0,0,34,Familiares,Posgrado
Aprobada,Aprobado,BUENO,48999,17973,RECIBOS DE NOMINA,CLIENTE_BANCO,24500,Bajo,0.71,0,241,739,1,2177,310,0,34,Familiares,Posgrado
Aprobada,Aprobado,REGULAR,49999,25154,RECIBOS DE NOMINA,CLIENTE_BANCO,160000,Mínimo,0.39,0,242,757,0,7013,0,0,34,Hipoteca,Preparatoria
Aprobada,Aprobado,BUENO,2999,22436,RECIBOS DE NOMINA,CLIENTE_BANCO,8400,Bajo,0.97,0,244,713,0,0,0,0,34,Hipoteca,Posgrado
Aprobada,Aprobado,BUENO,2999,19435,RECIBOS DE NOMINA,CLIENTE_BANCO,15000,Bajo,0.99,0,245,740,1,4610,280,0,34,Familiares,Preparatoria
Aprobada,Aprobado,BUENO,4999,26368,RECIBOS DE NOMINA,CLIENTE_BANCO,0,Bajo,0.6,0,246,750,0,0,0,0,34,Hipoteca,Licenciatura
Aprobada,Aprobado,REGULAR,9899,24748,PROPIEDAD ACTIVO FIJO,CLIENTE_BANCO,17000,Bajo,0.21,0,248,740,0,2407,0,0,34,Familiares,Secundaria
Aprobada,Aprobado,BUENO,49999,22857,PROPIEDAD ACTIVO FIJO,CLIENTE_BANCO,43000,Mínimo,0.86,0,248,762,1,765,382,0,34,Hipoteca,Posgrado
Aprobada,Aprobado,BUENO,33999,18076,RECIBOS DE NOMINA,CLIENTE_BANCO,6500,Bajo,0.66,0,249,733,1,2211,600,0,34,Hipoteca,Posgrado
Aprobada,Aprobado,REGULAR,49999,25324,PROPIEDAD ACTIVO FIJO,CLIENTE_BANCO,69000,Mínimo,0.33,0,255,787,0,0,0,0,34,Hipoteca,Preparatoria
Aprobada,Aprobado,BUENO,49999,22291,PROPIEDAD ACTIVO FIJO,CLIENTE_BANCO,0,Mínimo,0.52,0,258,768,0,0,0,0,34,Hipoteca,Posgrado
Aprobada,Aprobado,BUENO,231000,19547,PROPIEDAD ACTIVO FIJO,CLIENTE_BANCO,0,Mínimo,0.82,0,260,760,0,0,0,0,34,Hipoteca,Posgrado
Aprobada,Aprobado,REGULAR,4999,26546,RECIBOS DE NOMINA,CLIENTE_BANCO,0,Mínimo,0.15,0,260,795,0,0,0,0,34,Hipoteca,Preparatoria
Aprobada,Aprobado,REGULAR,9899,24589,PROPIEDAD ACTIVO FIJO,CLIENTE_BANCO,5000,Bajo,0.18,0,263,720,1,763,250,0,34,Hipoteca,Licenciatura
Aprobada,Aprobado,REGULAR,49999,22988,PROPIEDAD ACTIVO FIJO,CLIENTE_BANCO,10400,Mínimo,0.39,0,263,756,0,0,0,0,34,Renta,Posgrado
Aprobada,Aprobado,BUENO,49999,18199,PROPIEDAD ACTIVO FIJO,CLIENTE_BANCO,86500,Bajo,0.86,0,265,750,1,9254,1090,123476,34,Hipoteca,Preparatoria
Aprobada,Aprobado,BUENO,4999,25160,RECIBOS DE NOMINA,CLIENTE_BANCO,0,Bajo,1.15,0,276,705,0,0,0,0,34,Propia,Licenciatura
Aprobada,Aprobado,REGULAR,49999,22419,PROPIEDAD ACTIVO FIJO,CLIENTE_BANCO,81000,Mínimo,0.37,0,288,767,1,4467,1020,0,34,Renta,Posgrado
Rechazada,Rechazado,MALO,0,19772,RECIBOS DE NOMINA,NO_CLIENTE,0,Alto,0.0,5,89,0,0,0,0,0,35,Hipoteca,Posgrado
Rechazada,Rechazado,MALO,0,26500,RECIBOS DE NOMINA,NO_CLIENTE,0,Alto,0.0,4,89,0,0,0,0,0,35,Renta,Preparatoria
Rechazada,Rechazado,MALO,0,24496,PAGOS PROV SEMESTRALES PF,NO_CLIENTE,0,Alto,0.0,5,89,0,0,0,0,0,35,Renta,Preparatoria
Rechazada,Rechazado,MALO,0,23253,PROPIEDAD ACTIVO FIJO,NO_CLIENTE,0,Alto,0.0,5,89,0,0,0,0,0,35,Propia,Preparatoria
Rechazada,Rechazado,MALO,0,18167,PROPIEDAD ACTIVO FIJO,NO_CLIENTE,0,Alto,0.0,3,90,0,0,768,0,0,35,Hipoteca,Preparatoria
Rechazada,Rechazado,MALO,0,25066,PROPIEDAD ACTIVO FIJO,NO_CLIENTE,0,Alto,0.0,2,90,0,1,60125,2080,0,35,Familiares,Posgrado
Rechazada,Rechazado,MALO,0,22678,RECIBOS DE NOMINA,NO_CLIENTE,0,Alto,0.0,2,90,0,0,0,0,0,35,Propia,Licenciatura
Rechazada,Rechazado,MALO,0,19645,RECIBOS DE NOMINA,NO_CLIENTE,0,Alto,0.0,1,90,0,0,0,0,0,35,Renta,Posgrado
Rechazada,Rechazado,MALO,0,26276,RECIBOS DE NOMINA,NO_CLIENTE,0,Alto,0.0,3,90,0,0,0,0,0,35,Renta,Posgrado
Rechazada,Rechazado,MALO,0,25015,RECIBOS DE NOMINA,NO_CLIENTE,0,Alto,0.0,3,90,0,0,0,0,0,35,Propia,Preparatoria
Rechazada,Rechazado,MALO,0,23104,PROPIEDAD ACTIVO FIJO,NO_CLIENTE,0,Alto,0.0,2,90,0,0,0,0,0,35,Propia,Licenciatura
Rechazada,Rechazado,MALO,0,18013,RECIBOS DE NOMINA,NO_CLIENTE,0,Alto,0.0,3,90,0,0,0,0,0,35,Renta,Preparatoria
Rechazada,Rechazado,MALO,0,25597,RECIBOS DE NOMINA,NO_CLIENTE,0,Alto,0.0,2,90,0,0,0,0,0,35,Propia,Posgrado
Cancelada,Rechazado,MALO,0,22532,RECIBOS DE NOMINA,NO_CLIENTE,0,Alto,0.0,2,91,0,0,0,0,0,35,Propia,Posgrado
Rechazada,Rechazado,MALO,0,19479,PROPIEDAD ACTIVO FIJO,NO_CLIENTE,6000,Alto,0.0,2,91,0,1,1356,250,0,35,Familiares,Licenciatura
Rechazada,Rechazado,MALO,0,26832,PROPIEDAD ACTIVO FIJO,NO_CLIENTE,0,Alto,0.0,4,91,0,0,0,0,0,35,Hipoteca,Posgrado
En_proceso,Rechazado,MALO,0,24854,INVERSIONES,NO_CLIENTE,0,Alto,0.0,5,91,0,0,0,0,0,35,Renta,Posgrado
Rechazada,Rechazado,MALO,0,22908,RECIBOS DE NOMINA,NO_CLIENTE,0,Alto,0.0,3,92,0,0,0,0,0,35,Familiares,Licenciatura
Rechazada,Rechazado,MALO,0,18395,RECIBOS DE NOMINA,NO_CLIENTE,0,Alto,0.0,3,92,0,0,0,0,0,35,Hipoteca,Licenciatura
Rechazada,Rechazado,MALO,0,25432,RECIBOS DE NOMINA,NO_CLIENTE,0,Alto,0.0,4,92,0,0,0,0,0,35,Hipoteca,Licenciatura
Rechazada,Rechazado,MALO,0,22341,PROPIEDAD ACTIVO FIJO,NO_CLIENTE,0,Alto,0.0,3,92,0,2,51854,5960,0,35,Renta,Preparatoria
Rechazada,Rechazado,MALO,0,19891,RECIBOS DE NOMINA,NO_CLIENTE,0,Alto,0.0,2,92,0,0,0,0,0,35,Propia,Preparatoria
Rechazada,Rechazado,MALO,0,26660,RECIBOS DE NOMINA,NO_CLIENTE,0,Alto,0.0,5,92,0,0,0,0,0,35,Familiares,Preparatoria
Rechazada,Rechazado,MALO,0,24644,RECIBOS DE NOMINA,NO_CLIENTE,0,Alto,0.0,3,92,0,0,0,0,0,35,Renta,Licenciatura
Rechazada,Rechazado,MALO,0,23393,PROPIEDAD ACTIVO FIJO,NO_CLIENTE,0,Alto,0.0,3,92,0,0,0,0,0,35,Renta,Preparatoria
Rechazada,Rechazado,MALO,0,18276,RECIBOS DE NOMINA,NO_CLIENTE,0,Alto,0.0,2,92,0,0,0,0,0,35,Renta,Posgrado
Rechazada,Rechazado,MALO,0,25217,PROPIEDAD ACTIVO FIJO,NO_CLIENTE,0,Alto,0.0,3,93,0,0,0,0,0,35,Propia,Posgrado
Rechazada,Rechazado,MALO,0,22814,PROPIEDAD ACTIVO FIJO,NO_CLIENTE,0,Alto,0.0,3,93,0,0,0,0,0,35,Hipoteca,Preparatoria
Rechazada,Rechazado,MALO,0,19763,RECIBOS DE NOMINA,NO_CLIENTE,0,Alto,0.0,4,93,0,0,0,0,0,35,Renta,Posgrado
Rechazada,Rechazado,MALO,0,26434,RECIBOS DE NOMINA,NO_CLIENTE,0,Alto,0.0,5,94,0,0,0,0,0,35,Renta,Preparatoria
Rechazada,Rechazado,MALO,0,25166,RECIBOS DE NOMINA,NO_CLIENTE,0,Alto,0.0,4,94,0,0,0,0,0,35,Hipoteca,Preparatoria
Rechazada,Rechazado,MALO,0,23243,PROPIEDAD ACTIVO FIJO,NO_CLIENTE,0,Alto,0.0,2,94,0,0,4888,0,0,35,Propia,Licenciatura
Rechazada,Rechazado,MALO,0,18122,RECIBOS DE NOMINA,NO_CLIENTE,0,Alto,0.0,3,94,0,0,0,0,0,35,Propia,Posgrado
Rechazada,Rechazado,MALO,0,25751,PROPIEDAD ACTIVO FIJO,NO_CLIENTE,0,Alto,0.0,4,94,0,0,0,0,0,35,Hipoteca,Preparatoria
Rechazada,Rechazado,MALO,0,22667,PROPIEDAD ACTIVO FIJO,CLIENTE_BANCO,5004,Alto,0.0,5,94,0,0,4366,0,0,35,Familiares,Posgrado
Rechazada,Rechazado,MALO,0,19596,PROPIEDAD ACTIVO FIJO,NO_CLIENTE,0,Alto,0.0,4,95,0,0,0,0,0,35,Propia,Preparatoria
Rechazada,Rechazado,MALO,0,26994,PROPIEDAD ACTIVO FIJO,NO_CLIENTE,0,Alto,0.0,1,96,0,1,11526,70,32385,35,Hipoteca,Posgrado
Rechazada,Rechazado,MALO,0,25004,PROPIEDAD ACTIVO FIJO,NO_CLIENTE,0,Alto,0.0,1,96,0,0,0,0,0,35,Familiares,Posgrado
Rechazada,Rechazado,MALO,0,23046,RECIBOS DE NOMINA,NO_CLIENTE,0,Alto,0.0,1,96,0,0,0,0,0,35,Hipoteca,Licenciatura
Rechazada,Rechazado,MALO,0,18505,RECIBOS DE NOMINA,NO_CLIENTE,0,Alto,0.0,3,96,0,0,0,0,0,35,Renta,Preparatoria
Rechazada,Rechazado,MALO,0,25585,PROPIEDAD ACTIVO FIJO,NO_CLIENTE,0,Alto,0.0,4,96,0,0,0,0,0,35,Familiares,Licenciatura
Rechazada,Rechazado,MALO,0,22475,RECIBOS DE NOMINA,NO_CLIENTE,0,Alto,0.0,2,97,0,0,0,0,0,35,Propia,Preparatoria
Rechazada,Rechazado,MALO,0,20011,PROPIEDAD ACTIVO FIJO,NO_CLIENTE,0,Alto,0.0,4,97,0,1,496,250,0,35,Hipoteca,Licenciatura
Rechazada,Rechazado,MALO,0,26820,PROPIEDAD ACTIVO FIJO,NO_CLIENTE,0,Alto,0.0,4,97,0,0,0,0,0,35,Propia,Posgrado
Rechazada,Rechazado,MALO,0,24792,RECIBOS DE NOMINA,NO_CLIENTE,0,Alto,0.0,2,97,0,0,0,0,0,35,Familiares,Posgrado
Rechazada,Rechazado,MALO,0,23534,RECIBOS DE NOMINA,NO_CLIENTE,0,Alto,0.0,1,97,0,0,0,0,0,35,Renta,Posgrado
Rechazada,Rechazado,MALO,0,18386,RECIBOS DE NOMINA,NO_CLIENTE,0,Alto,0.0,3,97,0,0,0,0,0,35,Familiares,Preparatoria
Rechazada,Rechazado,MALO,0,25368,RECIBOS DE NOMINA,NO_CLIENTE,5000,Alto,0.0,4,97,0,0,3539,0,0,35,Renta,Licenciatura
Rechazada,Rechazado,MALO,0,22951,PROPIEDAD ACTIVO FIJO,NO_CLIENTE,0,Alto,0.0,5,97,0,0,0,0,0,35,Familiares,Posgrado
Rechazada,Rechazado,MALO,0,19882,PROPIEDAD ACTIVO FIJO,NO_CLIENTE,0,Alto,0.0,4,97,0,0,0,0,0,35,Familiares,Licenciatura
Rechazada,Rechazado,MALO,0,26593,RECIBOS DE NOMINA,NO_CLIENTE,0,Alto,0.0,5,98,0,0,0,0,0,35,Hipoteca,Posgrado
Rechazada,Rechazado,MALO,0,25317,PROPIEDAD ACTIVO FIJO,NO_CLIENTE,0,Alto,0.0,2,98,0,0,0,0,0,35,Propia,Posgrado
Rechazada,Rechazado,MALO,0,23382,RECIBOS DE NOMINA,NO_CLIENTE,0,Alto,0.0,2,98,0,0,0,0,0,35,Propia,Licenciatura
Rechazada,Rechazado,MALO,0,18230,RECIBOS DE NOMINA,NO_CLIENTE,0,Alto,0.0,3,98,0,0,0,0,5428,35,Hipoteca,Licenciatura
Rechazada,Rechazado,MALO,0,25906,RECIBOS DE NOMINA,NO_CLIENTE,0,Alto,0.0,2,98,0,0,0,0,0,35,Renta,Posgrado
Rechazada,Rechazado,MALO,0,22803,PROPIEDAD ACTIVO FIJO,NO_CLIENTE,0,Alto,0.0,1,98,0,0,0,0,0,35,Renta,Posgrado
Rechazada,Rechazado,MALO,0,19714,RECIBOS DE NOMINA,NO_CLIENTE,0,Alto,0.0,1,98,0,0,0,0,0,35,Familiares,Posgrado
Rechazada,Rechazado,MALO,0,27156,PROPIEDAD ACTIVO FIJO,NO_CLIENTE,0,Alto,0.0,3,98,0,0,0,0,0,35,Propia,Licenciatura
En_proceso,Rechazado,MALO,0,25154,INVERSIONES,NO_CLIENTE,0,Alto,0.0,4,98,0,0,0,0,0,35,Renta,Licenciatura
Rechazada,Rechazado,MALO,0,23184,RECIBOS DE NOMINA,NO_CLIENTE,0,Alto,0.0,1,99,0,0,0,0,0,35,Renta,Preparatoria
Rechazada,Rechazado,MALO,0,18617,RECIBOS DE NOMINA,NO_CLIENTE,0,Alto,0.0,5,99,0,0,0,0,0,35,Renta,Posgrado
Rechazada,Rechazado,MALO,0,25739,RECIBOS DE NOMINA,NO_CLIENTE,0,Alto,0.0,4,99,0,0,0,0,0,35,Propia,Posgrado
Rechazada,Rechazado,MALO,0,22610,RECIBOS DE NOMINA,NO_CLIENTE,0,Alto,0.0,4,99,0,0,0,0,0,35,Hipoteca,Posgrado
Rechazada,Rechazado,MALO,0,20131,RECIBOS DE NOMINA,NO_CLIENTE,0,Alto,0.0,2,100,0,0,0,0,32814,35,Renta,Licenciatura
Rechazada,Rechazado,MALO,0,26981,RECIBOS DE NOMINA,NO_CLIENTE,0,Alto,0.0,2,100,0,0,0,0,0,35,Propia,Preparatoria
Rechazada,Rechazado,MALO,0,24941,RECIBOS DE NOMINA,NO_CLIENTE,0,Alto,0.0,0,100,0,0,0,0,0,35,Propia,Preparatoria
Rechazada,Rechazado,MALO,0,23675,RECIBOS DE NOMINA,NO_CLIENTE,0,Alto,0.0,2,100,0,0,0,0,2753,35,Propia,Licenciatura
Rechazada,Rechazado,MALO,0,18497,PROPIEDAD ACTIVO FIJO,NO_CLIENTE,0,Alto,0.0,2,101,0,0,0,0,0,35,Hipoteca,Posgrado
Rechazada,Rechazado,MALO,0,25521,PROPIEDAD ACTIVO FIJO,NO_CLIENTE,0,Alto,0.0,1,101,0,0,0,0,0,35,Renta,Posgrado
Rechazada,Rechazado,MALO,0,23089,PROPIEDAD ACTIVO FIJO,NO_CLIENTE,0,Alto,0.0,1,101,0,0,0,0,0,35,Familiares,Licenciatura
Rechazada,Rechazado,MALO,0,20002,RECIBOS DE NOMINA,NO_CLIENTE,0,Alto,0.0,0,101,0,0,0,0,3479,35,Renta,Posgrado
Pendiente,Pre-Aprobado,MALO,1,26753,RECIBOS DE NOMINA,NO_CLIENTE,0,Alto,0.0,0,120,0,0,0,0,0,35,Familiares,Licenciatura
Pendiente,Pre-Aprobado,MALO,1,25469,PROPIEDAD ACTIVO FIJO,NO_CLIENTE,0,Alto,0.0,1,125,0,0,0,0,0,35,Hipoteca,Posgrado
Pendiente,Pre-Aprobado,MALO,1,23523,PROPIEDAD ACTIVO FIJO,NO_CLIENTE,0,Alto,0.0,0,134,0,0,0,0,0,35,Hipoteca,Posgrado
Pendiente,Pre-Aprobado,MALO,1,18340,RECIBOS DE NOMINA,NO_CLIENTE,0,Alto,0.0,0,142,0,0,0,0,0,35,Propia,Licenciatura
Aprobada,Aprobado,BUENO,10300,26061,RECIBOS DE NOMINA,NO_CLIENTE,0,Bajo,0.85,1,170,735,0,0,0,0,35,Renta,Preparatoria
Aprobada,Aprobado,REGULAR,5000,22940,INVERSIONES,NO_CLIENTE,0,Mínimo,0.38,0,173,782,0,0,0,0,35,Familiares,Licenciatura
Aprobada,Aprobado,REGULAR,11300,19832,PROPIEDAD ACTIVO FIJO,CLIENTE_BANCO,164199,Alto,1.14,0,187,622,2,58447,5770,43559,35,Hipoteca,Posgrado
Aprobada,Aprobado,BUENO,16800,27319,RECIBOS DE NOMINA,NO_CLIENTE,0,Bajo,0.75,0,203,745,0,0,0,71456,35,Propia,Licenciatura
Aprobada,Aprobado,BUENO,35000,26557,RECIBOS DE NOMINA,CLIENTE_BANCO,0,Bajo,0.62,0,207,748,0,0,0,0,35,Propia,Licenciatura
Aprobada,Aprobado,BUENO,7800,23266,PROPIEDAD ACTIVO FIJO,NO_CLIENTE,0,Bajo,1.09,0,211,711,0,0,0,0,35,Hipoteca,Posgrado
Aprobada,Aprobado,BUENO,4999,20596,RECIBOS DE NOMINA,CLIENTE_BANCO,0,Bajo,0.72,0,211,748,0,0,0,0,35,Renta,Posgrado
Aprobada,Aprobado,BUENO,9899,27839,RECIBOS DE NOMINA,CLIENTE_BANCO,0,Bajo,0.74,0,215,736,0,0,0,0,35,Hipoteca,Posgrado
Aprobada,Aprobado,REGULAR,2999,25664,PAGOS PROV SEMESTRALES PF,CLIENTE_BANCO,0,Mínimo,0.24,0,215,786,0,0,0,0,35,Hipoteca,Posgrado
Aprobada,Aprobado,BUENO,6000,24222,RECIBOS DE NOMINA,NO_CLIENTE,0,Bajo,0.61,0,216,739,0,0,0,0,35,Propia,Preparatoria
Aprobada,Aprobado,BUENO,1999,19085,PROPIEDAD ACTIVO FIJO,CLIENTE_BANCO,5000,Bajo,1.06,0,218,723,1,1370,250,0,35,Familiares,Licenciatura
Aprobada,Aprobado,REGULAR,9899,26260,RECIBOS DE NOMINA,CLIENTE_BANCO,7300,Bajo,0.37,0,218,727,1,4896,250,0,35,Renta,Preparatoria
Aprobada,Aprobado,REGULAR,2999,23622,PROPIEDAD ACTIVO FIJO,NO_CLIENTE,0,Medio ,1.01,0,220,699,0,0,0,0,35,Hipoteca,Preparatoria
Aprobada,Aprobado,BUENO,9899,20638,PROPIEDAD ACTIVO FIJO,CLIENTE_BANCO,17100,Bajo,0.91,0,221,750,0,11204,0,0,35,Renta,Preparatoria
Aprobada,Aprobado,REGULAR,18399,27528,RECIBOS DE NOMINA,NO_CLIENTE,0,Medio ,1.16,0,222,684,0,0,0,0,35,Renta,Licenciatura
Aprobada,Aprobado,BUENO,49999,26057,PROPIEDAD ACTIVO FIJO,CLIENTE_BANCO,38500,Bajo,0.81,0,223,719,0,0,0,0,35,Renta,Posgrado
Aprobada,Aprobado,BUENO,39999,24271,PROPIEDAD ACTIVO FIJO,CLIENTE_BANCO,16100,Mínimo,0.77,0,223,757,1,3807,250,0,35,Hipoteca,Posgrado
Aprobada,Aprobado,REGULAR,21900,18872,RECIBOS DE NOMINA,NO_CLIENTE,0,Mínimo,0.26,0,224,794,0,0,0,0,35,Familiares,Posgrado
Aprobada,Aprobado,REGULAR,9899,26663,PROPIEDAD ACTIVO FIJO,CLIENTE_BANCO,5100,Bajo,0.15,0,225,711,0,5866,0,4584,35,Familiares,Preparatoria
Aprobada,Aprobado,BUENO,39999,23670,PROPIEDAD ACTIVO FIJO,CLIENTE_BANCO,50000,Mínimo,0.89,0,228,766,0,0,0,363872,35,Propia,Licenciatura
Aprobada,Aprobado,BUENO,55000,20407,RECIBOS DE NOMINA,CLIENTE_BANCO,0,Bajo,0.67,0,234,733,0,0,0,0,35,Renta,Licenciatura
Aprobada,Aprobado,BUENO,200000,27950,RECIBOS DE NOMINA,CLIENTE_BANCO,5300,Bajo,0.62,0,234,740,1,2144,250,0,35,Hipoteca,Licenciatura
Aprobada,Aprobado,BUENO,9899,26110,RECIBOS DE NOMINA,CLIENTE_BANCO,34000,Bajo,1.0,0,236,720,0,0,0,0,35,Hipoteca,Preparatoria
Aprobada,Aprobado,BUENO,32000,24000,RECIBOS DE NOMINA,NO_CLIENTE,0,Bajo,1.1,0,237,710,0,0,0,0,35,Hipoteca,Licenciatura
Aprobada,Aprobado,BUENO,4999,19161,RECIBOS DE NOMINA,CLIENTE_BANCO,0,Bajo,0.84,0,241,726,0,0,0,0,35,Familiares,Preparatoria
Aprobada,Aprobado,BUENO,24002,26717,RECIBOS DE NOMINA,CLIENTE_BANCO,15000,Bajo,1.08,0,244,723,0,4168,0,32624,35,Familiares,Licenciatura
Aprobada,Aprobado,BUENO,49999,23406,RECIBOS DE NOMINA,CLIENTE_BANCO,129500,Bajo,0.95,0,245,737,0,6653,0,47776,35,Propia,Preparatoria
Aprobada,Aprobado,BUENO,17000,20720,RECIBOS DE NOMINA,CLIENTE_BANCO,0,Bajo,0.92,0,252,728,0,0,0,0,35,Hipoteca,Preparatoria
Aprobada,Aprobado,BUENO,9899,28006,PROPIEDAD ACTIVO FIJO,CLIENTE_BANCO,33500,Mínimo,0.75,0,256,772,0,567,0,0,35,Renta,Posgrado
Aprobada,Aprobado,REGULAR,19500,25818,RECIBOS DE NOMINA,CLIENTE_BANCO,0,Mínimo,0.26,0,256,784,0,0,0,0,35,Hipoteca,Posgrado
Aprobada,Aprobado,BUENO,9899,24367,PROPIEDAD ACTIVO FIJO,CLIENTE_BANCO,15000,Bajo,0.85,0,271,723,1,2595,250,0,35,Renta,Preparatoria
Aprobada,Aprobado,BUENO,49999,19199,RECIBOS DE NOMINA,CLIENTE_BANCO,118000,Mínimo,0.56,0,275,757,1,20444,1480,0,35,Renta,Preparatoria
Rechazada,Rechazado,MALO,0,26670,PROPIEDAD ACTIVO FIJO,NO_CLIENTE,0,Alto,0.0,4,89,0,0,0,0,81469,36,Hipoteca,Posgrado
Rechazada,Rechazado,MALO,0,23652,RECIBOS DE NOMINA,NO_CLIENTE,0,Alto,0.0,4,89,0,0,10389,0,0,36,Propia,Posgrado
Rechazada,Rechazado,MALO,0,20761,RECIBOS DE NOMINA,NO_CLIENTE,15000,Alto,0.0,4,89,0,1,6366,250,0,36,Hipoteca,Preparatoria
Rechazada,Rechazado,MALO,0,28090,PAGOS PROV SEMESTRALES PF,NO_CLIENTE,0,Alto,0.0,5,89,0,0,0,0,0,36,Hipoteca,Licenciatura
Rechazada,Rechazado,MALO,0,25844,PROPIEDAD ACTIVO FIJO,NO_CLIENTE,0,Alto,0.0,5,89,0,0,0,0,0,36,Renta,Posgrado
Rechazada,Rechazado,MALO,0,24416,RECIBOS DE NOMINA,NO_CLIENTE,0,Alto,0.0,5,89,0,0,0,0,0,36,Hipoteca,Preparatoria
Rechazada,Rechazado,MALO,0,19257,PROPIEDAD ACTIVO FIJO,NO_CLIENTE,0,Alto,0.0,4,89,0,0,0,0,0,36,Hipoteca,Posgrado
Rechazada,Rechazado,MALO,0,26445,PROPIEDAD ACTIVO FIJO,NO_CLIENTE,0,Alto,0.0,4,90,0,0,711,0,0,36,Renta,Licenciatura
Rechazada,Rechazado,MALO,0,23812,PROPIEDAD ACTIVO FIJO,NO_CLIENTE,0,Alto,0.0,1,90,0,0,0,0,0,36,Propia,Posgrado
Rechazada,Rechazado,MALO,0,20824,RECIBOS DE NOMINA,NO_CLIENTE,0,Alto,0.0,4,90,0,0,0,0,0,36,Familiares,Preparatoria
Rechazada,Rechazado,MALO,0,27721,PROPIEDAD ACTIVO FIJO,NO_CLIENTE,0,Alto,0.0,3,90,0,0,0,0,0,36,Familiares,Licenciatura
Rechazada,Rechazado,MALO,0,26266,RECIBOS DE NOMINA,NO_CLIENTE,0,Alto,0.0,1,90,0,0,0,0,18831,36,Familiares,Preparatoria
Rechazada,Rechazado,MALO,0,24490,RECIBOS DE NOMINA,NO_CLIENTE,0,Alto,0.0,1,90,0,0,0,0,0,36,Familiares,Preparatoria
Rechazada,Rechazado,MALO,0,19004,PROPIEDAD ACTIVO FIJO,NO_CLIENTE,0,Alto,0.0,4,90,0,0,0,0,0,36,Renta,Posgrado
Rechazada,Rechazado,MALO,0,26877,RECIBOS DE NOMINA,NO_CLIENTE,0,Alto,0.0,2,90,0,0,0,0,0,36,Propia,Preparatoria
Rechazada,Rechazado,MALO,0,23884,PROPIEDAD ACTIVO FIJO,NO_CLIENTE,0,Alto,0.0,2,90,0,0,0,0,0,36,Familiares,Preparatoria
Rechazada,Rechazado,MALO,0,20550,RECIBOS DE NOMINA,NO_CLIENTE,16000,Alto,0.0,4,90,0,1,2815,250,0,36,Familiares,Posgrado
Rechazada,Rechazado,MALO,0,28174,PROPIEDAD ACTIVO FIJO,NO_CLIENTE,0,Alto,0.0,2,90,0,0,0,0,0,36,Familiares,Preparatoria
En_proceso,Rechazado,MALO,0,26345,INVERSIONES,NO_CLIENTE,0,Alto,0.0,5,90,0,0,0,0,0,36,Hipoteca,Preparatoria
Rechazada,Rechazado,MALO,0,24168,INVERSIONES,NO_CLIENTE,0,Alto,0.0,5,91,0,0,0,0,0,36,Propia,Licenciatura
Rechazada,Rechazado,MALO,0,19314,RECIBOS DE NOMINA,NO_CLIENTE,0,Alto,0.0,4,91,0,0,0,0,0,36,Propia,Preparatoria
Rechazada,Rechazado,MALO,0,26958,RECIBOS DE NOMINA,NO_CLIENTE,0,Alto,0.0,1,91,0,0,0,0,0,36,Renta,Licenciatura
Rechazada,Rechazado,MALO,0,23570,PROPIEDAD ACTIVO FIJO,NO_CLIENTE,0,Alto,0.0,2,91,0,8,12278,9810,0,36,Propia,Licenciatura
Rechazada,Rechazado,MALO,0,20886,RECIBOS DE NOMINA,NO_CLIENTE,0,Alto,0.0,2,91,0,0,0,0,0,36,Familiares,Posgrado
Rechazada,Rechazado,MALO,0,28259,RECIBOS DE NOMINA,NO_CLIENTE,0,Alto,0.0,4,91,0,0,0,0,0,36,Hipoteca,Posgrado
Rechazada,Rechazado,MALO,0,25999,RECIBOS DE NOMINA,NO_CLIENTE,0,Alto,0.0,4,91,0,0,0,0,0,36,Renta,Licenciatura
Rechazada,Rechazado,MALO,0,24563,RECIBOS DE NOMINA,NO_CLIENTE,0,Alto,0.0,2,92,0,0,0,0,0,36,Renta,Posgrado
Rechazada,Rechazado,MALO,0,19373,RECIBOS DE NOMINA,NO_CLIENTE,0,Alto,0.0,2,92,0,0,0,0,0,36,Familiares,Licenciatura
Rechazada,Rechazado,MALO,0,26604,PROPIEDAD ACTIVO FIJO,NO_CLIENTE,0,Alto,0.0,5,92,0,0,0,0,0,36,Renta,Posgrado
Rechazada,Rechazado,MALO,0,23955,RECIBOS DE NOMINA,NO_CLIENTE,0,Alto,0.0,3,93,0,0,0,0,0,36,Familiares,Licenciatura
Rechazada,Rechazado,MALO,0,20949,PROPIEDAD ACTIVO FIJO,NO_CLIENTE,0,Alto,0.0,2,93,0,0,0,0,0,36,Propia,Preparatoria
Rechazada,Rechazado,MALO,0,27888,PROPIEDAD ACTIVO FIJO,NO_CLIENTE,0,Alto,0.0,4,93,0,0,0,0,0,36,Propia,Preparatoria
Rechazada,Rechazado,MALO,0,26424,RECIBOS DE NOMINA,NO_CLIENTE,0,Alto,0.0,5,93,0,0,0,0,0,36,Hipoteca,Posgrado
Rechazada,Rechazado,MALO,0,24637,PROPIEDAD ACTIVO FIJO,NO_CLIENTE,0,Alto,0.0,5,93,0,0,0,0,0,36,Familiares,Posgrado
Rechazada,Rechazado,MALO,0,19118,PROPIEDAD ACTIVO FIJO,NO_CLIENTE,0,Alto,0.0,2,93,0,0,0,0,0,36,Propia,Posgrado
Cancelada,Rechazado,MALO,0,27038,SIN COMPROBANTE,NO_CLIENTE,0,Alto,0.0,5,94,0,0,0,0,0,36,Hipoteca,Posgrado
Rechazada,Rechazado,MALO,0,24027,RECIBOS DE NOMINA,NO_CLIENTE,3000,Alto,0.0,5,94,0,1,3176,250,0,36,Propia,Licenciatura
Rechazada,Rechazado,MALO,0,20674,RECIBOS DE NOMINA,NO_CLIENTE,0,Alto,0.0,3,95,0,0,0,0,0,36,Familiares,Preparatoria
Rechazada,Rechazado,MALO,0,28343,PROPIEDAD ACTIVO FIJO,NO_CLIENTE,21400,Alto,0.0,4,95,0,0,0,0,32500,36,Propia,Preparatoria
Rechazada,Rechazado,MALO,0,26504,RECIBOS DE NOMINA,NO_CLIENTE,0,Alto,0.0,4,96,0,0,0,0,0,36,Propia,Licenciatura
Rechazada,Rechazado,MALO,0,24313,RECIBOS DE NOMINA,NO_CLIENTE,0,Alto,0.0,3,96,0,0,0,0,0,36,Renta,Posgrado
Rechazada,Rechazado,MALO,0,19431,RECIBOS DE NOMINA,NO_CLIENTE,0,Alto,0.0,2,96,0,0,0,0,0,36,Hipoteca,Secundaria
Rechazada,Rechazado,MALO,0,27120,PROPIEDAD ACTIVO FIJO,NO_CLIENTE,0,Alto,0.0,3,97,0,0,0,0,53116,36,Hipoteca,Preparatoria
Rechazada,Rechazado,MALO,0,23711,RECIBOS DE NOMINA,NO_CLIENTE,0,Alto,0.0,3,97,0,2,2655,500,0,36,Familiares,Posgrado
Rechazada,Rechazado,MALO,0,21011,RECIBOS DE NOMINA,NO_CLIENTE,0,Alto,0.0,1,97,0,0,0,0,0,36,Propia,Licenciatura
Rechazada,Rechazado,MALO,0,28429,PROPIEDAD ACTIVO FIJO,NO_CLIENTE,0,Alto,0.0,1,97,0,0,0,0,0,36,Hipoteca,Preparatoria
Rechazada,Rechazado,MALO,0,26155,PAGOS PROV SEMESTRALES PF,NO_CLIENTE,0,Alto,0.0,2,97,0,0,0,0,0,36,Hipoteca,Preparatoria
Rechazada,Rechazado,MALO,0,24711,RECIBOS DE NOMINA,NO_CLIENTE,0,Alto,0.0,2,97,0,0,0,0,0,36,Hipoteca,Preparatoria
Rechazada,Rechazado,MALO,0,19489,RECIBOS DE NOMINA,NO_CLIENTE,211000,Alto,0.0,4,97,0,0,5377,0,81528,36,Hipoteca,Posgrado
Rechazada,Rechazado,MALO,0,26764,RECIBOS DE NOMINA,NO_CLIENTE,0,Alto,0.0,5,97,0,0,0,0,0,36,Propia,Licenciatura
Rechazada,Rechazado,MALO,0,24099,RECIBOS DE NOMINA,NO_CLIENTE,0,Alto,0.0,5,98,0,0,0,0,0,36,Familiares,Preparatoria
Rechazada,Rechazado,MALO,0,21075,RECIBOS DE NOMINA,NO_CLIENTE,0,Alto,0.0,4,98,0,0,0,0,0,36,Propia,Licenciatura
Rechazada,Rechazado,MALO,0,28055,RECIBOS DE NOMINA,NO_CLIENTE,0,Alto,0.0,4,98,0,0,0,0,0,36,Familiares,Posgrado
Rechazada,Rechazado,MALO,0,26583,PROPIEDAD ACTIVO FIJO,NO_CLIENTE,0,Alto,0.0,3,98,0,0,0,0,0,36,Propia,Posgrado
Rechazada,Rechazado,MALO,0,24785,RECIBOS DE NOMINA,NO_CLIENTE,0,Alto,0.0,2,98,0,0,0,0,0,36,Propia,Preparatoria
Rechazada,Rechazado,MALO,0,19233,PROPIEDAD ACTIVO FIJO,NO_CLIENTE,0,Alto,0.0,3,98,0,0,0,0,240126,36,Familiares,Posgrado
Rechazada,Rechazado,MALO,0,27201,RECIBOS DE NOMINA,NO_CLIENTE,0,Alto,0.0,1,98,0,0,0,0,0,36,Renta,Preparatoria
Rechazada,Rechazado,MALO,0,24172,PROPIEDAD ACTIVO FIJO,NO_CLIENTE,0,Alto,0.0,2,98,0,0,0,0,0,36,Renta,Licenciatura
Rechazada,Rechazado,MALO,0,20798,RECIBOS DE NOMINA,NO_CLIENTE,0,Alto,0.0,2,98,0,0,0,0,0,36,Propia,Preparatoria
Rechazada,Rechazado,MALO,0,28514,PROPIEDAD ACTIVO FIJO,NO_CLIENTE,0,Alto,0.0,3,98,0,0,0,0,0,36,Propia,Posgrado
Rechazada,Rechazado,MALO,0,26663,PROPIEDAD ACTIVO FIJO,NO_CLIENTE,14600,Alto,0.0,5,98,0,0,7104,0,0,36,Familiares,Posgrado
Rechazada,Rechazado,MALO,0,24459,PROPIEDAD ACTIVO FIJO,NO_CLIENTE,680500,Alto,0.0,5,98,0,1,179966,9910,0,36,Propia,Licenciatura
Rechazada,Rechazado,MALO,0,19547,RECIBOS DE NOMINA,NO_CLIENTE,0,Alto,0.0,5,99,0,0,0,0,0,36,Familiares,Preparatoria
Rechazada,Rechazado,MALO,0,27283,RECIBOS DE NOMINA,NO_CLIENTE,0,Alto,0.0,4,99,0,0,0,0,0,36,Familiares,Preparatoria
Rechazada,Rechazado,MALO,0,23854,RECIBOS DE NOMINA,NO_CLIENTE,0,Alto,0.0,1,99,0,0,0,0,0,36,Propia,Licenciatura
Rechazada,Rechazado,MALO,0,21138,PROPIEDAD ACTIVO FIJO,NO_CLIENTE,0,Alto,0.0,5,99,0,0,0,0,0,36,Propia,Preparatoria
Rechazada,Rechazado,MALO,0,28600,RECIBOS DE NOMINA,NO_CLIENTE,0,Alto,0.0,2,99,0,0,0,0,0,36,Propia,Licenciatura
Rechazada,Rechazado,MALO,0,26313,RECIBOS DE NOMINA,NO_CLIENTE,0,Alto,0.0,2,99,0,0,0,0,0,36,Familiares,Posgrado
Rechazada,Rechazado,MALO,0,24859,RECIBOS DE NOMINA,NO_CLIENTE,0,Alto,0.0,3,100,0,1,7268,460,309,36,Familiares,Preparatoria
Rechazada,Rechazado,MALO,0,19606,PROPIEDAD ACTIVO FIJO,NO_CLIENTE,0,Alto,0.0,3,100,0,0,0,0,0,36,Familiares,Licenciatura
Rechazada,Rechazado,MALO,0,26924,RECIBOS DE NOMINA,NO_CLIENTE,0,Alto,0.0,4,100,0,0,0,0,0,36,Propia,Posgrado
Rechazada,Rechazado,MALO,0,24244,RECIBOS DE NOMINA,NO_CLIENTE,0,Alto,0.0,3,100,0,0,0,0,0,36,Propia,Licenciatura
Rechazada,Rechazado,MALO,0,21202,PROPIEDAD ACTIVO FIJO,NO_CLIENTE,89300,Alto,0.0,1,100,0,5,102646,26250,0,36,Renta,Posgrado
Rechazada,Rechazado,MALO,0,28224,RECIBOS DE NOMINA,NO_CLIENTE,0,Alto,0.0,1,100,0,0,0,0,0,36,Familiares,Preparatoria
En_proceso,Rechazado,MALO,0,26743,PROPIEDAD ACTIVO FIJO,NO_CLIENTE,0,Alto,0.0,3,100,0,0,0,0,0,36,Renta,Preparatoria
Rechazada,Rechazado,MALO,0,24934,PROPIEDAD ACTIVO FIJO,NO_CLIENTE,0,Alto,0.0,2,101,0,0,0,0,0,36,Hipoteca,Posgrado
Cancelada,Rechazado,MALO,0,19349,RECIBOS DE NOMINA,NO_CLIENTE,0,Alto,0.0,3,101,0,1,17992,1280,0,36,Renta,Licenciatura
Rechazada,Rechazado,MALO,0,27364,RECIBOS DE NOMINA,NO_CLIENTE,0,Alto,0.0,3,101,0,0,0,0,0,36,Propia,Preparatoria
Rechazada,Rechazado,MALO,0,24317,PROPIEDAD ACTIVO FIJO,NO_CLIENTE,0,Alto,0.0,0,101,0,0,0,0,0,36,Propia,Preparatoria
Rechazada,Rechazado,MALO,0,20923,RECIBOS DE NOMINA,NO_CLIENTE,0,Alto,0.0,0,101,0,0,0,0,0,36,Renta,Posgrado
Rechazada,Rechazado,MALO,0,28685,RECIBOS DE NOMINA,NO_CLIENTE,0,Alto,0.0,1,101,0,0,0,0,0,36,Hipoteca,Licenciatura
Pendiente,Pre-Aprobado,MALO,1,28151,RECIBOS DE NOMINA,NO_CLIENTE,5000,Alto,0.0,1,110,0,0,0,0,0,36,Renta,Posgrado
Pendiente,Pre-Aprobado,MALO,1,24545,RECIBOS DE NOMINA,NO_CLIENTE,0,Alto,0.0,0,120,0,0,0,0,0,36,Renta,Licenciatura
Pendiente,Pre-Aprobado,MALO,1,21626,PROPIEDAD ACTIVO FIJO,NO_CLIENTE,0,Alto,0.0,0,130,0,0,0,0,0,36,Renta,Preparatoria
Pendiente,Pre-Aprobado,MALO,1,29509,RECIBOS DE NOMINA,NO_CLIENTE,0,Alto,0.0,0,133,0,0,0,0,0,36,Hipoteca,Licenciatura
Aprobada,Aprobado,REGULAR,5800,27075,RECIBOS DE NOMINA,NO_CLIENTE,0,Mínimo,0.3,0,173,790,0,0,0,0,36,Renta,Posgrado
Aprobada,Aprobado,BUENO,23600,25433,RECIBOS DE NOMINA,CLIENTE_BANCO,17000,Bajo,0.89,0,190,715,1,15216,250,0,36,Hipoteca,Posgrado
Aprobada,Aprobado,REGULAR,48000,20230,PROPIEDAD ACTIVO FIJO,CLIENTE_BANCO,0,Mínimo,0.35,0,190,775,0,0,0,0,36,Propia,Posgrado
Aprobada,Aprobado,REGULAR,9899,27705,PROPIEDAD ACTIVO FIJO,CLIENTE_BANCO,13000,Bajo,0.32,0,191,723,0,906,0,0,36,Renta,Preparatoria
Aprobada,Aprobado,BUENO,46999,24803,RECIBOS DE NOMINA,CLIENTE_BANCO,20000,Bajo,0.79,0,194,740,0,1777,0,0,36,Propia,Preparatoria
Aprobada,Aprobado,BUENO,10400,21876,PROPIEDAD ACTIVO FIJO,NO_CLIENTE,5000,Mínimo,0.55,0,195,755,0,0,0,0,36,Hipoteca,Posgrado
Aprobada,Aprobado,BUENO,7100,29042,RECIBOS DE NOMINA,NO_CLIENTE,0,Bajo,0.62,0,196,738,0,0,0,0,36,Hipoteca,Preparatoria
Aprobada,Aprobado,REGULAR,6000,27360,RECIBOS DE NOMINA,NO_CLIENTE,0,Mínimo,0.3,0,198,780,0,0,0,0,36,Hipoteca,Preparatoria
Aprobada,Aprobado,REGULAR,11800,25727,PROPIEDAD ACTIVO FIJO,NO_CLIENTE,0,Mínimo,0.25,0,199,785,0,0,0,0,36,Familiares,Posgrado
Aprobada,Aprobado,REGULAR,15600,19909,RECIBOS DE NOMINA,CLIENTE_BANCO,0,Mínimo,0.39,0,203,771,0,0,0,0,36,Familiares,Licenciatura
Aprobada,Aprobado,REGULAR,227000,27996,PROPIEDAD ACTIVO FIJO,CLIENTE_BANCO,0,Medio ,1.1,0,212,690,0,0,0,93597,36,Familiares,Licenciatura
Aprobada,Aprobado,REGULAR,10700,25090,RECIBOS DE NOMINA,NO_CLIENTE,0,Medio ,1.1,0,213,690,0,0,0,0,36,Renta,Licenciatura
Aprobada,Aprobado,BUENO,13000,21529,RECIBOS DE NOMINA,CLIENTE_BANCO,0,Bajo,0.54,0,213,746,0,0,0,0,36,Renta,Posgrado
Aprobada,Aprobado,BUENO,11600,29347,RECIBOS DE NOMINA,NO_CLIENTE,0,Bajo,0.97,0,215,723,0,0,0,0,36,Renta,Preparatoria
Aprobada,Aprobado,BUENO,6500,27676,RECIBOS DE NOMINA,NO_CLIENTE,0,Bajo,0.73,0,216,727,0,0,0,0,36,Propia,Preparatoria
Aprobada,Aprobado,BUENO,16800,25320,RECIBOS DE NOMINA,NO_CLIENTE,0,Bajo,0.53,0,217,747,0,0,0,0,36,Hipoteca,Posgrado
Aprobada,Aprobado,BUENO,49999,20119,PROPIEDAD ACTIVO FIJO,CLIENTE_BANCO,15000,Mínimo,0.47,0,217,757,1,1253,250,0,36,Hipoteca,Preparatoria
Aprobada,Aprobado,BUENO,17700,28320,RECIBOS DE NOMINA,NO_CLIENTE,0,Bajo,0.81,0,219,739,0,0,0,0,36,Renta,Licenciatura
Aprobada,Aprobado,REGULAR,9899,24693,PROPIEDAD ACTIVO FIJO,CLIENTE_BANCO,10000,Bajo,0.34,0,220,706,1,5334,370,14376,36,Familiares,Licenciatura
Aprobada,Aprobado,BUENO,28000,21756,RECIBOS DE NOMINA,CLIENTE_BANCO,50002,Bajo,0.83,0,221,714,1,16970,640,254373,36,Familiares,Preparatoria
Aprobada,Aprobado,REGULAR,2999,29687,RECIBOS DE NOMINA,CLIENTE_BANCO,0,Mínimo,0.21,0,221,789,0,0,0,0,36,Familiares,Licenciatura
Aprobada,Aprobado,BUENO,5000,27238,RECIBOS DE NOMINA,NO_CLIENTE,0,Bajo,0.79,0,222,731,0,0,0,0,36,Propia,Posgrado
Aprobada,Aprobado,BUENO,49999,25586,PROPIEDAD ACTIVO FIJO,CLIENTE_BANCO,27000,Bajo,1.01,0,225,731,1,4064,340,0,36,Propia,Preparatoria
Aprobada,Aprobado,BUENO,62000,20351,PROPIEDAD ACTIVO FIJO,CLIENTE_BANCO,66000,Bajo,0.76,0,226,744,0,7552,0,0,36,Familiares,Preparatoria
Aprobada,Aprobado,BUENO,275000,28137,RECIBOS DE NOMINA,CLIENTE_BANCO,200000,Mínimo,0.66,0,226,762,0,1240,0,0,36,Propia,Licenciatura
Aprobada,Aprobado,BUENO,4999,24835,PAGOS PROV SEMESTRALES PF,CLIENTE_BANCO,0,Bajo,1.02,0,227,718,0,0,0,0,36,Propia,Posgrado
Aprobada,Aprobado,BUENO,9600,22007,RECIBOS DE NOMINA,CLIENTE_BANCO,0,Mínimo,0.47,0,228,763,0,0,0,0,36,Propia,Posgrado
Aprobada,Aprobado,BUENO,1999,29635,RECIBOS DE NOMINA,CLIENTE_BANCO,4000,Bajo,1.07,0,229,713,0,260,0,0,36,Familiares,Posgrado
Aprobada,Aprobado,BUENO,5500,27136,RECIBOS DE NOMINA,CLIENTE_BANCO,12000,Bajo,0.88,0,231,722,0,0,0,69104,36,Hipoteca,Preparatoria
Aprobada,Aprobado,BUENO,5000,25881,RECIBOS DE NOMINA,CLIENTE_BANCO,0,Mínimo,0.44,0,233,766,0,0,0,18050,36,Familiares,Preparatoria
Aprobada,Aprobado,BUENO,49999,20316,PROPIEDAD ACTIVO FIJO,CLIENTE_BANCO,29000,Mínimo,0.48,0,237,752,1,52,52,0,36,Propia,Posgrado
Aprobada,Aprobado,BUENO,251000,27767,PROPIEDAD ACTIVO FIJO,CLIENTE_BANCO,169500,Mínimo,0.85,0,238,766,0,0,0,0,36,Propia,Licenciatura
Aprobada,Aprobado,REGULAR,42000,25240,RECIBOS DE NOMINA,CLIENTE_BANCO,0,Mínimo,0.22,0,243,788,0,0,0,0,36,Renta,Licenciatura
Aprobada,Aprobado,BUENO,49999,21969,PROPIEDAD ACTIVO FIJO,CLIENTE_BANCO,50000,Bajo,0.82,0,244,725,1,1170,337,0,36,Hipoteca,Posgrado
Aprobada,Aprobado,REGULAR,106000,29107,RECIBOS DE NOMINA,CLIENTE_BANCO,38000,Bajo,0.34,0,244,727,0,1612,0,0,36,Hipoteca,Licenciatura
Aprobada,Aprobado,BUENO,49999,27842,PROPIEDAD ACTIVO FIJO,CLIENTE_BANCO,75000,Mínimo,0.63,0,245,779,0,0,0,0,36,Familiares,Preparatoria
Aprobada,Aprobado,REGULAR,10000,25837,PROPIEDAD ACTIVO FIJO,NO_CLIENTE,0,Mínimo,0.18,0,246,792,0,0,0,0,36,Hipoteca,Posgrado
Aprobada,Aprobado,BUENO,28999,19954,RECIBOS DE NOMINA,CLIENTE_BANCO,5000,Bajo,0.73,0,248,702,0,762,0,0,36,Propia,Licenciatura
Aprobada,Aprobado,BUENO,1999,28489,PROPIEDAD ACTIVO FIJO,CLIENTE_BANCO,13700,Bajo,0.43,0,270,703,0,151,0,2647,36,Renta,Posgrado
Aprobada,Aprobado,REGULAR,150000,25197,RECIBOS DE NOMINA,CLIENTE_BANCO,161500,Bajo,0.2,0,271,741,0,2577,0,0,36,Familiares,Preparatoria
Rechazada,Rechazado,MALO,0,21783,INVERSIONES,NO_CLIENTE,0,Alto,0.0,4,89,0,0,0,0,1169,37,Hipoteca,Licenciatura
Rechazada,Rechazado,MALO,0,29723,RECIBOS DE NOMINA,NO_CLIENTE,0,Alto,0.0,5,89,0,0,0,0,0,37,Hipoteca,Licenciatura
Rechazada,Rechazado,MALO,0,27663,RECIBOS DE NOMINA,NO_CLIENTE,0,Alto,0.0,5,89,0,0,0,0,0,37,Propia,Posgrado
Rechazada,Rechazado,MALO,0,25618,RECIBOS DE NOMINA,NO_CLIENTE,0,Alto,0.0,4,89,0,0,0,0,51041,37,Familiares,Posgrado
Rechazada,Rechazado,MALO,0,20377,RECIBOS DE NOMINA,NO_CLIENTE,0,Alto,0.0,3,90,0,0,0,0,0,37,Hipoteca,Licenciatura
En_proceso,Rechazado,MALO,0,28306,RECIBOS DE NOMINA,NO_CLIENTE,0,Alto,0.0,2,90,0,0,0,0,7696,37,Familiares,Preparatoria
Rechazada,Rechazado,MALO,0,24984,PROPIEDAD ACTIVO FIJO,NO_CLIENTE,0,Alto,0.0,3,90,0,0,0,0,0,37,Familiares,Posgrado
Rechazada,Rechazado,MALO,0,22035,RECIBOS DE NOMINA,NO_CLIENTE,0,Alto,0.0,4,90,0,0,0,0,0,37,Renta,Posgrado
Rechazada,Rechazado,MALO,0,29672,PROPIEDAD ACTIVO FIJO,NO_CLIENTE,0,Alto,0.0,1,90,0,0,0,0,0,37,Renta,Posgrado
Rechazada,Rechazado,MALO,0,27559,RECIBOS DE NOMINA,NO_CLIENTE,0,Alto,0.0,1,90,0,0,0,0,3915,37,Familiares,Licenciatura
Rechazada,Rechazado,MALO,0,25914,PROPIEDAD ACTIVO FIJO,NO_CLIENTE,0,Alto,0.0,2,90,0,0,0,0,0,37,Familiares,Posgrado
Rechazada,Rechazado,MALO,0,20341,RECIBOS DE NOMINA,NO_CLIENTE,0,Alto,0.0,3,90,0,0,0,0,0,37,Hipoteca,Licenciatura
Rechazada,Rechazado,MALO,0,28200,INVERSIONES,NO_CLIENTE,0,Alto,0.0,2,91,0,0,0,0,0,37,Propia,Licenciatura
Rechazada,Rechazado,MALO,0,25272,RECIBOS DE NOMINA,NO_CLIENTE,0,Alto,0.0,3,91,0,0,0,0,0,37,Hipoteca,Posgrado
Rechazada,Rechazado,MALO,0,21996,RECIBOS DE NOMINA,NO_CLIENTE,0,Alto,0.0,3,91,0,0,0,0,25029,37,Propia,Posgrado
Rechazada,Rechazado,MALO,0,29561,PROPIEDAD ACTIVO FIJO,NO_CLIENTE,0,Alto,0.0,3,91,0,0,0,0,0,37,Hipoteca,Posgrado
Rechazada,Rechazado,MALO,0,27877,RECIBOS DE NOMINA,NO_CLIENTE,0,Alto,0.0,2,91,0,0,0,0,0,37,Propia,Preparatoria
Rechazada,Rechazado,MALO,0,25869,RECIBOS DE NOMINA,CLIENTE_BANCO,0,Alto,0.0,4,91,0,0,0,0,0,37,Hipoteca,Licenciatura
Rechazada,Rechazado,MALO,0,20265,RECIBOS DE NOMINA,NO_CLIENTE,0,Alto,0.0,5,92,0,0,0,0,54337,37,Familiares,Posgrado
Rechazada,Rechazado,MALO,0,28525,RECIBOS DE NOMINA,NO_CLIENTE,0,Alto,0.0,1,92,0,0,0,0,0,37,Hipoteca,Licenciatura
Rechazada,Rechazado,MALO,0,25229,RECIBOS DE NOMINA,NO_CLIENTE,0,Alto,0.0,3,92,0,0,0,0,0,37,Hipoteca,Posgrado
Rechazada,Rechazado,MALO,0,21914,PROPIEDAD ACTIVO FIJO,NO_CLIENTE,0,Alto,0.0,5,92,0,0,0,0,0,37,Propia,Preparatoria
Rechazada,Rechazado,MALO,0,29902,PROPIEDAD ACTIVO FIJO,NO_CLIENTE,0,Alto,0.0,4,92,0,0,0,0,0,37,Hipoteca,Posgrado
Rechazada,Rechazado,MALO,0,27829,RECIBOS DE NOMINA,NO_CLIENTE,0,Alto,0.0,3,92,0,0,0,0,0,37,Familiares,Licenciatura
Rechazada,Rechazado,MALO,0,25772,RECIBOS DE NOMINA,NO_CLIENTE,0,Alto,0.0,3,93,0,0,0,0,0,37,Familiares,Preparatoria
Rechazada,Rechazado,MALO,0,20499,RECIBOS DE NOMINA,NO_CLIENTE,0,Alto,0.0,2,93,0,0,0,0,0,37,Familiares,Licenciatura
Rechazada,Rechazado,MALO,0,28476,RECIBOS DE NOMINA,NO_CLIENTE,0,Alto,0.0,3,93,0,0,0,0,0,37,Propia,Preparatoria
Rechazada,Rechazado,MALO,0,25134,RECIBOS DE NOMINA,NO_CLIENTE,0,Alto,0.0,4,93,0,0,0,0,0,37,Renta,Preparatoria
Rechazada,Rechazado,MALO,0,22167,INVERSIONES,NO_CLIENTE,0,Alto,0.0,4,94,0,0,0,0,0,37,Renta,Licenciatura
Rechazada,Rechazado,MALO,0,29850,RECIBOS DE NOMINA,NO_CLIENTE,0,Alto,0.0,5,94,0,0,0,0,0,37,Propia,Preparatoria
Rechazada,Rechazado,MALO,0,27725,RECIBOS DE NOMINA,NO_CLIENTE,0,Alto,0.0,1,94,0,0,0,0,0,37,Propia,Licenciatura
Rechazada,Rechazado,MALO,0,26070,PROPIEDAD ACTIVO FIJO,NO_CLIENTE,18004,Alto,0.0,3,94,0,0,16379,0,35524,37,Familiares,Licenciatura
Rechazada,Rechazado,MALO,0,20464,RECIBOS DE NOMINA,NO_CLIENTE,0,Alto,0.0,1,94,0,0,0,0,0,37,Hipoteca,Posgrado
Rechazada,Rechazado,MALO,0,28369,RECIBOS DE NOMINA,NO_CLIENTE,0,Alto,0.0,5,94,0,0,0,0,0,37,Hipoteca,Preparatoria
Rechazada,Rechazado,MALO,0,25424,RECIBOS DE NOMINA,NO_CLIENTE,0,Alto,0.0,2,95,0,0,0,0,0,37,Familiares,Preparatoria
Rechazada,Rechazado,MALO,0,22129,RECIBOS DE NOMINA,NO_CLIENTE,0,Alto,0.0,3,95,0,0,0,0,0,37,Hipoteca,Preparatoria
Rechazada,Rechazado,MALO,0,29739,RECIBOS DE NOMINA,NO_CLIENTE,0,Alto,0.0,2,95,0,0,0,0,0,37,Hipoteca,Preparatoria
Rechazada,Rechazado,MALO,0,28045,PROPIEDAD ACTIVO FIJO,NO_CLIENTE,0,Alto,0.0,3,95,0,0,0,0,0,37,Renta,Preparatoria
Rechazada,Rechazado,MALO,0,26025,RECIBOS DE NOMINA,NO_CLIENTE,0,Alto,0.0,3,95,0,0,0,0,0,37,Renta,Posgrado
Rechazada,Rechazado,MALO,0,20387,RECIBOS DE NOMINA,NO_CLIENTE,31900,Alto,0.0,3,95,0,2,20455,2060,18277,37,Propia,Licenciatura
Rechazada,Rechazado,MALO,0,28697,RECIBOS DE NOMINA,NO_CLIENTE,25500,Alto,0.0,4,95,0,0,2652,0,0,37,Propia,Licenciatura
Rechazada,Rechazado,MALO,0,25380,RECIBOS DE NOMINA,NO_CLIENTE,0,Alto,0.0,3,95,0,0,0,0,0,37,Renta,Licenciatura
Rechazada,Rechazado,MALO,0,22046,PROPIEDAD ACTIVO FIJO,NO_CLIENTE,0,Alto,0.0,2,96,0,0,0,0,0,37,Renta,Posgrado
Rechazada,Rechazado,MALO,0,30082,PROPIEDAD ACTIVO FIJO,NO_CLIENTE,5500,Alto,0.0,3,96,0,0,0,0,0,37,Hipoteca,Posgrado
Rechazada,Rechazado,MALO,0,27996,RECIBOS DE NOMINA,NO_CLIENTE,0,Alto,0.0,2,96,0,0,0,0,0,37,Hipoteca,Posgrado
Rechazada,Rechazado,MALO,0,25927,RECIBOS DE NOMINA,NO_CLIENTE,0,Alto,0.0,1,96,0,0,0,0,0,37,Propia,Posgrado
Rechazada,Rechazado,MALO,0,20622,RECIBOS DE NOMINA,NO_CLIENTE,0,Alto,0.0,5,96,0,0,0,0,0,37,Propia,Licenciatura
Rechazada,Rechazado,MALO,0,28647,RECIBOS DE NOMINA,NO_CLIENTE,0,Alto,0.0,4,96,0,0,0,0,0,37,Propia,Preparatoria
Rechazada,Rechazado,MALO,0,25285,RECIBOS DE NOMINA,NO_CLIENTE,0,Alto,0.0,1,97,0,0,0,0,0,37,Familiares,Posgrado
Rechazada,Rechazado,MALO,0,22300,PROPIEDAD ACTIVO FIJO,NO_CLIENTE,0,Alto,0.0,2,97,0,0,0,0,0,37,Renta,Posgrado
Rechazada,Rechazado,MALO,0,30030,RECIBOS DE NOMINA,NO_CLIENTE,0,Alto,0.0,2,97,0,0,0,0,0,37,Familiares,Posgrado
Rechazada,Rechazado,MALO,0,27891,RECIBOS DE NOMINA,NO_CLIENTE,0,Alto,0.0,3,97,0,0,0,0,11494,37,Hipoteca,Preparatoria
Rechazada,Rechazado,MALO,0,26226,RECIBOS DE NOMINA,NO_CLIENTE,0,Alto,0.0,3,97,0,0,0,0,0,37,Propia,Licenciatura
Rechazada,Rechazado,MALO,0,20587,RECIBOS DE NOMINA,NO_CLIENTE,0,Alto,0.0,4,97,0,0,0,0,0,37,Hipoteca,Posgrado
Rechazada,Rechazado,MALO,0,28540,PROPIEDAD ACTIVO FIJO,NO_CLIENTE,0,Alto,0.0,1,98,0,1,6617,250,0,37,Renta,Posgrado
Rechazada,Rechazado,MALO,0,25577,PROPIEDAD ACTIVO FIJO,NO_CLIENTE,0,Alto,0.0,3,98,0,0,0,0,0,37,Renta,Licenciatura
Rechazada,Rechazado,MALO,0,22262,RECIBOS DE NOMINA,NO_CLIENTE,0,Alto,0.0,1,98,0,0,0,0,0,37,Familiares,Preparatoria
Rechazada,Rechazado,MALO,0,29917,PROPIEDAD ACTIVO FIJO,NO_CLIENTE,0,Alto,0.0,1,98,0,0,53167,0,33004,37,Renta,Preparatoria
Rechazada,Rechazado,MALO,0,28213,RECIBOS DE NOMINA,NO_CLIENTE,0,Alto,0.0,3,98,0,0,0,0,0,37,Familiares,Licenciatura
Rechazada,Rechazado,MALO,0,26181,RECIBOS DE NOMINA,NO_CLIENTE,0,Alto,0.0,4,98,0,0,0,0,0,37,Propia,Licenciatura
Rechazada,Rechazado,MALO,0,20510,RECIBOS DE NOMINA,NO_CLIENTE,0,Alto,0.0,4,99,0,0,0,0,0,37,Familiares,Preparatoria
Rechazada,Rechazado,MALO,0,28869,RECIBOS DE NOMINA,NO_CLIENTE,0,Alto,0.0,1,99,0,0,3311,0,15308,37,Propia,Posgrado
Rechazada,Rechazado,MALO,0,25533,PROPIEDAD ACTIVO FIJO,NO_CLIENTE,0,Alto,0.0,2,99,0,1,23747,1370,0,37,Hipoteca,Preparatoria
Rechazada,Rechazado,MALO,0,22178,RECIBOS DE NOMINA,NO_CLIENTE,0,Alto,0.0,4,99,0,0,0,0,0,37,Familiares,Licenciatura
Rechazada,Rechazado,MALO,0,30263,RECIBOS DE NOMINA,NO_CLIENTE,0,Alto,0.0,5,99,0,0,0,0,0,37,Hipoteca,Licenciatura
Rechazada,Rechazado,MALO,0,29558,RECIBOS DE NOMINA,NO_CLIENTE,0,Alto,0.0,3,99,0,0,0,0,0,37,Hipoteca,Posgrado
En_proceso,Rechazado,MALO,0,26018,INVERSIONES,NO_CLIENTE,0,Alto,0.0,2,99,0,0,0,0,0,37,Renta,Preparatoria
Rechazada,Rechazado,MALO,0,22815,RECIBOS DE NOMINA,NO_CLIENTE,0,Alto,0.0,3,100,0,0,0,0,0,37,Renta,Posgrado
Cancelada,Rechazado,MALO,0,30985,PROPIEDAD ACTIVO FIJO,NO_CLIENTE,0,Alto,0.0,2,100,0,0,0,0,0,37,Propia,Posgrado
Rechazada,Rechazado,MALO,0,28700,RECIBOS DE NOMINA,NO_CLIENTE,0,Alto,0.0,4,100,0,0,0,0,0,37,Familiares,Posgrado
Rechazada,Rechazado,MALO,0,26832,PROPIEDAD ACTIVO FIJO,NO_CLIENTE,0,Alto,0.0,3,100,0,0,0,0,0,37,Hipoteca,Posgrado
Rechazada,Rechazado,MALO,0,21241,PROPIEDAD ACTIVO FIJO,NO_CLIENTE,0,Alto,0.0,3,100,0,0,0,0,0,37,Renta,Licenciatura
Rechazada,Rechazado,MALO,0,29367,PROPIEDAD ACTIVO FIJO,NO_CLIENTE,0,Alto,0.0,0,100,0,0,0,0,0,37,Renta,Licenciatura
Rechazada,Rechazado,MALO,0,26167,RECIBOS DE NOMINA,NO_CLIENTE,0,Alto,0.0,0,100,0,0,0,0,0,37,Renta,Preparatoria
Rechazada,Rechazado,MALO,0,22970,RECIBOS DE NOMINA,NO_CLIENTE,0,Alto,0.0,2,101,0,0,0,0,1715,37,Propia,Preparatoria
Rechazada,Rechazado,MALO,0,30784,INVERSIONES,NO_CLIENTE,0,Alto,0.0,4,101,0,0,0,0,0,37,Propia,Posgrado
Rechazada,Rechazado,MALO,0,28865,RECIBOS DE NOMINA,NO_CLIENTE,0,Alto,0.0,0,101,0,0,0,0,0,37,Familiares,Secundaria
Rechazada,Rechazado,MALO,0,27013,PROPIEDAD ACTIVO FIJO,NO_CLIENTE,0,Alto,0.0,0,101,0,0,0,0,0,37,Familiares,Licenciatura
Rechazada,Rechazado,MALO,0,21104,RECIBOS DE NOMINA,NO_CLIENTE,0,Alto,0.0,0,101,0,0,0,0,0,37,Propia,Preparatoria
Rechazada,Rechazado,MALO,0,29536,RECIBOS DE NOMINA,NO_CLIENTE,0,Alto,0.0,2,101,0,0,0,0,0,37,Propia,Licenciatura
Rechazada,Rechazado,MALO,0,26345,RECIBOS DE NOMINA,NO_CLIENTE,0,Alto,0.0,0,101,0,0,0,0,0,37,Renta,Preparatoria
Pendiente,Pre-Aprobado,MALO,1,22821,RECIBOS DE NOMINA,NO_CLIENTE,0,Alto,0.0,0,134,0,0,0,0,0,37,Propia,Preparatoria
Aprobada,Aprobado,BUENO,5500,30961,INVERSIONES,NO_CLIENTE,0,Mínimo,0.55,3,159,755,0,0,0,0,37,Propia,Preparatoria
Aprobada,Aprobado,REGULAR,5000,29060,INVERSIONES,NO_CLIENTE,0,Mínimo,0.33,0,169,787,0,0,0,0,37,Propia,Licenciatura
Aprobada,Aprobado,BUENO,10000,26839,RECIBOS DE NOMINA,NO_CLIENTE,0,Bajo,0.98,1,184,712,0,0,0,0,37,Hipoteca,Preparatoria
Aprobada,Aprobado,BUENO,6000,21225,RECIBOS DE NOMINA,NO_CLIENTE,0,Bajo,0.99,0,188,721,0,0,0,0,37,Hipoteca,Posgrado
Aprobada,Aprobado,BUENO,6000,29736,INVERSIONES,NO_CLIENTE,0,Bajo,0.72,0,193,728,0,0,0,0,37,Propia,Posgrado
Aprobada,Aprobado,REGULAR,49999,26174,PROPIEDAD ACTIVO FIJO,CLIENTE_BANCO,7000,Mínimo,0.33,0,195,779,0,0,0,14054,37,Renta,Licenciatura
Aprobada,Aprobado,REGULAR,1400,22952,INVERSIONES,NO_CLIENTE,0,Mínimo,0.34,0,196,776,0,0,0,0,37,Renta,Licenciatura
Aprobada,Aprobado,REGULAR,49999,31171,PROPIEDAD ACTIVO FIJO,CLIENTE_BANCO,43000,Medio ,0.75,0,197,674,0,19396,0,101713,37,Renta,Posgrado
Aprobada,Aprobado,BUENO,2999,28872,PROPIEDAD ACTIVO FIJO,CLIENTE_BANCO,0,Bajo,1.15,0,197,705,0,0,0,0,37,Familiares,Posgrado
Aprobada,Aprobado,BUENO,9899,26993,PROPIEDAD ACTIVO FIJO,CLIENTE_BANCO,38200,Bajo,0.75,0,204,713,1,37894,1690,26026,37,Hipoteca,Posgrado
Aprobada,Aprobado,BUENO,17400,21369,RECIBOS DE NOMINA,NO_CLIENTE,0,Mínimo,0.68,0,204,752,0,0,0,0,37,Familiares,Preparatoria
Aprobada,Aprobado,BUENO,7000,29825,RECIBOS DE NOMINA,NO_CLIENTE,0,Bajo,0.59,0,205,741,0,0,0,0,37,Hipoteca,Licenciatura
Aprobada,Aprobado,REGULAR,5000,26201,RECIBOS DE NOMINA,CLIENTE_BANCO,3000,Medio ,0.66,0,207,698,1,2788,250,0,37,Renta,Licenciatura
Aprobada,Aprobado,BUENO,24300,23107,RECIBOS DE NOMINA,NO_CLIENTE,0,Bajo,0.7,0,211,730,0,0,0,0,37,Hipoteca,Licenciatura
Aprobada,Aprobado,REGULAR,58000,31413,RECIBOS DE NOMINA,CLIENTE_BANCO,62000,Mínimo,0.28,0,212,782,0,0,0,0,37,Hipoteca,Licenciatura
Aprobada,Aprobado,REGULAR,49999,28628,PROPIEDAD ACTIVO FIJO,CLIENTE_BANCO,5000,Bajo,0.33,0,214,737,1,1241,250,0,37,Renta,Preparatoria
Aprobada,Aprobado,BUENO,2999,27175,PAGOS PROV SEMESTRALES PF,NO_CLIENTE,0,Bajo,0.52,0,215,748,0,0,0,0,37,Propia,Preparatoria
Aprobada,Aprobado,BUENO,7000,21535,INVERSIONES,NO_CLIENTE,0,Mínimo,0.43,0,215,767,0,0,0,0,37,Familiares,Licenciatura
Aprobada,Aprobado,BUENO,49999,29294,PROPIEDAD ACTIVO FIJO,CLIENTE_BANCO,54000,Bajo,0.85,0,217,707,1,9823,2850,0,37,Familiares,Posgrado
Aprobada,Aprobado,BUENO,49999,26502,PROPIEDAD ACTIVO FIJO,CLIENTE_BANCO,9900,Bajo,0.93,0,222,727,0,353,0,0,37,Hipoteca,Preparatoria
Aprobada,Aprobado,BUENO,36000,23287,RECIBOS DE NOMINA,CLIENTE_BANCO,9500,Mínimo,0.53,0,222,757,0,1333,0,14635,37,Hipoteca,Licenciatura
Aprobada,Aprobado,BUENO,228000,30708,PROPIEDAD ACTIVO FIJO,CLIENTE_BANCO,170000,Bajo,0.44,0,227,740,1,7876,2130,181992,37,Renta,Posgrado
Aprobada,Aprobado,BUENO,10200,29234,RECIBOS DE NOMINA,NO_CLIENTE,0,Mínimo,0.68,0,231,782,0,0,0,0,37,Renta,Posgrado
Aprobada,Aprobado,BUENO,73000,27387,PROPIEDAD ACTIVO FIJO,CLIENTE_BANCO,70000,Mínimo,0.74,0,232,755,1,25862,970,0,37,Familiares,Licenciatura
Aprobada,Aprobado,BUENO,9899,21052,PROPIEDAD ACTIVO FIJO,CLIENTE_BANCO,83500,Mínimo,0.59,0,232,760,0,0,0,0,37,Hipoteca,Licenciatura
Aprobada,Aprobado,REGULAR,5800,29914,RECIBOS DE NOMINA,CLIENTE_BANCO,47000,Alto,0.68,0,235,549,3,4578,0,0,37,Familiares,Licenciatura
Aprobada,Aprobado,REGULAR,9899,26709,PROPIEDAD ACTIVO FIJO,CLIENTE_BANCO,271000,Bajo,0.18,0,235,731,1,2963,2963,13763,37,Propia,Posgrado
Aprobada,Aprobado,BUENO,30000,22981,RECIBOS DE NOMINA,CLIENTE_BANCO,0,Mínimo,0.51,0,236,769,0,0,0,0,37,Familiares,Posgrado
Aprobada,Aprobado,BUENO,49999,31210,RECIBOS DE NOMINA,CLIENTE_BANCO,42000,Mínimo,0.85,0,237,757,1,5148,530,0,37,Familiares,Licenciatura
Aprobada,Aprobado,REGULAR,100000,29322,RECIBOS DE NOMINA,CLIENTE_BANCO,5600,Medio ,0.55,0,238,690,1,5007,350,177555,37,Hipoteca,Preparatoria
Aprobada,Aprobado,BUENO,94000,27027,RECIBOS DE NOMINA,CLIENTE_BANCO,0,Bajo,0.98,0,245,702,0,0,0,95561,37,Familiares,Posgrado
Aprobada,Aprobado,REGULAR,9899,21396,RECIBOS DE NOMINA,CLIENTE_BANCO,0,Medio ,1.16,0,248,684,0,0,0,0,37,Familiares,Posgrado
Aprobada,Aprobado,BUENO,9899,30004,PROPIEDAD ACTIVO FIJO,CLIENTE_BANCO,102200,Bajo,0.54,0,248,711,0,9611,0,129952,37,Familiares,Licenciatura
Aprobada,Aprobado,BUENO,30000,26358,RECIBOS DE NOMINA,NO_CLIENTE,0,Mínimo,0.58,0,250,762,0,0,0,0,37,Propia,Posgrado
Aprobada,Aprobado,BUENO,256000,23136,PROPIEDAD ACTIVO FIJO,CLIENTE_BANCO,50000,Bajo,0.8,0,254,724,0,1869,0,0,37,Hipoteca,Licenciatura
Aprobada,Aprobado,REGULAR,38000,31452,RECIBOS DE NOMINA,CLIENTE_BANCO,171000,Bajo,0.19,0,256,733,1,59475,1420,0,37,Propia,Posgrado
Rechazada,Rechazado,MALO,0,29213,RECIBOS DE NOMINA,NO_CLIENTE,0,Alto,0.0,5,89,0,0,0,0,0,38,Hipoteca,Preparatoria
Rechazada,Rechazado,MALO,0,27339,SIN COMPROBANTE,NO_CLIENTE,0,Alto,0.0,5,89,0,0,0,0,0,38,Familiares,Preparatoria
Rechazada,Rechazado,MALO,0,21359,RECIBOS DE NOMINA,NO_CLIENTE,0,Alto,0.0,2,90,0,0,0,0,0,38,Renta,Preparatoria
Rechazada,Rechazado,MALO,0,29892,RECIBOS DE NOMINA,NO_CLIENTE,0,Alto,0.0,2,90,0,0,0,0,0,38,Hipoteca,Preparatoria
Rechazada,Rechazado,MALO,0,26662,RECIBOS DE NOMINA,NO_CLIENTE,0,Alto,0.0,2,90,0,0,0,0,0,38,Propia,Posgrado
Rechazada,Rechazado,MALO,0,23096,RECIBOS DE NOMINA,NO_CLIENTE,0,Alto,0.0,5,90,0,0,0,0,0,38,Renta,Licenciatura
Rechazada,Rechazado,MALO,0,31335,RECIBOS DE NOMINA,NO_CLIENTE,0,Alto,0.0,5,91,0,0,0,0,0,38,Propia,Posgrado
Rechazada,Rechazado,MALO,0,29410,PROPIEDAD ACTIVO FIJO,NO_CLIENTE,0,Alto,0.0,3,91,0,0,0,0,0,38,Renta,Licenciatura
Rechazada,Rechazado,MALO,0,27162,PROPIEDAD ACTIVO FIJO,NO_CLIENTE,18800,Alto,0.0,4,91,0,0,0,0,0,38,Hipoteca,Preparatoria
Rechazada,Rechazado,MALO,0,21481,PAGOS PROV SEMESTRALES PF,NO_CLIENTE,0,Alto,0.0,1,92,0,0,0,0,0,38,Familiares,Posgrado
Rechazada,Rechazado,MALO,0,30094,PROPIEDAD ACTIVO FIJO,NO_CLIENTE,0,Alto,0.0,3,92,0,0,0,0,0,38,Propia,Licenciatura
Rechazada,Rechazado,MALO,0,26490,RECIBOS DE NOMINA,NO_CLIENTE,0,Alto,0.0,2,92,0,0,0,0,0,38,Propia,Preparatoria
Rechazada,Rechazado,MALO,0,23229,RECIBOS DE NOMINA,NO_CLIENTE,0,Alto,0.0,3,92,0,0,0,0,0,38,Familiares,Posgrado
Rechazada,Rechazado,MALO,0,31547,RECIBOS DE NOMINA,NO_CLIENTE,0,Alto,0.0,3,92,0,0,0,0,0,38,Hipoteca,Posgrado
Rechazada,Rechazado,MALO,0,29220,PROPIEDAD ACTIVO FIJO,NO_CLIENTE,0,Alto,0.0,3,92,0,8,15129,9020,76548,38,Familiares,Posgrado
Rechazada,Rechazado,MALO,0,27318,RECIBOS DE NOMINA,NO_CLIENTE,0,Alto,0.0,1,93,0,0,0,0,171006,38,Familiares,Preparatoria
Rechazada,Rechazado,MALO,0,21627,RECIBOS DE NOMINA,NO_CLIENTE,0,Alto,0.0,4,93,0,0,0,0,0,38,Propia,Posgrado
Rechazada,Rechazado,MALO,0,29900,PROPIEDAD ACTIVO FIJO,NO_CLIENTE,0,Alto,0.0,4,93,0,0,0,0,0,38,Familiares,Licenciatura
Rechazada,Rechazado,MALO,0,26642,RECIBOS DE NOMINA,NO_CLIENTE,0,Alto,0.0,4,93,0,0,0,0,0,38,Familiares,Posgrado
Rechazada,Rechazado,MALO,0,23386,RECIBOS DE NOMINA,NO_CLIENTE,0,Alto,0.0,2,93,0,0,0,0,0,38,Familiares,Licenciatura
Rechazada,Rechazado,MALO,0,31343,PROPIEDAD ACTIVO FIJO,NO_CLIENTE,0,Alto,0.0,3,93,0,0,0,0,0,38,Hipoteca,Posgrado
Rechazada,Rechazado,MALO,0,29388,RECIBOS DE NOMINA,NO_CLIENTE,0,Alto,0.0,5,94,0,0,111,0,0,38,Hipoteca,Preparatoria
Rechazada,Rechazado,MALO,0,27503,PROPIEDAD ACTIVO FIJO,NO_CLIENTE,0,Alto,0.0,5,94,0,1,5001,2890,0,38,Hipoteca,Licenciatura
Rechazada,Rechazado,MALO,0,21487,RECIBOS DE NOMINA,NO_CLIENTE,0,Alto,0.0,3,94,0,0,0,0,0,38,Hipoteca,Posgrado
Rechazada,Rechazado,MALO,0,30072,RECIBOS DE NOMINA,NO_CLIENTE,0,Alto,0.0,1,94,0,0,0,0,0,38,Hipoteca,Posgrado
Rechazada,Rechazado,MALO,0,26823,RECIBOS DE NOMINA,NO_CLIENTE,0,Alto,0.0,2,94,0,0,0,0,0,38,Propia,Posgrado
Rechazada,Rechazado,MALO,0,23235,RECIBOS DE NOMINA,NO_CLIENTE,19500,Alto,0.0,5,94,0,1,1483,300,5484,38,Familiares,Preparatoria
Rechazada,Rechazado,MALO,0,31523,RECIBOS DE NOMINA,NO_CLIENTE,0,Alto,0.0,5,94,0,0,0,0,0,38,Familiares,Preparatoria
Rechazada,Rechazado,MALO,0,29587,PROPIEDAD ACTIVO FIJO,NO_CLIENTE,0,Alto,0.0,5,94,0,0,0,0,29133,38,Renta,Licenciatura
Rechazada,Rechazado,MALO,0,27326,RECIBOS DE NOMINA,NO_CLIENTE,0,Alto,0.0,5,94,0,0,0,0,0,38,Renta,Posgrado
Rechazada,Rechazado,MALO,0,21610,RECIBOS DE NOMINA,NO_CLIENTE,0,Alto,0.0,4,94,0,0,0,0,0,38,Propia,Posgrado
Cancelada,Rechazado,MALO,0,30275,SIN COMPROBANTE,NO_CLIENTE,0,Alto,0.0,2,95,0,0,0,0,0,38,Familiares,Posgrado
Rechazada,Rechazado,MALO,0,26649,RECIBOS DE NOMINA,NO_CLIENTE,0,Alto,0.0,1,95,0,1,1565,380,0,38,Renta,Licenciatura
Rechazada,Rechazado,MALO,0,23369,RECIBOS DE NOMINA,NO_CLIENTE,0,Alto,0.0,3,95,0,0,0,0,0,38,Familiares,Preparatoria
Rechazada,Rechazado,MALO,0,31736,PROPIEDAD ACTIVO FIJO,NO_CLIENTE,26000,Alto,0.0,4,95,0,1,6821,370,86787,38,Renta,Posgrado
Rechazada,Rechazado,MALO,0,29396,RECIBOS DE NOMINA,NO_CLIENTE,0,Alto,0.0,5,95,0,0,0,0,0,38,Familiares,Preparatoria
Rechazada,Rechazado,MALO,0,27483,PROPIEDAD ACTIVO FIJO,NO_CLIENTE,0,Alto,0.0,3,96,0,0,0,0,0,38,Propia,Licenciatura
Rechazada,Rechazado,MALO,0,21757,RECIBOS DE NOMINA,NO_CLIENTE,0,Alto,0.0,2,96,0,0,0,0,0,38,Renta,Licenciatura
Rechazada,Rechazado,MALO,0,30080,PROPIEDAD ACTIVO FIJO,NO_CLIENTE,0,Alto,0.0,3,96,0,0,0,0,21843,38,Renta,Preparatoria
Rechazada,Rechazado,MALO,0,26802,PROPIEDAD ACTIVO FIJO,NO_CLIENTE,0,Alto,0.0,2,96,0,1,13371,940,0,38,Familiares,Posgrado
Rechazada,Rechazado,MALO,0,23527,RECIBOS DE NOMINA,NO_CLIENTE,0,Alto,0.0,3,96,0,0,0,0,0,38,Renta,Licenciatura
Rechazada,Rechazado,MALO,0,31531,PROPIEDAD ACTIVO FIJO,NO_CLIENTE,0,Alto,0.0,3,96,0,8,2302,2302,0,38,Familiares,Posgrado
Rechazada,Rechazado,MALO,0,29565,RECIBOS DE NOMINA,NO_CLIENTE,0,Alto,0.0,2,96,0,0,0,0,0,38,Familiares,Preparatoria
Rechazada,Rechazado,MALO,0,27669,RECIBOS DE NOMINA,NO_CLIENTE,0,Alto,0.0,4,96,0,0,0,0,0,38,Familiares,Licenciatura
Rechazada,Rechazado,MALO,0,21616,PROPIEDAD ACTIVO FIJO,NO_CLIENTE,0,Alto,0.0,4,97,0,0,0,0,0,38,Hipoteca,Preparatoria
Rechazada,Rechazado,MALO,0,30252,RECIBOS DE NOMINA,NO_CLIENTE,0,Alto,0.0,2,97,0,0,0,0,0,38,Familiares,Preparatoria
Rechazada,Rechazado,MALO,0,26984,RECIBOS DE NOMINA,NO_CLIENTE,0,Alto,0.0,3,97,0,0,0,0,0,38,Renta,Posgrado
Rechazada,Rechazado,MALO,0,23375,PROPIEDAD ACTIVO FIJO,NO_CLIENTE,0,Alto,0.0,2,97,0,0,0,0,0,38,Hipoteca,Posgrado
Rechazada,Rechazado,MALO,0,31712,PROPIEDAD ACTIVO FIJO,NO_CLIENTE,121000,Alto,0.0,2,97,0,0,21541,0,23927,38,Familiares,Licenciatura
Rechazada,Rechazado,MALO,0,29765,PROPIEDAD ACTIVO FIJO,NO_CLIENTE,0,Alto,0.0,2,97,0,0,0,0,0,38,Hipoteca,Preparatoria
Rechazada,Rechazado,MALO,0,27490,PROPIEDAD ACTIVO FIJO,NO_CLIENTE,18004,Alto,0.0,5,97,0,1,8735,260,0,38,Propia,Licenciatura
Rechazada,Rechazado,MALO,0,21740,RECIBOS DE NOMINA,CLIENTE_BANCO,0,Alto,0.0,5,97,0,0,0,0,0,38,Hipoteca,Licenciatura
Rechazada,Rechazado,MALO,0,30457,PROPIEDAD ACTIVO FIJO,NO_CLIENTE,0,Alto,0.0,4,98,0,1,19042,1230,0,38,Hipoteca,Licenciatura
Rechazada,Rechazado,MALO,0,26809,RECIBOS DE NOMINA,NO_CLIENTE,0,Alto,0.0,4,98,0,0,0,0,0,38,Renta,Licenciatura
Rechazada,Rechazado,MALO,0,23509,PROPIEDAD ACTIVO FIJO,NO_CLIENTE,0,Alto,0.0,4,98,0,0,0,0,0,38,Hipoteca,Preparatoria
Rechazada,Rechazado,MALO,0,31927,RECIBOS DE NOMINA,NO_CLIENTE,0,Alto,0.0,2,98,0,0,0,0,0,38,Propia,Posgrado
Rechazada,Rechazado,MALO,0,31036,PROPIEDAD ACTIVO FIJO,NO_CLIENTE,0,Alto,0.0,3,98,0,0,0,0,0,38,Propia,Preparatoria
Rechazada,Rechazado,MALO,0,27579,RECIBOS DE NOMINA,NO_CLIENTE,0,Alto,0.0,4,98,0,0,0,0,0,38,Hipoteca,Posgrado
Rechazada,Rechazado,MALO,0,24070,RECIBOS DE NOMINA,NO_CLIENTE,0,Alto,0.0,3,98,0,0,0,0,0,38,Familiares,Preparatoria
Rechazada,Rechazado,MALO,0,32534,RECIBOS DE NOMINA,NO_CLIENTE,0,Alto,0.0,1,98,0,0,0,0,0,38,Hipoteca,Preparatoria
Rechazada,Rechazado,MALO,0,30422,RECIBOS DE NOMINA,NO_CLIENTE,0,Alto,0.0,2,98,0,0,0,0,0,38,Familiares,Posgrado
Rechazada,Rechazado,MALO,0,28307,RECIBOS DE NOMINA,NO_CLIENTE,0,Alto,0.0,4,99,0,0,1692,0,0,38,Familiares,Preparatoria
Rechazada,Rechazado,MALO,0,22303,RECIBOS DE NOMINA,NO_CLIENTE,0,Alto,0.0,3,99,0,0,0,0,0,38,Propia,Posgrado
Rechazada,Rechazado,MALO,0,31129,RECIBOS DE NOMINA,NO_CLIENTE,0,Alto,0.0,2,99,0,0,0,0,0,38,Renta,Licenciatura
Rechazada,Rechazado,MALO,0,27607,PROPIEDAD ACTIVO FIJO,NO_CLIENTE,57000,Alto,0.0,2,99,0,0,259,0,0,38,Familiares,Posgrado
Rechazada,Rechazado,MALO,0,24118,RECIBOS DE NOMINA,NO_CLIENTE,0,Alto,0.0,5,99,0,0,0,0,0,38,Renta,Preparatoria
Rechazada,Rechazado,MALO,0,32632,RECIBOS DE NOMINA,CLIENTE_BANCO,0,Alto,0.0,3,99,0,0,0,0,21456,38,Renta,Licenciatura
Rechazada,Rechazado,MALO,0,30452,RECIBOS DE NOMINA,NO_CLIENTE,0,Alto,0.0,3,100,0,0,0,0,0,38,Familiares,Posgrado
Rechazada,Rechazado,MALO,0,28364,RECIBOS DE NOMINA,NO_CLIENTE,0,Alto,0.0,3,100,0,0,0,0,0,38,Propia,Licenciatura
Rechazada,Rechazado,MALO,0,22370,RECIBOS DE NOMINA,NO_CLIENTE,0,Alto,0.0,2,100,0,0,0,0,0,38,Propia,Posgrado
Rechazada,Rechazado,MALO,0,31160,RECIBOS DE NOMINA,NO_CLIENTE,0,Alto,0.0,3,100,0,0,0,0,0,38,Propia,Posgrado
Rechazada,Rechazado,MALO,0,27662,PROPIEDAD ACTIVO FIJO,NO_CLIENTE,0,Alto,0.0,2,100,0,0,0,0,0,38,Hipoteca,Preparatoria
Rechazada,Rechazado,MALO,0,24190,RECIBOS DE NOMINA,NO_CLIENTE,0,Alto,0.0,2,101,0,0,0,0,0,38,Hipoteca,Licenciatura
Rechazada,Rechazado,MALO,0,32664,PROPIEDAD ACTIVO FIJO,NO_CLIENTE,0,Alto,0.0,2,101,0,0,0,0,0,38,Familiares,Preparatoria
Rechazada,Rechazado,MALO,0,30513,PROPIEDAD ACTIVO FIJO,NO_CLIENTE,0,Alto,0.0,1,101,0,1,6045,540,0,38,Renta,Preparatoria
Rechazada,Rechazado,MALO,0,28449,RECIBOS DE NOMINA,NO_CLIENTE,0,Alto,0.0,0,101,0,0,0,0,0,38,Familiares,Licenciatura
Rechazada,Rechazado,MALO,0,22393,RECIBOS DE NOMINA,NO_CLIENTE,0,Alto,0.0,0,101,0,0,0,0,0,38,Familiares,Licenciatura
Rechazada,Rechazado,MALO,0,31223,INVERSIONES,NO_CLIENTE,0,Alto,0.0,0,101,0,0,0,0,2406,38,Familiares,Preparatoria
Rechazada,Rechazado,MALO,0,27745,RECIBOS DE NOMINA,NO_CLIENTE,0,Alto,0.0,1,101,0,0,0,0,0,38,Renta,Preparatoria
Pendiente,Pre-Aprobado,MALO,1,24215,PROPIEDAD ACTIVO FIJO,NO_CLIENTE,0,Alto,0.0,0,120,0,0,0,0,0,38,Renta,Posgrado
Pendiente,Pre-Aprobado,MALO,1,32729,RECIBOS DE NOMINA,NO_CLIENTE,0,Alto,0.0,0,120,0,0,0,0,0,38,Familiares,Licenciatura
Pendiente,Pre-Aprobado,MALO,1,30605,RECIBOS DE NOMINA,NO_CLIENTE,0,Alto,0.0,0,123,0,0,0,0,0,38,Renta,Preparatoria
Pendiente,Pre-Aprobado,MALO,1,28478,RECIBOS DE NOMINA,NO_CLIENTE,0,Alto,0.0,0,123,0,0,0,0,0,38,Hipoteca,Posgrado
Pendiente,Pre-Aprobado,MALO,1,22437,RECIBOS DE NOMINA,NO_CLIENTE,0,Alto,0.0,0,132,0,0,0,0,0,38,Propia,Preparatoria
Pendiente,Pre-Aprobado,MALO,1,31614,INVERSIONES,NO_CLIENTE,0,Alto,0.0,0,132,0,0,0,0,0,38,Renta,Preparatoria
Pendiente,Pre-Aprobado,MALO,1,27642,PROPIEDAD ACTIVO FIJO,NO_CLIENTE,0,Alto,0.0,0,142,0,0,0,0,0,38,Propia,Posgrado
Pendiente,Pre-Aprobado,MALO,1,24262,PROPIEDAD ACTIVO FIJO,NO_CLIENTE,0,Alto,0.0,2,145,0,0,0,0,0,38,Renta,Licenciatura
Aprobada,Aprobado,BUENO,10000,33298,RECIBOS DE NOMINA,CLIENTE_BANCO,0,Bajo,0.76,0,182,734,0,0,0,0,38,Renta,Licenciatura
Aprobada,Aprobado,REGULAR,12100,30203,RECIBOS DE NOMINA,CLIENTE_BANCO,0,Mínimo,0.36,1,187,784,0,0,0,0,38,Hipoteca,Posgrado
Aprobada,Aprobado,BUENO,140000,28534,RECIBOS DE NOMINA,CLIENTE_BANCO,72000,Bajo,0.94,0,194,744,0,12488,0,0,38,Propia,Preparatoria
Aprobada,Aprobado,REGULAR,39999,22827,PROPIEDAD ACTIVO FIJO,CLIENTE_BANCO,15000,Medio ,0.46,0,195,694,1,14264,760,4764,38,Propia,Licenciatura
Aprobada,Aprobado,REGULAR,39999,30905,PROPIEDAD ACTIVO FIJO,CLIENTE_BANCO,20600,Medio ,0.25,0,200,689,1,15961,870,48905,38,Propia,Posgrado
Aprobada,Aprobado,REGULAR,12599,27828,PROPIEDAD ACTIVO FIJO,CLIENTE_BANCO,69000,Bajo,0.33,0,202,723,0,9340,0,72292,38,Familiares,Licenciatura
Aprobada,Aprobado,BUENO,49999,24685,PROPIEDAD ACTIVO FIJO,CLIENTE_BANCO,21800,Bajo,1.09,0,205,706,1,13824,710,0,38,Familiares,Posgrado
Aprobada,Aprobado,REGULAR,9899,32397,PROPIEDAD ACTIVO FIJO,CLIENTE_BANCO,23000,Mínimo,0.26,0,205,767,1,5035,290,0,38,Familiares,Preparatoria
Aprobada,Aprobado,BUENO,13300,30696,RECIBOS DE NOMINA,NO_CLIENTE,0,Bajo,0.79,0,207,731,0,0,0,0,38,Renta,Preparatoria
Aprobada,Aprobado,REGULAR,15000,29030,RECIBOS DE NOMINA,NO_CLIENTE,0,Mínimo,0.2,0,208,790,0,0,0,0,38,Hipoteca,Licenciatura
Aprobada,Aprobado,REGULAR,9899,22209,PROPIEDAD ACTIVO FIJO,CLIENTE_BANCO,20100,Bajo,0.23,0,211,712,0,11142,0,0,38,Hipoteca,Posgrado
Aprobada,Aprobado,BUENO,5999,31409,RECIBOS DE NOMINA,CLIENTE_BANCO,8400,Bajo,0.49,0,211,723,1,434,250,0,38,Hipoteca,Posgrado
Aprobada,Aprobado,REGULAR,261001,28312,PROPIEDAD ACTIVO FIJO,CLIENTE_BANCO,182000,Bajo,0.2,0,214,744,0,12195,0,0,38,Propia,Licenciatura
Aprobada,Aprobado,BUENO,15000,24245,RECIBOS DE NOMINA,CLIENTE_BANCO,15000,Bajo,1.14,0,219,710,1,9675,740,0,38,Hipoteca,Posgrado
Aprobada,Aprobado,REGULAR,15499,32770,PROPIEDAD ACTIVO FIJO,CLIENTE_BANCO,89500,Medio ,1.11,0,223,685,1,9781,4460,0,38,Familiares,Preparatoria
Aprobada,Aprobado,BUENO,9899,31082,PROPIEDAD ACTIVO FIJO,CLIENTE_BANCO,9800,Bajo,0.61,0,223,707,1,1579,250,174588,38,Renta,Preparatoria
Aprobada,Aprobado,BUENO,66000,28514,RECIBOS DE NOMINA,CLIENTE_BANCO,47000,Bajo,0.68,0,225,732,1,2085,590,0,38,Hipoteca,Posgrado
Aprobada,Aprobado,BUENO,9899,22465,INVERSIONES,CLIENTE_BANCO,10000,Bajo,1.17,0,226,740,0,0,0,0,38,Propia,Posgrado
Aprobada,Aprobado,REGULAR,91000,31804,RECIBOS DE NOMINA,CLIENTE_BANCO,96000,Medio ,1.15,0,227,685,1,8026,1200,0,38,Familiares,Licenciatura
Aprobada,Aprobado,BUENO,9899,27808,PROPIEDAD ACTIVO FIJO,CLIENTE_BANCO,50000,Bajo,1.03,0,228,740,1,1981,630,121138,38,Renta,Preparatoria
Aprobada,Aprobado,REGULAR,2999,24293,INVERSIONES,CLIENTE_BANCO,2999,Alto,1.18,0,229,499,3,0,0,0,38,Propia,Licenciatura
Aprobada,Aprobado,BUENO,9899,33340,PROPIEDAD ACTIVO FIJO,CLIENTE_BANCO,48500,Bajo,0.85,0,231,733,1,22447,1450,0,38,Renta,Licenciatura
Aprobada,Aprobado,BUENO,30000,30819,RECIBOS DE NOMINA,CLIENTE_BANCO,10300,Bajo,0.63,0,231,740,1,3458,260,0,38,Hipoteca,Licenciatura
Aprobada,Aprobado,BUENO,41000,28706,RECIBOS DE NOMINA,CLIENTE_BANCO,34400,Bajo,0.94,0,232,723,1,12932,320,0,38,Hipoteca,Licenciatura
Aprobada,Aprobado,REGULAR,49999,22640,PROPIEDAD ACTIVO FIJO,CLIENTE_BANCO,0,Medio ,1.01,0,235,699,0,0,0,0,38,Renta,Posgrado
Aprobada,Aprobado,REGULAR,48000,31536,RECIBOS DE NOMINA,NO_CLIENTE,0,Mínimo,0.39,0,236,781,0,0,0,0,38,Hipoteca,Posgrado
Aprobada,Aprobado,BUENO,2999,27995,PROPIEDAD ACTIVO FIJO,NO_CLIENTE,0,Bajo,1.05,0,240,715,0,0,0,0,38,Renta,Posgrado
Aprobada,Aprobado,REGULAR,50000,24482,RECIBOS DE NOMINA,CLIENTE_BANCO,61000,Bajo,0.24,0,240,723,0,402,0,0,38,Familiares,Licenciatura
Aprobada,Aprobado,BUENO,9899,33058,PROPIEDAD ACTIVO FIJO,CLIENTE_BANCO,21500,Bajo,0.43,0,240,727,1,2111,250,0,38,Renta,Licenciatura
Aprobada,Aprobado,BUENO,52000,30881,RECIBOS DE NOMINA,CLIENTE_BANCO,24200,Mínimo,0.81,0,242,771,0,288,0,0,38,Renta,Licenciatura
Aprobada,Aprobado,BUENO,49999,28792,RECIBOS DE NOMINA,CLIENTE_BANCO,8100,Bajo,0.89,0,243,731,0,0,0,0,38,Hipoteca,Posgrado
Aprobada,Aprobado,REGULAR,9899,22663,PROPIEDAD ACTIVO FIJO,CLIENTE_BANCO,10700,Bajo,0.31,0,245,740,1,6612,370,0,38,Hipoteca,Licenciatura
Aprobada,Aprobado,BUENO,39999,31599,PROPIEDAD ACTIVO FIJO,NO_CLIENTE,0,Bajo,0.77,0,247,723,0,0,0,0,38,Hipoteca,Licenciatura
Aprobada,Aprobado,REGULAR,49999,28079,PROPIEDAD ACTIVO FIJO,CLIENTE_BANCO,99000,Bajo,0.4,0,247,744,1,30564,1240,0,38,Hipoteca,Preparatoria
Aprobada,Aprobado,REGULAR,2999,24507,RECIBOS DE NOMINA,CLIENTE_BANCO,2999,Alto,1.14,0,250,530,3,4235,0,0,38,Familiares,Preparatoria
Aprobada,Aprobado,REGULAR,26999,33124,PROPIEDAD ACTIVO FIJO,CLIENTE_BANCO,18500,Bajo,0.29,0,252,727,1,8450,400,0,38,Renta,Preparatoria
Aprobada,Aprobado,REGULAR,49999,30974,PROPIEDAD ACTIVO FIJO,NO_CLIENTE,0,Medio ,1.11,0,253,689,0,0,0,0,38,Hipoteca,Preparatoria
Aprobada,Aprobado,BUENO,17700,28821,RECIBOS DE NOMINA,CLIENTE_BANCO,16200,Bajo,0.88,0,255,740,1,6052,250,0,38,Propia,Preparatoria
Aprobada,Aprobado,REGULAR,21000,22708,RECIBOS DE NOMINA,NO_CLIENTE,21000,Alto,1.14,0,256,602,3,0,0,0,38,Renta,Licenciatura
Aprobada,Aprobado,REGULAR,13900,31694,RECIBOS DE NOMINA,CLIENTE_BANCO,0,Mínimo,0.19,0,261,801,0,0,0,0,38,Familiares,Posgrado
Aprobada,Aprobado,REGULAR,1999,28107,RECIBOS DE NOMINA,CLIENTE_BANCO,0,Bajo,1.0,0,262,700,0,0,0,0,38,Renta,Posgrado
Aprobada,Aprobado,BUENO,16300,24556,RECIBOS DE NOMINA,CLIENTE_BANCO,10500,Bajo,0.8,0,263,730,0,0,0,82422,38,Familiares,Posgrado
Aprobada,Aprobado,REGULAR,13000,33223,RECIBOS DE NOMINA,CLIENTE_BANCO,1,Medio ,1.13,0,267,687,0,0,0,0,38,Renta,Posgrado
Rechazada,Rechazado,MALO,0,31152,RECIBOS DE NOMINA,NO_CLIENTE,0,Alto,0.0,5,89,0,0,7882,0,0,39,Familiares,Posgrado
Rechazada,Rechazado,MALO,0,29016,RECIBOS DE NOMINA,NO_CLIENTE,0,Alto,0.0,5,89,0,0,0,0,0,39,Renta,Posgrado
Rechazada,Rechazado,MALO,0,22561,PROPIEDAD ACTIVO FIJO,NO_CLIENTE,0,Alto,0.0,5,89,0,1,3041,630,128806,39,Renta,Preparatoria
Rechazada,Rechazado,MALO,0,31876,RECIBOS DE NOMINA,NO_CLIENTE,15600,Alto,0.0,5,89,0,1,4437,250,0,39,Renta,Preparatoria
Rechazada,Rechazado,MALO,0,28298,PROPIEDAD ACTIVO FIJO,NO_CLIENTE,0,Alto,0.0,5,89,0,0,0,0,0,39,Renta,Posgrado
Rechazada,Rechazado,MALO,0,24397,RECIBOS DE NOMINA,NO_CLIENTE,0,Alto,0.0,5,89,0,0,0,0,0,39,Renta,Preparatoria
Rechazada,Rechazado,MALO,0,33414,RECIBOS DE NOMINA,NO_CLIENTE,0,Alto,0.0,1,90,0,0,0,0,0,39,Renta,Posgrado
Rechazada,Rechazado,MALO,0,31215,RECIBOS DE NOMINA,NO_CLIENTE,0,Alto,0.0,3,90,0,0,0,0,0,39,Propia,Licenciatura
Rechazada,Rechazado,MALO,0,28692,RECIBOS DE NOMINA,NO_CLIENTE,0,Alto,0.0,2,90,0,0,0,0,0,39,Familiares,Licenciatura
Rechazada,Rechazado,MALO,0,22907,PROPIEDAD ACTIVO FIJO,NO_CLIENTE,0,Alto,0.0,1,90,0,0,0,0,0,39,Hipoteca,Licenciatura
Rechazada,Rechazado,MALO,0,31940,RECIBOS DE NOMINA,NO_CLIENTE,0,Alto,0.0,2,90,0,0,0,0,0,39,Hipoteca,Posgrado
Rechazada,Rechazado,MALO,0,27982,PROPIEDAD ACTIVO FIJO,NO_CLIENTE,0,Alto,0.0,4,91,0,0,0,0,0,39,Hipoteca,Preparatoria
Rechazada,Rechazado,MALO,0,24771,RECIBOS DE NOMINA,NO_CLIENTE,0,Alto,0.0,2,91,0,0,0,0,0,39,Propia,Posgrado
Rechazada,Rechazado,MALO,0,33482,PROPIEDAD ACTIVO FIJO,NO_CLIENTE,0,Alto,0.0,2,91,0,0,0,0,0,39,Propia,Posgrado
Rechazada,Rechazado,MALO,0,30866,RECIBOS DE NOMINA,NO_CLIENTE,0,Alto,0.0,3,91,0,0,0,0,0,39,Renta,Posgrado
Rechazada,Rechazado,MALO,0,29132,PROPIEDAD ACTIVO FIJO,NO_CLIENTE,0,Alto,0.0,3,92,0,1,5866,280,0,39,Propia,Posgrado
Rechazada,Rechazado,MALO,0,22953,RECIBOS DE NOMINA,NO_CLIENTE,0,Alto,0.0,4,92,0,0,0,0,0,39,Familiares,Licenciatura
Rechazada,Rechazado,MALO,0,31584,RECIBOS DE NOMINA,NO_CLIENTE,10800,Alto,0.0,2,92,0,2,11466,1460,0,39,Renta,Posgrado
Rechazada,Rechazado,MALO,0,28410,RECIBOS DE NOMINA,NO_CLIENTE,0,Alto,0.0,2,93,0,1,39056,2220,0,39,Hipoteca,Preparatoria
Rechazada,Rechazado,MALO,0,24821,PROPIEDAD ACTIVO FIJO,NO_CLIENTE,0,Alto,0.0,5,93,0,0,0,0,0,39,Renta,Licenciatura
Rechazada,Rechazado,MALO,0,33108,PROPIEDAD ACTIVO FIJO,NO_CLIENTE,0,Alto,0.0,5,93,0,0,0,0,0,39,Familiares,Posgrado
Rechazada,Rechazado,MALO,0,31339,PROPIEDAD ACTIVO FIJO,NO_CLIENTE,0,Alto,0.0,3,93,0,0,0,0,0,39,Renta,Licenciatura
Rechazada,Rechazado,MALO,0,29191,PROPIEDAD ACTIVO FIJO,NO_CLIENTE,0,Alto,0.0,3,93,0,0,0,0,0,39,Renta,Posgrado
Rechazada,Rechazado,MALO,0,22697,RECIBOS DE NOMINA,NO_CLIENTE,0,Alto,0.0,3,93,0,0,0,0,0,39,Renta,Posgrado
Rechazada,Rechazado,MALO,0,32067,RECIBOS DE NOMINA,NO_CLIENTE,0,Alto,0.0,4,93,0,0,0,0,0,39,Familiares,Preparatoria
Rechazada,Rechazado,MALO,0,28468,CTA NOMINA DIGITAL,NO_CLIENTE,0,Alto,0.0,2,93,0,0,0,0,0,39,Propia,Licenciatura
Rechazada,Rechazado,MALO,0,24544,PROPIEDAD ACTIVO FIJO,NO_CLIENTE,0,Alto,0.0,2,93,0,0,0,0,0,39,Familiares,Posgrado
Rechazada,Rechazado,MALO,0,33615,RECIBOS DE NOMINA,NO_CLIENTE,0,Alto,0.0,4,93,0,0,0,0,0,39,Hipoteca,Licenciatura
Rechazada,Rechazado,MALO,0,31402,RECIBOS DE NOMINA,NO_CLIENTE,0,Alto,0.0,3,93,0,0,0,0,0,39,Propia,Posgrado
Rechazada,Rechazado,MALO,0,28864,PROPIEDAD ACTIVO FIJO,CLIENTE_BANCO,11000,Alto,0.0,5,93,0,0,10399,0,3406,39,Hipoteca,Posgrado
Rechazada,Rechazado,MALO,0,23045,PROPIEDAD ACTIVO FIJO,NO_CLIENTE,0,Alto,0.0,4,94,0,0,0,0,0,39,Familiares,Preparatoria
Rechazada,Rechazado,MALO,0,32132,RECIBOS DE NOMINA,NO_CLIENTE,0,Alto,0.0,2,94,0,0,0,0,0,39,Renta,Preparatoria
Rechazada,Rechazado,MALO,0,28150,PROPIEDAD ACTIVO FIJO,NO_CLIENTE,0,Alto,0.0,4,94,0,8,6774,6774,0,39,Familiares,Licenciatura
Rechazada,Rechazado,MALO,0,24920,RECIBOS DE NOMINA,NO_CLIENTE,0,Alto,0.0,2,94,0,0,0,0,11789,39,Familiares,Licenciatura
Rechazada,Rechazado,MALO,0,33683,RECIBOS DE NOMINA,NO_CLIENTE,0,Alto,0.0,3,94,0,0,0,0,0,39,Hipoteca,Preparatoria
Rechazada,Rechazado,MALO,0,32588,RECIBOS DE NOMINA,NO_CLIENTE,0,Alto,0.0,2,94,0,0,0,0,0,39,Propia,Preparatoria
Rechazada,Rechazado,MALO,0,29234,RECIBOS DE NOMINA,NO_CLIENTE,0,Alto,0.0,4,94,0,0,0,0,0,39,Renta,Posgrado
Rechazada,Rechazado,MALO,0,25394,RECIBOS DE NOMINA,NO_CLIENTE,0,Alto,0.0,3,95,0,0,0,0,0,39,Propia,Licenciatura
Rechazada,Rechazado,MALO,0,34161,RECIBOS DE NOMINA,NO_CLIENTE,0,Alto,0.0,2,95,0,0,0,0,0,39,Propia,Preparatoria
Rechazada,Rechazado,MALO,0,32247,PROPIEDAD ACTIVO FIJO,NO_CLIENTE,0,Alto,0.0,3,95,0,0,0,0,0,39,Propia,Preparatoria
Rechazada,Rechazado,MALO,0,29864,PROPIEDAD ACTIVO FIJO,NO_CLIENTE,0,Alto,0.0,3,95,0,0,0,0,2610,39,Familiares,Posgrado
Rechazada,Rechazado,MALO,0,23419,RECIBOS DE NOMINA,NO_CLIENTE,0,Alto,0.0,4,95,0,0,0,0,0,39,Renta,Posgrado
Rechazada,Rechazado,MALO,0,32997,PROPIEDAD ACTIVO FIJO,NO_CLIENTE,3000,Alto,0.0,5,95,0,0,2191,0,0,39,Renta,Posgrado
Rechazada,Rechazado,MALO,0,29125,PROPIEDAD ACTIVO FIJO,NO_CLIENTE,0,Alto,0.0,4,96,0,1,5121,1380,0,39,Renta,Preparatoria
Rechazada,Rechazado,MALO,0,25324,PROPIEDAD ACTIVO FIJO,NO_CLIENTE,28700,Alto,0.0,5,96,0,0,29773,0,0,39,Renta,Posgrado
Rechazada,Rechazado,MALO,0,34589,RECIBOS DE NOMINA,NO_CLIENTE,0,Alto,0.0,3,97,0,0,0,0,0,39,Propia,Posgrado
Rechazada,Rechazado,MALO,0,32127,PROPIEDAD ACTIVO FIJO,NO_CLIENTE,0,Alto,0.0,1,97,0,1,47354,2760,37629,39,Familiares,Licenciatura
Rechazada,Rechazado,MALO,0,29782,RECIBOS DE NOMINA,NO_CLIENTE,0,Alto,0.0,3,97,0,0,0,0,39025,39,Renta,Posgrado
Rechazada,Rechazado,MALO,0,23713,RECIBOS DE NOMINA,NO_CLIENTE,0,Alto,0.0,2,97,0,0,0,0,0,39,Propia,Licenciatura
Rechazada,Rechazado,MALO,0,32874,RECIBOS DE NOMINA,NO_CLIENTE,0,Alto,0.0,3,97,0,0,0,0,0,39,Propia,Posgrado
Rechazada,Rechazado,MALO,0,29045,PROPIEDAD ACTIVO FIJO,NO_CLIENTE,0,Alto,0.0,3,97,0,0,0,0,0,39,Propia,Licenciatura
En_proceso,Rechazado,MALO,0,25642,RECIBOS DE NOMINA,NO_CLIENTE,0,Alto,0.0,5,97,0,0,0,0,0,39,Familiares,Preparatoria
Rechazada,Rechazado,MALO,0,34461,RECIBOS DE NOMINA,NO_CLIENTE,0,Alto,0.0,2,98,0,0,0,0,18902,39,Hipoteca,Posgrado
Rechazada,Rechazado,MALO,0,32039,PROPIEDAD ACTIVO FIJO,NO_CLIENTE,0,Alto,0.0,1,98,0,0,0,0,0,39,Hipoteca,Preparatoria
Rechazada,Rechazado,MALO,0,30156,RECIBOS DE NOMINA,NO_CLIENTE,0,Alto,0.0,3,98,0,0,0,0,0,39,Hipoteca,Posgrado
Rechazada,Rechazado,MALO,0,23624,RECIBOS DE NOMINA,NO_CLIENTE,0,Alto,0.0,2,98,0,0,0,0,0,39,Propia,Licenciatura
Rechazada,Rechazado,MALO,0,32784,PROPIEDAD ACTIVO FIJO,NO_CLIENTE,42600,Alto,0.0,1,98,0,1,28352,1190,0,39,Propia,Licenciatura
Rechazada,Rechazado,MALO,0,29410,RECIBOS DE NOMINA,NO_CLIENTE,0,Alto,0.0,3,98,0,0,0,0,0,39,Propia,Preparatoria
Rechazada,Rechazado,MALO,0,25546,PROPIEDAD ACTIVO FIJO,NO_CLIENTE,5804,Alto,0.0,4,98,0,1,4726,300,0,39,Propia,Preparatoria
Rechazada,Rechazado,MALO,0,34366,PROPIEDAD ACTIVO FIJO,NO_CLIENTE,0,Alto,0.0,3,99,0,1,1947,250,0,39,Propia,Licenciatura
Rechazada,Rechazado,MALO,0,32441,RECIBOS DE NOMINA,NO_CLIENTE,3000,Alto,0.0,3,99,0,0,1630,0,0,39,Hipoteca,Licenciatura
Rechazada,Rechazado,MALO,0,30044,PROPIEDAD ACTIVO FIJO,NO_CLIENTE,0,Alto,0.0,4,99,0,0,0,0,0,39,Renta,Posgrado
Rechazada,Rechazado,MALO,0,23559,RECIBOS DE NOMINA,NO_CLIENTE,0,Alto,0.0,3,99,0,0,0,0,0,39,Hipoteca,Licenciatura
Rechazada,Rechazado,MALO,0,33511,PROPIEDAD ACTIVO FIJO,NO_CLIENTE,0,Alto,0.0,2,100,0,0,3227,0,0,39,Familiares,Posgrado
En_proceso,Rechazado,MALO,0,29162,PROPIEDAD ACTIVO FIJO,NO_CLIENTE,94500,Alto,0.0,1,101,0,1,22807,1190,0,39,Familiares,Preparatoria
Rechazada,Rechazado,MALO,0,25476,PROPIEDAD ACTIVO FIJO,NO_CLIENTE,0,Alto,0.0,1,101,0,0,0,0,10923,39,Propia,Posgrado
Rechazada,Rechazado,MALO,0,35296,RECIBOS DE NOMINA,NO_CLIENTE,0,Alto,0.0,4,101,0,0,0,0,0,39,Propia,Preparatoria
Rechazada,Rechazado,MALO,0,31864,RECIBOS DE NOMINA,NO_CLIENTE,0,Alto,0.0,1,101,0,0,0,0,0,39,Propia,Posgrado
Pendiente,Pre-Aprobado,MALO,1,29961,PROPIEDAD ACTIVO FIJO,NO_CLIENTE,0,Alto,0.0,0,120,0,0,0,0,0,39,Familiares,Licenciatura
Pendiente,Pre-Aprobado,MALO,1,24197,RECIBOS DE NOMINA,NO_CLIENTE,0,Alto,0.0,4,124,0,0,0,0,0,39,Hipoteca,Preparatoria
Pendiente,Pre-Aprobado,MALO,1,32605,RECIBOS DE NOMINA,NO_CLIENTE,0,Alto,0.0,2,124,0,0,0,0,0,39,Propia,Licenciatura
Pendiente,Pre-Aprobado,MALO,1,29219,RECIBOS DE NOMINA,NO_CLIENTE,0,Alto,0.0,0,136,0,0,0,0,0,39,Renta,Posgrado
Pendiente,Pre-Aprobado,MALO,1,26166,RECIBOS DE NOMINA,NO_CLIENTE,0,Alto,0.0,3,145,0,0,0,0,0,39,Familiares,Preparatoria
Pendiente,Pre-Aprobado,MALO,1,34179,PROPIEDAD ACTIVO FIJO,NO_CLIENTE,0,Alto,0.0,3,154,0,0,0,0,0,39,Renta,Preparatoria
Aprobada,Aprobado,BUENO,11900,32231,RECIBOS DE NOMINA,NO_CLIENTE,0,Bajo,0.66,0,177,734,0,0,0,0,39,Renta,Posgrado
Aprobada,Aprobado,BUENO,4000,30772,RECIBOS DE NOMINA,NO_CLIENTE,0,Mínimo,0.46,0,193,774,0,0,0,0,39,Familiares,Licenciatura
Aprobada,Aprobado,BUENO,6000,23431,RECIBOS DE NOMINA,NO_CLIENTE,0,Mínimo,0.44,0,196,766,0,0,0,0,39,Renta,Posgrado
Aprobada,Aprobado,BUENO,48999,32980,PROPIEDAD ACTIVO FIJO,CLIENTE_BANCO,44000,Bajo,0.52,0,199,733,1,5012,328,0,39,Propia,Posgrado
Aprobada,Aprobado,BUENO,48000,30010,RECIBOS DE NOMINA,NO_CLIENTE,0,Bajo,0.9,0,203,720,0,0,0,0,39,Hipoteca,Licenciatura
Aprobada,Aprobado,BUENO,7000,25579,INVERSIONES,NO_CLIENTE,0,Mínimo,0.49,0,204,761,0,0,0,0,39,Renta,Preparatoria
Aprobada,Aprobado,BUENO,9899,34409,PROPIEDAD ACTIVO FIJO,CLIENTE_BANCO,5000,Bajo,1.07,0,205,734,1,2489,250,12335,39,Familiares,Preparatoria
Aprobada,Aprobado,BUENO,9899,32947,RECIBOS DE NOMINA,CLIENTE_BANCO,16400,Bajo,0.8,0,205,740,1,2958,250,0,39,Renta,Posgrado
Aprobada,Aprobado,REGULAR,2999,30082,PROPIEDAD ACTIVO FIJO,CLIENTE_BANCO,20900,Medio ,0.27,0,208,685,1,20847,1300,0,39,Renta,Preparatoria
Aprobada,Aprobado,BUENO,49999,23589,RECIBOS DE NOMINA,CLIENTE_BANCO,75000,Bajo,1.06,0,209,740,1,23915,940,165531,39,Propia,Licenciatura
Aprobada,Aprobado,BUENO,1999,33713,RECIBOS DE NOMINA,CLIENTE_BANCO,9700,Mínimo,1.2,0,210,757,1,626,250,0,39,Renta,Posgrado
Aprobada,Aprobado,BUENO,35000,29337,RECIBOS DE NOMINA,CLIENTE_BANCO,19000,Bajo,0.56,0,211,734,1,3252,440,0,39,Hipoteca,Licenciatura
Aprobada,Aprobado,BUENO,22200,25508,RECIBOS DE NOMINA,CLIENTE_BANCO,6000,Mínimo,0.48,0,218,762,0,599,0,102143,39,Hipoteca,Posgrado
Aprobada,Aprobado,REGULAR,5200,35340,RECIBOS DE NOMINA,NO_CLIENTE,0,Medio ,1.1,0,219,690,0,0,0,0,39,Propia,Preparatoria
Aprobada,Aprobado,BUENO,43999,32514,RECIBOS DE NOMINA,CLIENTE_BANCO,28000,Mínimo,0.95,0,221,754,0,0,0,0,39,Familiares,Licenciatura
Aprobada,Aprobado,BUENO,15000,30141,RECIBOS DE NOMINA,NO_CLIENTE,0,Bajo,1.13,0,224,707,0,0,0,0,39,Familiares,Posgrado
Aprobada,Aprobado,BUENO,40000,23998,RECIBOS DE NOMINA,CLIENTE_BANCO,29000,Bajo,0.56,0,227,714,1,15539,900,0,39,Familiares,Preparatoria
Aprobada,Aprobado,BUENO,4999,33270,INVERSIONES,CLIENTE_BANCO,0,Bajo,0.99,0,228,711,0,0,0,0,39,Renta,Licenciatura
Aprobada,Aprobado,BUENO,40000,29395,RECIBOS DE NOMINA,CLIENTE_BANCO,22800,Bajo,0.48,0,228,727,1,2700,250,0,39,Renta,Posgrado
Aprobada,Aprobado,REGULAR,9899,25951,PROPIEDAD ACTIVO FIJO,CLIENTE_BANCO,53000,Bajo,0.39,0,232,750,0,18526,0,48322,39,Propia,Preparatoria
Aprobada,Aprobado,BUENO,7900,34876,RECIBOS DE NOMINA,CLIENTE_BANCO,0,Bajo,0.67,0,233,733,0,0,0,43244,39,Propia,Preparatoria
Aprobada,Aprobado,BUENO,8999,32425,RECIBOS DE NOMINA,NO_CLIENTE,0,Mínimo,0.57,0,240,753,0,0,0,0,39,Renta,Posgrado
Aprobada,Aprobado,REGULAR,9899,30520,RECIBOS DE NOMINA,CLIENTE_BANCO,15000,Mínimo,0.34,0,240,776,0,0,0,0,39,Familiares,Preparatoria
Aprobada,Aprobado,BUENO,2999,23909,RECIBOS DE NOMINA,CLIENTE_BANCO,0,Bajo,1.12,0,241,708,0,0,0,0,39,Hipoteca,Preparatoria
Aprobada,Aprobado,REGULAR,33999,33179,RECIBOS DE NOMINA,NO_CLIENTE,0,Medio ,1.15,0,242,685,0,0,0,0,39,Renta,Licenciatura
Aprobada,Aprobado,BUENO,9899,29764,PROPIEDAD ACTIVO FIJO,CLIENTE_BANCO,82500,Bajo,0.44,0,242,704,1,45322,2760,206136,39,Familiares,Licenciatura
Aprobada,Aprobado,BUENO,9300,25854,RECIBOS DE NOMINA,NO_CLIENTE,0,Bajo,0.83,0,244,737,0,0,0,0,39,Hipoteca,Licenciatura
Aprobada,Aprobado,REGULAR,233000,34780,PROPIEDAD ACTIVO FIJO,CLIENTE_BANCO,112000,Medio ,0.78,0,247,683,0,35544,0,0,39,Renta,Licenciatura
Aprobada,Aprobado,BUENO,49999,32832,RECIBOS DE NOMINA,CLIENTE_BANCO,0,Mínimo,0.48,0,257,762,0,0,0,0,39,Renta,Posgrado
Aprobada,Aprobado,BUENO,4999,30406,PAGOS PROV SEMESTRALES PF,CLIENTE_BANCO,0,Bajo,0.83,0,260,737,0,0,0,0,39,Propia,Licenciatura
Rechazada,Rechazado,MALO,0,24070,PROPIEDAD ACTIVO FIJO,NO_CLIENTE,0,Alto,0.0,5,89,0,1,19976,840,0,40,Renta,Licenciatura
Rechazada,Rechazado,MALO,0,33437,RECIBOS DE NOMINA,NO_CLIENTE,0,Alto,0.0,5,89,0,0,0,0,0,40,Familiares,Preparatoria
Rechazada,Rechazado,MALO,0,29513,RECIBOS DE NOMINA,NO_CLIENTE,0,Alto,0.0,4,89,0,0,0,0,0,40,Familiares,Licenciatura
Rechazada,Rechazado,MALO,0,26029,RECIBOS DE NOMINA,NO_CLIENTE,0,Alto,0.0,5,89,0,0,0,0,0,40,Renta,Licenciatura
Rechazada,Rechazado,MALO,0,35051,RECIBOS DE NOMINA,NO_CLIENTE,0,Alto,0.0,5,89,0,0,0,0,0,40,Familiares,Licenciatura
Rechazada,Rechazado,MALO,0,32709,PROPIEDAD ACTIVO FIJO,NO_CLIENTE,20500,Alto,0.0,5,89,0,0,0,0,9469,40,Familiares,Preparatoria
Rechazada,Rechazado,MALO,0,30757,RECIBOS DE NOMINA,NO_CLIENTE,0,Alto,0.0,5,89,0,0,0,0,10869,40,Propia,Licenciatura
Rechazada,Rechazado,MALO,0,23802,PROPIEDAD ACTIVO FIJO,NO_CLIENTE,0,Alto,0.0,5,89,0,0,0,0,0,40,Propia,Secundaria
Rechazada,Rechazado,MALO,0,33470,RECIBOS DE NOMINA,NO_CLIENTE,0,Alto,0.0,3,90,0,1,8170,560,0,40,Propia,Licenciatura
Rechazada,Rechazado,MALO,0,29996,PROPIEDAD ACTIVO FIJO,NO_CLIENTE,0,Alto,0.0,2,90,0,0,0,0,0,40,Hipoteca,Preparatoria
Rechazada,Rechazado,MALO,0,25739,RECIBOS DE NOMINA,NO_CLIENTE,0,Alto,0.0,2,90,0,0,0,0,0,40,Renta,Posgrado
Rechazada,Rechazado,MALO,0,35085,RECIBOS DE NOMINA,NO_CLIENTE,0,Alto,0.0,5,90,0,0,0,0,0,40,Renta,Licenciatura
Rechazada,Rechazado,MALO,0,33087,RECIBOS DE NOMINA,NO_CLIENTE,0,Alto,0.0,5,91,0,0,0,0,0,40,Renta,Licenciatura
Rechazada,Rechazado,MALO,0,30270,PROPIEDAD ACTIVO FIJO,NO_CLIENTE,0,Alto,0.0,4,91,0,0,0,0,0,40,Familiares,Preparatoria
Rechazada,Rechazado,MALO,0,24052,RECIBOS DE NOMINA,NO_CLIENTE,0,Alto,0.0,1,91,0,0,0,0,0,40,Renta,Posgrado
Rechazada,Rechazado,MALO,0,33857,RECIBOS DE NOMINA,NO_CLIENTE,0,Alto,0.0,5,91,0,0,0,0,0,40,Propia,Licenciatura
Rechazada,Rechazado,MALO,0,29521,RECIBOS DE NOMINA,NO_CLIENTE,0,Alto,0.0,4,92,0,0,0,0,7901,40,Familiares,Posgrado
Rechazada,Rechazado,MALO,0,26009,RECIBOS DE NOMINA,NO_CLIENTE,0,Alto,0.0,2,92,0,8,11102,9360,0,40,Hipoteca,Licenciatura
Rechazada,Rechazado,MALO,0,35491,RECIBOS DE NOMINA,NO_CLIENTE,0,Alto,0.0,3,92,0,0,0,0,0,40,Familiares,Preparatoria
Cancelada,Rechazado,MALO,0,32563,PROPIEDAD ACTIVO FIJO,NO_CLIENTE,0,Alto,0.0,2,92,0,0,0,0,0,40,Familiares,Preparatoria
Rechazada,Rechazado,MALO,0,30588,PROPIEDAD ACTIVO FIJO,NO_CLIENTE,0,Alto,0.0,3,92,0,0,0,0,0,40,Familiares,Preparatoria
Rechazada,Rechazado,MALO,0,24330,PROPIEDAD ACTIVO FIJO,NO_CLIENTE,0,Alto,0.0,5,92,0,0,0,0,0,40,Propia,Posgrado
Rechazada,Rechazado,MALO,0,33321,PROPIEDAD ACTIVO FIJO,NO_CLIENTE,66000,Alto,0.0,5,92,0,0,600,0,0,40,Familiares,Licenciatura
Rechazada,Rechazado,MALO,0,29831,PAGOS PROV SEMESTRALES PF,NO_CLIENTE,0,Alto,0.0,4,92,0,0,0,0,0,40,Hipoteca,Licenciatura
Rechazada,Rechazado,MALO,0,26310,RECIBOS DE NOMINA,NO_CLIENTE,0,Alto,0.0,2,93,0,0,0,0,0,40,Hipoteca,Preparatoria
Rechazada,Rechazado,MALO,0,34929,RECIBOS DE NOMINA,NO_CLIENTE,0,Alto,0.0,1,93,0,0,0,0,0,40,Hipoteca,Licenciatura
Rechazada,Rechazado,MALO,0,32906,RECIBOS DE NOMINA,NO_CLIENTE,0,Alto,0.0,3,93,0,0,0,0,0,40,Hipoteca,Posgrado
Rechazada,Rechazado,MALO,0,30942,RECIBOS DE NOMINA,NO_CLIENTE,0,Alto,0.0,2,94,0,0,0,0,0,40,Familiares,Preparatoria
Rechazada,Rechazado,MALO,0,23945,RECIBOS DE NOMINA,NO_CLIENTE,0,Alto,0.0,5,94,0,0,0,0,0,40,Familiares,Licenciatura
Rechazada,Rechazado,MALO,0,33671,INVERSIONES,NO_CLIENTE,0,Alto,0.0,4,95,0,0,0,0,0,40,Familiares,Preparatoria
Rechazada,Rechazado,MALO,0,30176,RECIBOS DE NOMINA,NO_CLIENTE,0,Alto,0.0,4,95,0,0,0,0,0,40,Renta,Posgrado
Rechazada,Rechazado,MALO,0,25893,PROPIEDAD ACTIVO FIJO,NO_CLIENTE,0,Alto,0.0,3,95,0,1,12354,790,0,40,Propia,Licenciatura
Rechazada,Rechazado,MALO,0,35296,CTA NOMINA DIGITAL,NO_CLIENTE,0,Alto,0.0,4,95,0,0,0,0,0,40,Propia,Posgrado
Rechazada,Rechazado,MALO,0,33286,PROPIEDAD ACTIVO FIJO,NO_CLIENTE,0,Alto,0.0,4,95,0,0,0,0,0,40,Familiares,Preparatoria
Rechazada,Rechazado,MALO,0,30452,PAGOS PROV SEMESTRALES PF,NO_CLIENTE,0,Alto,0.0,5,95,0,0,0,0,3736,40,Propia,Posgrado
Rechazada,Rechazado,MALO,0,24197,RECIBOS DE NOMINA,NO_CLIENTE,0,Alto,0.0,5,95,0,0,0,0,0,40,Propia,Preparatoria
Rechazada,Rechazado,MALO,0,34060,RECIBOS DE NOMINA,NO_CLIENTE,0,Alto,0.0,2,96,0,0,0,0,0,40,Renta,Preparatoria
Rechazada,Rechazado,MALO,0,29698,RECIBOS DE NOMINA,NO_CLIENTE,0,Alto,0.0,4,96,0,0,0,0,0,40,Renta,Licenciatura
Rechazada,Rechazado,MALO,0,26166,RECIBOS DE NOMINA,NO_CLIENTE,0,Alto,0.0,3,96,0,0,0,0,0,40,Propia,Posgrado
Rechazada,Rechazado,MALO,0,35704,PROPIEDAD ACTIVO FIJO,NO_CLIENTE,305000,Alto,0.0,3,96,0,1,127024,3820,0,40,Familiares,Licenciatura
Rechazada,Rechazado,MALO,0,34380,PROPIEDAD ACTIVO FIJO,NO_CLIENTE,0,Alto,0.0,1,96,0,0,0,0,0,40,Familiares,Posgrado
Rechazada,Rechazado,MALO,0,30695,RECIBOS DE NOMINA,NO_CLIENTE,0,Alto,0.0,3,96,0,0,0,0,0,40,Renta,Posgrado
Rechazada,Rechazado,MALO,0,26917,RECIBOS DE NOMINA,NO_CLIENTE,0,Alto,0.0,2,96,0,0,0,0,0,40,Familiares,Preparatoria
Rechazada,Rechazado,MALO,0,36039,RECIBOS DE NOMINA,NO_CLIENTE,0,Alto,0.0,2,96,0,0,0,0,0,40,Renta,Posgrado
Rechazada,Rechazado,MALO,0,33859,RECIBOS DE NOMINA,NO_CLIENTE,0,Alto,0.0,1,96,0,0,0,0,0,40,Hipoteca,Licenciatura
Rechazada,Rechazado,MALO,0,31656,PROPIEDAD ACTIVO FIJO,NO_CLIENTE,0,Alto,0.0,5,96,0,0,0,0,0,40,Hipoteca,Licenciatura
Rechazada,Rechazado,MALO,0,24707,RECIBOS DE NOMINA,NO_CLIENTE,0,Alto,0.0,5,96,0,0,0,0,0,40,Propia,Licenciatura
Rechazada,Rechazado,MALO,0,34647,RECIBOS DE NOMINA,NO_CLIENTE,0,Alto,0.0,2,97,0,0,0,0,0,40,Familiares,Preparatoria
Rechazada,Rechazado,MALO,0,30873,PROPIEDAD ACTIVO FIJO,NO_CLIENTE,0,Alto,0.0,4,97,0,1,1271,820,0,40,Renta,Preparatoria
Rechazada,Rechazado,MALO,0,26717,RECIBOS DE NOMINA,NO_CLIENTE,0,Alto,0.0,2,97,0,0,0,0,0,40,Hipoteca,Preparatoria
Rechazada,Rechazado,MALO,0,36319,PROPIEDAD ACTIVO FIJO,NO_CLIENTE,0,Alto,0.0,3,97,0,0,0,0,30414,40,Renta,Preparatoria
Rechazada,Rechazado,MALO,0,34055,RECIBOS DE NOMINA,NO_CLIENTE,47000,Alto,0.0,4,97,0,1,47491,2670,0,40,Familiares,Preparatoria
Rechazada,Rechazado,MALO,0,31420,RECIBOS DE NOMINA,NO_CLIENTE,17500,Alto,0.0,4,97,0,0,14376,0,19889,40,Renta,Licenciatura
Rechazada,Rechazado,MALO,0,24898,PROPIEDAD ACTIVO FIJO,NO_CLIENTE,0,Alto,0.0,2,98,0,1,45106,2380,0,40,Renta,Preparatoria
Rechazada,Rechazado,MALO,0,34846,RECIBOS DE NOMINA,NO_CLIENTE,0,Alto,0.0,4,98,0,0,0,0,0,40,Propia,Licenciatura
Rechazada,Rechazado,MALO,0,30642,PROPIEDAD ACTIVO FIJO,NO_CLIENTE,0,Alto,0.0,3,98,0,0,0,0,0,40,Hipoteca,Preparatoria
Rechazada,Rechazado,MALO,0,26924,RECIBOS DE NOMINA,NO_CLIENTE,0,Alto,0.0,4,98,0,0,0,0,0,40,Familiares,Posgrado
Rechazada,Rechazado,MALO,0,36528,RECIBOS DE NOMINA,NO_CLIENTE,0,Alto,0.0,3,99,0,0,0,0,0,40,Familiares,Licenciatura
Rechazada,Rechazado,MALO,0,33801,PAGOS PROV SEMESTRALES PF,NO_CLIENTE,0,Alto,0.0,3,99,0,0,0,0,0,40,Renta,Preparatoria
Rechazada,Rechazado,MALO,0,31664,RECIBOS DE NOMINA,NO_CLIENTE,0,Alto,0.0,3,99,0,0,0,0,0,40,Hipoteca,Posgrado
Rechazada,Rechazado,MALO,0,25042,PROPIEDAD ACTIVO FIJO,NO_CLIENTE,0,Alto,0.0,4,99,0,0,0,0,0,40,Familiares,Licenciatura
Rechazada,Rechazado,MALO,0,34587,RECIBOS DE NOMINA,NO_CLIENTE,0,Alto,0.0,4,99,0,0,0,0,0,40,Hipoteca,Posgrado
Rechazada,Rechazado,MALO,0,30880,RECIBOS DE NOMINA,NO_CLIENTE,0,Alto,0.0,3,99,0,0,0,0,0,40,Hipoteca,Licenciatura
Rechazada,Rechazado,MALO,0,27079,PROPIEDAD ACTIVO FIJO,NO_CLIENTE,0,Alto,0.0,3,100,0,1,8125,510,0,40,Renta,Preparatoria
Rechazada,Rechazado,MALO,0,36256,RECIBOS DE NOMINA,NO_CLIENTE,0,Alto,0.0,1,100,0,0,0,0,0,40,Propia,Posgrado
Rechazada,Rechazado,MALO,0,34063,PROPIEDAD ACTIVO FIJO,NO_CLIENTE,18100,Alto,0.0,3,100,0,0,17677,0,29884,40,Renta,Preparatoria
Rechazada,Rechazado,MALO,0,31847,PROPIEDAD ACTIVO FIJO,NO_CLIENTE,0,Alto,0.0,1,100,0,0,0,0,0,40,Renta,Secundaria
Rechazada,Rechazado,MALO,0,24855,PROPIEDAD ACTIVO FIJO,NO_CLIENTE,0,Alto,0.0,0,100,0,0,0,0,0,40,Propia,Secundaria
Rechazada,Rechazado,MALO,0,35187,PROPIEDAD ACTIVO FIJO,NO_CLIENTE,135500,Alto,0.0,2,100,0,0,7341,0,102189,40,Familiares,Licenciatura
Rechazada,Rechazado,MALO,0,30912,RECIBOS DE NOMINA,NO_CLIENTE,0,Alto,0.0,0,100,0,0,0,0,0,40,Renta,Preparatoria
Rechazada,Rechazado,MALO,0,26877,RECIBOS DE NOMINA,NO_CLIENTE,0,Alto,0.0,1,100,0,0,0,0,0,40,Familiares,Posgrado
Cancelada,Rechazado,MALO,0,37061,RECIBOS DE NOMINA,NO_CLIENTE,0,Alto,0.0,3,101,0,0,0,0,0,40,Renta,Licenciatura
Rechazada,Rechazado,MALO,0,33776,RECIBOS DE NOMINA,NO_CLIENTE,0,Alto,0.0,2,101,0,0,0,0,0,40,Hipoteca,Posgrado
Rechazada,Rechazado,MALO,0,31608,RECIBOS DE NOMINA,NO_CLIENTE,0,Alto,0.0,3,101,0,0,0,0,0,40,Familiares,Licenciatura
Rechazada,Rechazado,MALO,0,25407,RECIBOS DE NOMINA,NO_CLIENTE,0,Alto,0.0,3,101,0,0,0,0,0,40,Familiares,Preparatoria
Rechazada,Rechazado,MALO,0,34561,RECIBOS DE NOMINA,NO_CLIENTE,0,Alto,0.0,1,101,0,0,0,0,3755,40,Hipoteca,Preparatoria
Pendiente,Pre-Aprobado,MALO,1,30826,PROPIEDAD ACTIVO FIJO,NO_CLIENTE,0,Alto,0.0,0,120,0,0,0,0,0,40,Hipoteca,Licenciatura
Pendiente,Pre-Aprobado,MALO,1,27474,RECIBOS DE NOMINA,NO_CLIENTE,6000,Alto,0.0,0,120,0,1,3439,250,0,40,Propia,Posgrado
Pendiente,Pre-Aprobado,MALO,1,36229,RECIBOS DE NOMINA,NO_CLIENTE,0,Alto,0.0,1,123,0,0,0,0,0,40,Hipoteca,Posgrado
Pendiente,Pre-Aprobado,MALO,1,34003,PROPIEDAD ACTIVO FIJO,NO_CLIENTE,0,Alto,0.0,0,143,0,0,0,0,0,40,Propia,Preparatoria
Aprobada,Aprobado,BUENO,12900,32311,PROPIEDAD ACTIVO FIJO,NO_CLIENTE,0,Mínimo,0.67,0,167,753,0,0,0,0,40,Renta,Preparatoria
Aprobada,Aprobado,BUENO,7200,24837,RECIBOS DE NOMINA,NO_CLIENTE,0,Bajo,0.74,2,171,736,0,0,0,0,40,Propia,Preparatoria
Aprobada,Aprobado,BUENO,5100,34794,RECIBOS DE NOMINA,NO_CLIENTE,0,Bajo,1.04,0,187,716,0,0,0,0,40,Familiares,Preparatoria
Aprobada,Aprobado,REGULAR,6000,31511,INVERSIONES,NO_CLIENTE,0,Mínimo,0.36,0,199,774,0,0,0,0,40,Familiares,Preparatoria
Aprobada,Aprobado,REGULAR,7000,27113,INVERSIONES,NO_CLIENTE,0,Mínimo,0.32,0,200,778,0,0,0,0,40,Familiares,Posgrado
Aprobada,Aprobado,REGULAR,49999,36301,PROPIEDAD ACTIVO FIJO,CLIENTE_BANCO,18500,Bajo,0.24,0,202,716,0,0,0,0,40,Hipoteca,Licenciatura
Aprobada,Aprobado,BUENO,55000,34594,RECIBOS DE NOMINA,NO_CLIENTE,0,Bajo,0.59,0,203,741,0,0,0,0,40,Propia,Posgrado
Aprobada,Aprobado,REGULAR,2999,31887,PROPIEDAD ACTIVO FIJO,CLIENTE_BANCO,3000,Medio ,0.9,0,204,697,1,2619,250,0,40,Propia,Preparatoria
Aprobada,Aprobado,BUENO,9899,24886,PROPIEDAD ACTIVO FIJO,CLIENTE_BANCO,33000,Bajo,1.12,0,208,702,1,30740,10,0,40,Hipoteca,Posgrado
Aprobada,Aprobado,BUENO,49999,35398,PROPIEDAD ACTIVO FIJO,CLIENTE_BANCO,20400,Mínimo,0.82,0,209,767,0,0,0,0,40,Renta,Licenciatura
Aprobada,Aprobado,BUENO,2999,31097,INVERSIONES,CLIENTE_BANCO,0,Bajo,0.75,0,211,735,0,0,0,7298,40,Hipoteca,Preparatoria
Aprobada,Aprobado,REGULAR,2999,26911,PROPIEDAD ACTIVO FIJO,NO_CLIENTE,0,Mínimo,0.19,0,211,791,0,0,0,0,40,Propia,Licenciatura
Aprobada,Aprobado,BUENO,9899,37107,RECIBOS DE NOMINA,CLIENTE_BANCO,0,Bajo,1.02,0,213,718,0,0,0,0,40,Familiares,Posgrado
Aprobada,Aprobado,REGULAR,50000,34465,RECIBOS DE NOMINA,CLIENTE_BANCO,30200,Bajo,0.4,0,217,740,0,15087,0,0,40,Hipoteca,Posgrado
Aprobada,Aprobado,REGULAR,16099,31799,PROPIEDAD ACTIVO FIJO,CLIENTE_BANCO,21100,Bajo,0.23,0,218,704,1,19048,1160,0,40,Hipoteca,Preparatoria
Aprobada,Aprobado,BUENO,10000,25198,RECIBOS DE NOMINA,NO_CLIENTE,0,Bajo,1.07,0,218,713,0,0,0,0,40,Hipoteca,Preparatoria
Aprobada,Aprobado,BUENO,9899,35267,PROPIEDAD ACTIVO FIJO,CLIENTE_BANCO,36000,Bajo,0.67,0,220,706,1,20769,1100,0,40,Familiares,Licenciatura
Aprobada,Aprobado,BUENO,4999,31012,PROPIEDAD ACTIVO FIJO,CLIENTE_BANCO,0,Bajo,0.89,0,223,731,0,0,0,0,40,Propia,Posgrado
Aprobada,Aprobado,REGULAR,4999,27249,PROPIEDAD ACTIVO FIJO,NO_CLIENTE,0,Mínimo,0.32,0,224,788,0,0,0,0,40,Propia,Licenciatura
Aprobada,Aprobado,BUENO,1999,36969,PROPIEDAD ACTIVO FIJO,CLIENTE_BANCO,0,Bajo,0.91,0,225,719,0,0,0,0,40,Propia,Preparatoria
Aprobada,Aprobado,REGULAR,14100,34208,RECIBOS DE NOMINA,NO_CLIENTE,0,Mínimo,0.16,0,226,794,0,0,0,0,40,Renta,Posgrado
Aprobada,Aprobado,REGULAR,1999,32046,RECIBOS DE NOMINA,NO_CLIENTE,0,Mínimo,0.25,0,228,795,0,0,0,0,40,Propia,Posgrado
Aprobada,Aprobado,BUENO,9899,25344,RECIBOS DE NOMINA,CLIENTE_BANCO,37700,Bajo,0.88,0,229,716,1,26268,1490,0,40,Familiares,Licenciatura
Aprobada,Aprobado,BUENO,39999,35004,RECIBOS DE NOMINA,CLIENTE_BANCO,0,Bajo,0.61,0,231,739,0,0,0,62136,40,Hipoteca,Posgrado
Aprobada,Aprobado,REGULAR,50000,31252,RECIBOS DE NOMINA,CLIENTE_BANCO,50000,Bajo,0.35,0,232,744,0,237,0,68040,40,Familiares,Licenciatura
Aprobada,Aprobado,BUENO,11799,27406,PROPIEDAD ACTIVO FIJO,NO_CLIENTE,0,Mínimo,0.59,0,233,761,0,0,0,0,40,Hipoteca,Licenciatura
Aprobada,Aprobado,BUENO,9899,36693,PROPIEDAD ACTIVO FIJO,CLIENTE_BANCO,0,Bajo,0.92,0,234,708,0,0,0,0,40,Hipoteca,Licenciatura
Aprobada,Aprobado,REGULAR,21700,34474,RECIBOS DE NOMINA,CLIENTE_BANCO,0,Mínimo,0.24,0,236,786,0,0,0,14962,40,Familiares,Preparatoria
Aprobada,Aprobado,BUENO,46999,32231,PROPIEDAD ACTIVO FIJO,NO_CLIENTE,0,Mínimo,0.43,0,237,767,0,0,0,0,40,Propia,Licenciatura
Aprobada,Aprobado,BUENO,1999,25394,RECIBOS DE NOMINA,CLIENTE_BANCO,0,Bajo,1.04,0,238,716,0,0,0,0,40,Hipoteca,Licenciatura
Aprobada,Aprobado,BUENO,155002,35109,RECIBOS DE NOMINA,CLIENTE_BANCO,30000,Bajo,0.63,0,238,737,0,0,0,0,40,Familiares,Posgrado
Aprobada,Aprobado,REGULAR,24900,31284,RECIBOS DE NOMINA,CLIENTE_BANCO,5000,Medio ,1.12,0,242,688,0,0,0,0,40,Familiares,Licenciatura
Aprobada,Aprobado,BUENO,9899,27461,PROPIEDAD ACTIVO FIJO,CLIENTE_BANCO,17300,Bajo,0.61,0,248,744,0,793,0,0,40,Renta,Preparatoria
Aprobada,Aprobado,REGULAR,49999,36803,PROPIEDAD ACTIVO FIJO,CLIENTE_BANCO,50000,Mínimo,0.31,0,255,779,0,0,0,107673,40,Propia,Preparatoria
Aprobada,Aprobado,BUENO,49999,34672,RECIBOS DE NOMINA,CLIENTE_BANCO,68000,Mínimo,0.78,0,258,756,0,0,0,0,40,Renta,Posgrado
Aprobada,Aprobado,BUENO,49999,32449,PROPIEDAD ACTIVO FIJO,CLIENTE_BANCO,6800,Bajo,1.12,0,259,736,0,0,0,0,40,Hipoteca,Licenciatura
Rechazada,Rechazado,MALO,0,25230,PROPIEDAD ACTIVO FIJO,NO_CLIENTE,0,Alto,0.0,4,89,0,0,14182,0,62328,41,Familiares,Secundaria
Rechazada,Rechazado,MALO,0,35310,PROPIEDAD ACTIVO FIJO,NO_CLIENTE,3000,Alto,0.0,4,89,0,1,1670,250,0,41,Renta,Posgrado
Rechazada,Rechazado,MALO,0,31495,RECIBOS DE NOMINA,NO_CLIENTE,0,Alto,0.0,5,89,0,0,0,0,0,41,Propia,Licenciatura
Rechazada,Rechazado,MALO,0,27283,PAGOS PROV SEMESTRALES PF,NO_CLIENTE,0,Alto,0.0,4,89,0,0,0,0,0,41,Hipoteca,Posgrado
Rechazada,Rechazado,MALO,0,37015,RECIBOS DE NOMINA,NO_CLIENTE,0,Alto,0.0,5,89,0,0,0,0,0,41,Hipoteca,Preparatoria
Rechazada,Rechazado,MALO,0,34742,RECIBOS DE NOMINA,NO_CLIENTE,0,Alto,0.0,4,89,0,0,0,0,0,41,Hipoteca,Posgrado
En_proceso,Rechazado,MALO,0,32086,INVERSIONES,NO_CLIENTE,0,Alto,0.0,5,89,0,0,0,0,0,41,Propia,Licenciatura
Rechazada,Rechazado,MALO,0,25375,RECIBOS DE NOMINA,NO_CLIENTE,0,Alto,0.0,2,90,0,0,0,0,0,41,Renta,Preparatoria
Rechazada,Rechazado,MALO,0,35550,RECIBOS DE NOMINA,NO_CLIENTE,0,Alto,0.0,1,90,0,0,0,0,0,41,Hipoteca,Preparatoria
Rechazada,Rechazado,MALO,0,31292,RECIBOS DE NOMINA,NO_CLIENTE,0,Alto,0.0,3,90,0,0,0,0,0,41,Familiares,Posgrado
Rechazada,Rechazado,MALO,0,27440,RECIBOS DE NOMINA,NO_CLIENTE,0,Alto,0.0,2,90,0,1,637,637,31646,41,Renta,Preparatoria
Rechazada,Rechazado,MALO,0,37265,PROPIEDAD ACTIVO FIJO,NO_CLIENTE,0,Alto,0.0,3,90,0,0,0,0,0,41,Renta,Licenciatura
Rechazada,Rechazado,MALO,0,34517,RECIBOS DE NOMINA,NO_CLIENTE,0,Alto,0.0,3,90,0,0,0,0,0,41,Renta,Preparatoria
Rechazada,Rechazado,MALO,0,32271,PROPIEDAD ACTIVO FIJO,NO_CLIENTE,0,Alto,0.0,3,91,0,0,0,0,0,41,Familiares,Posgrado
Rechazada,Rechazado,MALO,0,25547,RECIBOS DE NOMINA,NO_CLIENTE,0,Alto,0.0,3,91,0,0,0,0,0,41,Propia,Licenciatura
Rechazada,Rechazado,MALO,0,35320,RECIBOS DE NOMINA,NO_CLIENTE,0,Alto,0.0,5,91,0,0,0,0,0,41,Hipoteca,Preparatoria
Rechazada,Rechazado,MALO,0,31472,RECIBOS DE NOMINA,NO_CLIENTE,0,Alto,0.0,3,92,0,0,0,0,0,41,Familiares,Licenciatura
Rechazada,Rechazado,MALO,0,27626,PROPIEDAD ACTIVO FIJO,NO_CLIENTE,0,Alto,0.0,3,92,0,0,2102,0,0,41,Hipoteca,Licenciatura
Rechazada,Rechazado,MALO,0,37025,RECIBOS DE NOMINA,NO_CLIENTE,0,Alto,0.0,1,92,0,0,0,0,0,41,Familiares,Licenciatura
Rechazada,Rechazado,MALO,0,34716,RECIBOS DE NOMINA,NO_CLIENTE,0,Alto,0.0,2,93,0,0,0,0,0,41,Hipoteca,Posgrado
Rechazada,Rechazado,MALO,0,32489,PROPIEDAD ACTIVO FIJO,NO_CLIENTE,0,Alto,0.0,3,93,0,1,11237,660,0,41,Renta,Preparatoria
Rechazada,Rechazado,MALO,0,25382,PROPIEDAD ACTIVO FIJO,NO_CLIENTE,0,Alto,0.0,2,93,0,0,0,0,0,41,Hipoteca,Posgrado
Rechazada,Rechazado,MALO,0,35523,PROPIEDAD ACTIVO FIJO,NO_CLIENTE,0,Alto,0.0,5,93,0,0,0,0,0,41,Familiares,Preparatoria
Rechazada,Rechazado,MALO,0,31685,PROPIEDAD ACTIVO FIJO,NO_CLIENTE,0,Alto,0.0,5,93,0,0,0,0,0,41,Hipoteca,Secundaria
Rechazada,Rechazado,MALO,0,27447,RECIBOS DE NOMINA,NO_CLIENTE,0,Alto,0.0,4,93,0,0,0,0,59454,41,Renta,Licenciatura
En_proceso,Rechazado,MALO,0,37237,RECIBOS DE NOMINA,NO_CLIENTE,40004,Alto,0.0,1,93,0,1,2715,510,64683,41,Propia,Licenciatura
Rechazada,Rechazado,MALO,0,34951,RECIBOS DE NOMINA,NO_CLIENTE,15000,Alto,0.0,4,93,0,1,14942,1040,0,41,Familiares,Preparatoria
Rechazada,Rechazado,MALO,0,32279,RECIBOS DE NOMINA,NO_CLIENTE,0,Alto,0.0,1,93,0,0,0,0,0,41,Propia,Licenciatura
Rechazada,Rechazado,MALO,0,25528,RECIBOS DE NOMINA,NO_CLIENTE,6000,Alto,0.0,3,93,0,1,5091,320,0,41,Renta,Licenciatura
Rechazada,Rechazado,MALO,0,35763,PROPIEDAD ACTIVO FIJO,NO_CLIENTE,0,Alto,0.0,3,94,0,0,0,0,0,41,Propia,Posgrado
Rechazada,Rechazado,MALO,0,31480,PAGOS PROV SEMESTRALES PF,NO_CLIENTE,0,Alto,0.0,3,94,0,0,0,0,0,41,Familiares,Preparatoria
Rechazada,Rechazado,MALO,0,27605,PROPIEDAD ACTIVO FIJO,NO_CLIENTE,0,Alto,0.0,3,94,0,0,0,0,0,41,Hipoteca,Posgrado
Rechazada,Rechazado,MALO,0,37489,RECIBOS DE NOMINA,NO_CLIENTE,0,Alto,0.0,4,94,0,0,0,0,9394,41,Propia,Licenciatura
Rechazada,Rechazado,MALO,0,36443,PROPIEDAD ACTIVO FIJO,NO_CLIENTE,0,Alto,0.0,4,94,0,0,0,0,0,41,Familiares,Posgrado
Rechazada,Rechazado,MALO,0,32384,RECIBOS DE NOMINA,NO_CLIENTE,0,Alto,0.0,5,94,0,0,0,0,0,41,Familiares,Preparatoria
En_proceso,Rechazado,MALO,0,28263,RECIBOS DE NOMINA,NO_CLIENTE,0,Alto,0.0,5,94,0,0,0,0,0,41,Renta,Licenciatura
Rechazada,Rechazado,MALO,0,38202,RECIBOS DE NOMINA,CLIENTE_BANCO,0,Alto,0.0,5,94,0,0,0,0,0,41,Familiares,Preparatoria
Rechazada,Rechazado,MALO,0,35722,RECIBOS DE NOMINA,NO_CLIENTE,0,Alto,0.0,4,95,0,0,0,0,0,41,Familiares,Posgrado
Rechazada,Rechazado,MALO,0,33239,PROPIEDAD ACTIVO FIJO,NO_CLIENTE,0,Alto,0.0,3,95,0,1,927,250,0,41,Propia,Posgrado
Rechazada,Rechazado,MALO,0,26189,RECIBOS DE NOMINA,NO_CLIENTE,0,Alto,0.0,4,95,0,0,0,0,0,41,Renta,Posgrado
Rechazada,Rechazado,MALO,0,36552,PROPIEDAD ACTIVO FIJO,NO_CLIENTE,0,Alto,0.0,5,95,0,0,0,0,0,41,Hipoteca,Posgrado
Rechazada,Rechazado,MALO,0,32416,PROPIEDAD ACTIVO FIJO,NO_CLIENTE,0,Alto,0.0,5,95,0,0,0,0,0,41,Hipoteca,Preparatoria
Rechazada,Rechazado,MALO,0,28320,RECIBOS DE NOMINA,NO_CLIENTE,0,Alto,0.0,3,96,0,0,0,0,0,41,Hipoteca,Licenciatura
Rechazada,Rechazado,MALO,0,38316,RECIBOS DE NOMINA,NO_CLIENTE,0,Alto,0.0,2,96,0,0,0,0,0,41,Renta,Posgrado
Rechazada,Rechazado,MALO,0,35757,RECIBOS DE NOMINA,NO_CLIENTE,0,Alto,0.0,3,96,0,0,0,0,0,41,Propia,Posgrado
Rechazada,Rechazado,MALO,0,33306,RECIBOS DE NOMINA,NO_CLIENTE,0,Alto,0.0,1,96,0,0,0,0,0,41,Familiares,Licenciatura
Rechazada,Rechazado,MALO,0,26268,PROPIEDAD ACTIVO FIJO,NO_CLIENTE,0,Alto,0.0,3,96,0,0,0,0,0,41,Renta,Preparatoria
Rechazada,Rechazado,MALO,0,36589,RECIBOS DE NOMINA,NO_CLIENTE,0,Alto,0.0,3,97,0,0,0,0,0,41,Propia,Posgrado
Rechazada,Rechazado,MALO,0,32481,RECIBOS DE NOMINA,NO_CLIENTE,0,Alto,0.0,1,97,0,0,0,0,0,41,Familiares,Licenciatura
Rechazada,Rechazado,MALO,0,28405,RECIBOS DE NOMINA,NO_CLIENTE,0,Alto,0.0,3,97,0,0,0,0,0,41,Familiares,Posgrado
Rechazada,Rechazado,MALO,0,38355,RECIBOS DE NOMINA,NO_CLIENTE,28000,Alto,0.0,1,97,0,0,0,0,0,41,Propia,Licenciatura
Rechazada,Rechazado,MALO,0,35829,RECIBOS DE NOMINA,NO_CLIENTE,0,Alto,0.0,1,97,0,0,0,0,0,41,Hipoteca,Posgrado
Rechazada,Rechazado,MALO,0,33405,RECIBOS DE NOMINA,NO_CLIENTE,0,Alto,0.0,1,97,0,0,0,0,0,41,Renta,Preparatoria
Rechazada,Rechazado,MALO,0,26294,PROPIEDAD ACTIVO FIJO,NO_CLIENTE,0,Alto,0.0,4,97,0,0,0,0,0,41,Familiares,Preparatoria
Rechazada,Rechazado,MALO,0,36662,RECIBOS DE NOMINA,NO_CLIENTE,0,Alto,0.0,5,98,0,1,17562,680,0,41,Hipoteca,Posgrado
Rechazada,Rechazado,MALO,0,32578,RECIBOS DE NOMINA,NO_CLIENTE,0,Alto,0.0,5,98,0,0,0,0,0,41,Renta,Licenciatura
Rechazada,Rechazado,MALO,0,28433,RECIBOS DE NOMINA,NO_CLIENTE,0,Alto,0.0,2,98,0,0,0,0,0,41,Familiares,Secundaria
Rechazada,Rechazado,MALO,0,38431,RECIBOS DE NOMINA,NO_CLIENTE,0,Alto,0.0,4,98,0,0,0,0,0,41,Hipoteca,Preparatoria
Rechazada,Rechazado,MALO,0,35936,RECIBOS DE NOMINA,NO_CLIENTE,0,Alto,0.0,3,98,0,0,0,0,0,41,Hipoteca,Posgrado
Rechazada,Rechazado,MALO,0,33439,PROPIEDAD ACTIVO FIJO,NO_CLIENTE,240000,Alto,0.0,2,98,0,1,196309,7710,93991,41,Familiares,Licenciatura
En_proceso,Rechazado,MALO,0,26346,PROPIEDAD ACTIVO FIJO,NO_CLIENTE,0,Alto,0.0,4,98,0,0,0,0,0,41,Hipoteca,Preparatoria
Rechazada,Rechazado,MALO,0,37122,PROPIEDAD ACTIVO FIJO,NO_CLIENTE,0,Alto,0.0,3,99,0,0,0,0,0,41,Propia,Preparatoria
Rechazada,Rechazado,MALO,0,32457,RECIBOS DE NOMINA,NO_CLIENTE,0,Alto,0.0,2,99,0,0,0,0,0,41,Renta,Licenciatura
Rechazada,Rechazado,MALO,0,28489,RECIBOS DE NOMINA,NO_CLIENTE,0,Alto,0.0,2,99,0,0,0,0,0,41,Hipoteca,Licenciatura
Rechazada,Rechazado,MALO,0,39099,RECIBOS DE NOMINA,NO_CLIENTE,0,Alto,0.0,5,99,0,0,0,0,0,41,Propia,Licenciatura
Rechazada,Rechazado,MALO,0,35465,PROPIEDAD ACTIVO FIJO,NO_CLIENTE,0,Alto,0.0,2,100,0,0,0,0,22135,41,Hipoteca,Preparatoria
Rechazada,Rechazado,MALO,0,33505,PROPIEDAD ACTIVO FIJO,NO_CLIENTE,27500,Alto,0.0,2,100,0,0,0,0,0,41,Renta,Preparatoria
Rechazada,Rechazado,MALO,0,26804,RECIBOS DE NOMINA,NO_CLIENTE,0,Alto,0.0,0,100,0,0,0,0,0,41,Familiares,Posgrado
Rechazada,Rechazado,MALO,0,36289,RECIBOS DE NOMINA,NO_CLIENTE,12400,Alto,0.0,2,100,0,1,13528,10,0,41,Propia,Preparatoria
Rechazada,Rechazado,MALO,0,32675,PROPIEDAD ACTIVO FIJO,NO_CLIENTE,0,Alto,0.0,0,101,0,0,0,0,0,41,Hipoteca,Licenciatura
Rechazada,Rechazado,MALO,0,28985,PROPIEDAD ACTIVO FIJO,NO_CLIENTE,0,Alto,0.0,2,101,0,0,0,0,50718,41,Propia,Posgrado
Rechazada,Rechazado,MALO,0,38041,PROPIEDAD ACTIVO FIJO,NO_CLIENTE,107200,Alto,0.0,0,101,0,1,7054,640,0,41,Propia,Preparatoria
Rechazada,Rechazado,MALO,0,36043,RECIBOS DE NOMINA,NO_CLIENTE,0,Alto,0.0,2,101,0,0,0,0,0,41,Propia,Preparatoria
Pendiente,Pre-Aprobado,MALO,1,34088,RECIBOS DE NOMINA,NO_CLIENTE,0,Alto,0.0,0,120,0,0,0,0,0,41,Hipoteca,Posgrado
Pendiente,Pre-Aprobado,MALO,1,26079,PROPIEDAD ACTIVO FIJO,NO_CLIENTE,0,Alto,0.0,0,120,0,0,0,0,0,41,Familiares,Preparatoria
Pendiente,Pre-Aprobado,MALO,1,36881,RECIBOS DE NOMINA,NO_CLIENTE,0,Alto,0.0,0,133,0,0,0,0,0,41,Familiares,Secundaria
Pendiente,Pre-Aprobado,MALO,1,33244,INVERSIONES,NO_CLIENTE,0,Alto,0.0,1,141,0,0,0,0,0,41,Hipoteca,Posgrado
Pendiente,Pre-Aprobado,MALO,1,28469,RECIBOS DE NOMINA,NO_CLIENTE,0,Alto,0.0,0,143,0,0,0,0,0,41,Propia,Licenciatura
Pendiente,Pre-Aprobado,MALO,1,38479,PAGOS PROV SEMESTRALES PF,NO_CLIENTE,0,Alto,0.0,2,143,0,0,0,0,0,41,Hipoteca,Preparatoria
Pendiente,Pre-Aprobado,MALO,1,36497,RECIBOS DE NOMINA,NO_CLIENTE,0,Alto,0.0,2,156,0,0,0,0,0,41,Renta,Licenciatura
Aprobada,Aprobado,REGULAR,9800,33481,RECIBOS DE NOMINA,CLIENTE_BANCO,0,Alto,1.1,0,169,450,0,0,0,0,41,Familiares,Licenciatura
Aprobada,Aprobado,REGULAR,15100,26379,RECIBOS DE NOMINA,NO_CLIENTE,0,Mínimo,0.26,0,187,784,0,0,0,0,41,Hipoteca,Licenciatura
Aprobada,Aprobado,BUENO,9899,37345,RECIBOS DE NOMINA,CLIENTE_BANCO,116000,Bajo,1.03,0,197,723,1,104132,5710,0,41,Propia,Preparatoria
Aprobada,Aprobado,BUENO,34999,32652,RECIBOS DE NOMINA,CLIENTE_BANCO,17200,Bajo,1.04,0,198,740,0,2037,0,0,41,Propia,Preparatoria
Aprobada,Aprobado,BUENO,5000,28525,PROPIEDAD ACTIVO FIJO,CLIENTE_BANCO,36000,Bajo,1.0,0,199,710,0,0,0,50525,41,Hipoteca,Licenciatura
Aprobada,Aprobado,BUENO,7000,39148,RECIBOS DE NOMINA,NO_CLIENTE,0,Mínimo,0.47,0,201,773,0,0,0,0,41,Propia,Preparatoria
Aprobada,Aprobado,BUENO,21900,36189,RECIBOS DE NOMINA,CLIENTE_BANCO,35500,Bajo,1.07,0,203,740,1,1721,450,0,41,Propia,Posgrado
Aprobada,Aprobado,BUENO,9899,33707,PAGOS PROV SEMESTRALES PF,CLIENTE_BANCO,15000,Bajo,1.14,0,204,727,1,4340,250,0,41,Renta,Posgrado
Aprobada,Aprobado,BUENO,22000,26584,RECIBOS DE NOMINA,CLIENTE_BANCO,16300,Bajo,0.64,0,205,730,0,7906,0,0,41,Familiares,Preparatoria
Aprobada,Aprobado,BUENO,16600,37030,RECIBOS DE NOMINA,NO_CLIENTE,0,Mínimo,0.46,0,208,774,0,0,0,0,41,Propia,Posgrado
Aprobada,Aprobado,REGULAR,1999,32873,RECIBOS DE NOMINA,CLIENTE_BANCO,0,Mínimo,0.18,0,211,792,0,0,0,0,41,Propia,Posgrado
Aprobada,Aprobado,BUENO,11700,28747,RECIBOS DE NOMINA,CLIENTE_BANCO,49100,Bajo,1.13,0,214,727,1,4336,500,38118,41,Familiares,Preparatoria
Aprobada,Aprobado,BUENO,9899,38817,RECIBOS DE NOMINA,CLIENTE_BANCO,18600,Bajo,0.69,0,217,717,1,10176,810,0,41,Renta,Posgrado
Aprobada,Aprobado,BUENO,49999,36261,PROPIEDAD ACTIVO FIJO,CLIENTE_BANCO,9400,Bajo,0.75,0,218,703,1,2501,880,264290,41,Familiares,Posgrado
Aprobada,Aprobado,BUENO,39999,33808,RECIBOS DE NOMINA,CLIENTE_BANCO,0,Bajo,0.94,0,220,716,0,0,0,0,41,Familiares,Posgrado
Aprobada,Aprobado,BUENO,49999,26611,RECIBOS DE NOMINA,CLIENTE_BANCO,35000,Bajo,0.97,0,220,723,1,26452,440,0,41,Familiares,Licenciatura
Aprobada,Aprobado,REGULAR,27999,37104,PROPIEDAD ACTIVO FIJO,CLIENTE_BANCO,27500,Bajo,0.23,0,223,711,1,9031,350,0,41,Propia,Posgrado
Aprobada,Aprobado,BUENO,4999,32971,RECIBOS DE NOMINA,NO_CLIENTE,0,Bajo,1.09,0,224,711,0,0,0,0,41,Hipoteca,Licenciatura
Aprobada,Aprobado,BUENO,1999,28776,RECIBOS DE NOMINA,CLIENTE_BANCO,0,Bajo,0.78,0,224,732,0,0,0,0,41,Hipoteca,Licenciatura
Aprobada,Aprobado,REGULAR,43999,38895,PROPIEDAD ACTIVO FIJO,CLIENTE_BANCO,34500,Medio ,0.93,0,225,691,2,6590,880,0,41,Hipoteca,Posgrado
Aprobada,Aprobado,BUENO,49999,36370,PROPIEDAD ACTIVO FIJO,CLIENTE_BANCO,69000,Mínimo,0.57,0,226,753,0,0,0,0,41,Renta,Preparatoria
Aprobada,Aprobado,BUENO,9899,33842,PROPIEDAD ACTIVO FIJO,CLIENTE_BANCO,3000,Mínimo,0.44,0,227,751,0,0,0,0,41,Hipoteca,Posgrado
Aprobada,Aprobado,BUENO,1999,26918,PROPIEDAD ACTIVO FIJO,CLIENTE_BANCO,0,Mínimo,0.61,0,228,759,0,0,0,0,41,Hipoteca,Preparatoria
Aprobada,Aprobado,BUENO,1999,37040,RECIBOS DE NOMINA,CLIENTE_BANCO,0,Bajo,1.03,0,234,717,0,0,0,0,41,Propia,Licenciatura
Aprobada,Aprobado,BUENO,9899,32848,RECIBOS DE NOMINA,CLIENTE_BANCO,52000,Mínimo,0.41,0,234,754,0,5310,0,0,41,Renta,Licenciatura
Aprobada,Aprobado,REGULAR,49999,29108,PROPIEDAD ACTIVO FIJO,NO_CLIENTE,0,Mínimo,0.34,0,234,776,0,0,0,0,41,Propia,Preparatoria
Aprobada,Aprobado,BUENO,9899,38828,PROPIEDAD ACTIVO FIJO,CLIENTE_BANCO,15500,Bajo,0.52,0,237,727,0,5967,0,0,41,Familiares,Preparatoria
Aprobada,Aprobado,REGULAR,9899,36405,RECIBOS DE NOMINA,CLIENTE_BANCO,16500,Medio ,0.51,0,238,675,2,8790,660,0,41,Renta,Licenciatura
Aprobada,Aprobado,BUENO,49999,34396,PROPIEDAD ACTIVO FIJO,CLIENTE_BANCO,18000,Bajo,0.53,0,238,710,1,3618,250,0,41,Hipoteca,Preparatoria
Aprobada,Aprobado,REGULAR,11800,26618,RECIBOS DE NOMINA,CLIENTE_BANCO,33000,Medio ,0.36,0,241,685,1,7695,1500,0,41,Propia,Posgrado
Aprobada,Aprobado,BUENO,9899,37076,PROPIEDAD ACTIVO FIJO,CLIENTE_BANCO,16500,Bajo,0.63,0,241,706,0,6865,0,0,41,Propia,Licenciatura
Aprobada,Aprobado,BUENO,7000,33385,RECIBOS DE NOMINA,NO_CLIENTE,0,Mínimo,0.63,0,242,757,0,0,0,0,41,Propia,Licenciatura
Aprobada,Aprobado,REGULAR,49999,28784,PROPIEDAD ACTIVO FIJO,CLIENTE_BANCO,37000,Medio ,0.17,0,245,698,0,301,0,0,41,Familiares,Licenciatura
Aprobada,Aprobado,BUENO,1999,38865,RECIBOS DE NOMINA,CLIENTE_BANCO,0,Bajo,0.6,0,247,740,0,0,0,0,41,Hipoteca,Licenciatura
Aprobada,Aprobado,BUENO,24899,36826,PROPIEDAD ACTIVO FIJO,CLIENTE_BANCO,75000,Bajo,0.82,0,248,731,1,2112,864,0,41,Renta,Posgrado
Aprobada,Aprobado,REGULAR,9899,33851,PROPIEDAD ACTIVO FIJO,CLIENTE_BANCO,37000,Medio ,0.91,0,252,694,0,27309,0,0,41,Hipoteca,Preparatoria
Aprobada,Aprobado,BUENO,26000,26644,RECIBOS DE NOMINA,NO_CLIENTE,0,Bajo,1.14,0,252,706,0,0,0,0,41,Familiares,Licenciatura
Aprobada,Aprobado,BUENO,42000,37683,RECIBOS DE NOMINA,CLIENTE_BANCO,48000,Bajo,1.14,0,252,740,1,15267,600,0,41,Familiares,Preparatoria
Aprobada,Aprobado,BUENO,9899,33013,PROPIEDAD ACTIVO FIJO,CLIENTE_BANCO,0,Mínimo,0.61,0,252,759,0,0,0,0,41,Propia,Preparatoria
Aprobada,Aprobado,BUENO,24700,28812,RECIBOS DE NOMINA,CLIENTE_BANCO,0,Mínimo,0.45,0,256,775,0,0,0,0,41,Propia,Posgrado
Aprobada,Aprobado,BUENO,49999,39501,PROPIEDAD ACTIVO FIJO,CLIENTE_BANCO,84000,Bajo,0.72,0,258,706,1,3565,1050,0,41,Familiares,Licenciatura
Aprobada,Aprobado,REGULAR,39999,36416,RECIBOS DE NOMINA,CLIENTE_BANCO,20300,Bajo,0.36,0,262,711,0,1192,0,0,41,Renta,Secundaria
Aprobada,Aprobado,BUENO,19100,33884,RECIBOS DE NOMINA,CLIENTE_BANCO,50000,Bajo,0.45,0,263,737,1,3227,300,18357,41,Hipoteca,Posgrado
Aprobada,Aprobado,BUENO,47001,27080,PROPIEDAD ACTIVO FIJO,CLIENTE_BANCO,15400,Mínimo,0.99,0,269,757,1,6533,250,0,41,Renta,Licenciatura
Rechazada,Rechazado,MALO,0,37439,PROPIEDAD ACTIVO FIJO,NO_CLIENTE,0,Alto,0.0,5,89,0,0,0,0,0,42,Renta,Preparatoria
Rechazada,Rechazado,MALO,0,33203,RECIBOS DE NOMINA,NO_CLIENTE,0,Alto,0.0,4,90,0,0,0,0,0,42,Propia,Preparatoria
Rechazada,Rechazado,MALO,0,29007,PROPIEDAD ACTIVO FIJO,NO_CLIENTE,0,Alto,0.0,3,90,0,0,0,0,0,42,Hipoteca,Licenciatura
Rechazada,Rechazado,MALO,0,39246,PROPIEDAD ACTIVO FIJO,NO_CLIENTE,31000,Alto,0.0,1,90,0,0,30342,0,17500,42,Renta,Posgrado
Rechazada,Rechazado,MALO,0,36625,PROPIEDAD ACTIVO FIJO,NO_CLIENTE,0,Alto,0.0,4,91,0,0,0,0,0,42,Familiares,Posgrado
Rechazada,Rechazado,MALO,0,34114,PROPIEDAD ACTIVO FIJO,NO_CLIENTE,0,Alto,0.0,4,91,0,0,4895,0,0,42,Familiares,Preparatoria
Rechazada,Rechazado,MALO,0,26905,RECIBOS DE NOMINA,NO_CLIENTE,0,Alto,0.0,2,91,0,0,0,0,0,42,Hipoteca,Preparatoria
Rechazada,Rechazado,MALO,0,37476,RECIBOS DE NOMINA,NO_CLIENTE,0,Alto,0.0,1,91,0,0,0,0,0,42,Renta,Posgrado
Rechazada,Rechazado,MALO,0,33269,RECIBOS DE NOMINA,NO_CLIENTE,0,Alto,0.0,1,91,0,0,0,0,53143,42,Propia,Licenciatura
Rechazada,Rechazado,MALO,0,29094,PROPIEDAD ACTIVO FIJO,NO_CLIENTE,0,Alto,0.0,3,91,0,0,0,0,0,42,Hipoteca,Posgrado
Rechazada,Rechazado,MALO,0,39285,PAGOS PROV SEMESTRALES PF,NO_CLIENTE,0,Alto,0.0,2,91,0,0,0,0,8291,42,Propia,Preparatoria
Rechazada,Rechazado,MALO,0,36698,RECIBOS DE NOMINA,NO_CLIENTE,0,Alto,0.0,1,91,0,0,0,0,0,42,Propia,Posgrado
Rechazada,Rechazado,MALO,0,34216,PROPIEDAD ACTIVO FIJO,NO_CLIENTE,0,Alto,0.0,5,92,0,1,4014,280,0,42,Renta,Licenciatura
Rechazada,Rechazado,MALO,0,26932,PROPIEDAD ACTIVO FIJO,NO_CLIENTE,0,Alto,0.0,4,92,0,1,8359,250,36794,42,Hipoteca,Licenciatura
Rechazada,Rechazado,MALO,0,37551,PROPIEDAD ACTIVO FIJO,NO_CLIENTE,12300,Alto,0.0,5,92,0,1,11486,750,0,42,Hipoteca,Posgrado
Rechazada,Rechazado,MALO,0,33369,RECIBOS DE NOMINA,NO_CLIENTE,0,Alto,0.0,4,92,0,0,0,0,0,42,Renta,Preparatoria
Rechazada,Rechazado,MALO,0,29123,RECIBOS DE NOMINA,NO_CLIENTE,0,Alto,0.0,5,92,0,0,0,0,0,42,Hipoteca,Licenciatura
Rechazada,Rechazado,MALO,0,39364,RECIBOS DE NOMINA,NO_CLIENTE,0,Alto,0.0,2,93,0,0,0,0,0,42,Hipoteca,Licenciatura
Rechazada,Rechazado,MALO,0,38629,RECIBOS DE NOMINA,NO_CLIENTE,0,Alto,0.0,5,93,0,0,0,0,0,42,Familiares,Posgrado
Rechazada,Rechazado,MALO,0,34165,PROPIEDAD ACTIVO FIJO,NO_CLIENTE,31000,Alto,0.0,4,93,0,0,15082,0,0,42,Propia,Preparatoria
Rechazada,Rechazado,MALO,0,29676,PROPIEDAD ACTIVO FIJO,NO_CLIENTE,0,Alto,0.0,3,94,0,0,0,0,0,42,Familiares,Posgrado
Rechazada,Rechazado,MALO,0,40494,RECIBOS DE NOMINA,NO_CLIENTE,0,Alto,0.0,2,94,0,0,0,0,0,42,Familiares,Licenciatura
Rechazada,Rechazado,MALO,0,37686,RECIBOS DE NOMINA,NO_CLIENTE,0,Alto,0.0,3,94,0,0,0,0,0,42,Renta,Preparatoria
Rechazada,Rechazado,MALO,0,34901,RECIBOS DE NOMINA,NO_CLIENTE,0,Alto,0.0,4,95,0,0,0,0,12666,42,Hipoteca,Preparatoria
Rechazada,Rechazado,MALO,0,27760,PROPIEDAD ACTIVO FIJO,NO_CLIENTE,0,Alto,0.0,3,95,0,1,46524,2640,0,42,Familiares,Preparatoria
Rechazada,Rechazado,MALO,0,38563,RECIBOS DE NOMINA,NO_CLIENTE,0,Alto,0.0,3,95,0,0,0,0,0,42,Propia,Posgrado
Rechazada,Rechazado,MALO,0,34037,PROPIEDAD ACTIVO FIJO,NO_CLIENTE,0,Alto,0.0,1,95,0,0,0,0,12923,42,Hipoteca,Preparatoria
Rechazada,Rechazado,MALO,0,30019,RECIBOS DE NOMINA,NO_CLIENTE,0,Alto,0.0,2,95,0,0,0,0,0,42,Propia,Posgrado
Rechazada,Rechazado,MALO,0,40424,RECIBOS DE NOMINA,NO_CLIENTE,0,Alto,0.0,3,95,0,0,0,0,0,42,Familiares,Preparatoria
Rechazada,Rechazado,MALO,0,37545,RECIBOS DE NOMINA,NO_CLIENTE,0,Alto,0.0,2,95,0,0,0,0,0,42,Propia,Licenciatura
Rechazada,Rechazado,MALO,0,35304,PROPIEDAD ACTIVO FIJO,NO_CLIENTE,0,Alto,0.0,2,95,0,0,0,0,0,42,Renta,Posgrado
Rechazada,Rechazado,MALO,0,27712,RECIBOS DE NOMINA,NO_CLIENTE,0,Alto,0.0,3,95,0,0,0,0,0,42,Hipoteca,Preparatoria
Rechazada,Rechazado,MALO,0,38418,PROPIEDAD ACTIVO FIJO,NO_CLIENTE,0,Alto,0.0,2,96,0,0,0,0,0,42,Propia,Preparatoria
Rechazada,Rechazado,MALO,0,34430,RECIBOS DE NOMINA,NO_CLIENTE,0,Alto,0.0,2,96,0,0,0,0,15985,42,Renta,Licenciatura
Rechazada,Rechazado,MALO,0,29967,RECIBOS DE NOMINA,NO_CLIENTE,0,Alto,0.0,2,96,0,0,0,0,0,42,Propia,Preparatoria
Rechazada,Rechazado,MALO,0,40272,RECIBOS DE NOMINA,NO_CLIENTE,0,Alto,0.0,2,96,0,0,0,0,0,42,Propia,Preparatoria
Rechazada,Rechazado,MALO,0,37979,PROPIEDAD ACTIVO FIJO,NO_CLIENTE,0,Alto,0.0,2,96,0,0,0,0,0,42,Propia,Preparatoria
Rechazada,Rechazado,MALO,0,35243,RECIBOS DE NOMINA,NO_CLIENTE,0,Alto,0.0,5,96,0,0,0,0,0,42,Familiares,Licenciatura
Rechazada,Rechazado,MALO,0,27608,RECIBOS DE NOMINA,NO_CLIENTE,0,Alto,0.0,2,97,0,0,0,0,0,42,Propia,Posgrado
Rechazada,Rechazado,MALO,0,38862,RECIBOS DE NOMINA,NO_CLIENTE,0,Alto,0.0,3,97,0,0,0,0,0,42,Renta,Posgrado
Rechazada,Rechazado,MALO,0,34370,RECIBOS DE NOMINA,NO_CLIENTE,0,Alto,0.0,2,97,0,0,0,0,0,42,Hipoteca,Posgrado
Rechazada,Rechazado,MALO,0,29855,RECIBOS DE NOMINA,NO_CLIENTE,0,Alto,0.0,5,97,0,0,0,0,0,42,Propia,Preparatoria
Rechazada,Rechazado,MALO,0,40737,RECIBOS DE NOMINA,NO_CLIENTE,0,Alto,0.0,2,98,0,0,0,0,0,42,Renta,Posgrado
Rechazada,Rechazado,MALO,0,37913,RECIBOS DE NOMINA,NO_CLIENTE,0,Alto,0.0,3,98,0,0,0,0,0,42,Propia,Preparatoria
Rechazada,Rechazado,MALO,0,35111,PAGOS PROV SEMESTRALES PF,NO_CLIENTE,0,Alto,0.0,2,98,0,0,0,0,0,42,Hipoteca,Licenciatura
Rechazada,Rechazado,MALO,0,27927,PROPIEDAD ACTIVO FIJO,NO_CLIENTE,9899,Alto,0.0,1,98,0,1,9721,580,0,42,Familiares,Posgrado
Rechazada,Rechazado,MALO,0,39164,RECIBOS DE NOMINA,NO_CLIENTE,0,Alto,0.0,4,99,0,0,0,0,0,42,Familiares,Preparatoria
Rechazada,Rechazado,MALO,0,34080,RECIBOS DE NOMINA,NO_CLIENTE,0,Alto,0.0,5,99,0,0,0,0,0,42,Renta,Preparatoria
Rechazada,Rechazado,MALO,0,30199,RECIBOS DE NOMINA,NO_CLIENTE,0,Alto,0.0,2,99,0,0,0,0,0,42,Renta,Posgrado
Rechazada,Rechazado,MALO,0,41250,RECIBOS DE NOMINA,NO_CLIENTE,0,Alto,0.0,4,99,0,0,0,0,0,42,Propia,Posgrado
Rechazada,Rechazado,MALO,0,37238,RECIBOS DE NOMINA,NO_CLIENTE,0,Alto,0.0,2,99,0,0,0,0,0,42,Propia,Posgrado
Rechazada,Rechazado,MALO,0,35515,PROPIEDAD ACTIVO FIJO,NO_CLIENTE,0,Alto,0.0,4,99,0,0,0,0,0,42,Familiares,Posgrado
Rechazada,Rechazado,MALO,0,28278,RECIBOS DE NOMINA,NO_CLIENTE,0,Alto,0.0,4,100,0,0,0,0,0,42,Familiares,Posgrado
Rechazada,Rechazado,MALO,0,38104,PROPIEDAD ACTIVO FIJO,NO_CLIENTE,0,Alto,0.0,0,100,0,0,0,0,0,42,Renta,Posgrado
Rechazada,Rechazado,MALO,0,34636,PROPIEDAD ACTIVO FIJO,NO_CLIENTE,0,Alto,0.0,0,100,0,0,0,0,0,42,Hipoteca,Posgrado
Rechazada,Rechazado,MALO,0,30579,PROPIEDAD ACTIVO FIJO,NO_CLIENTE,0,Alto,0.0,0,100,0,0,0,0,0,42,Hipoteca,Licenciatura
Rechazada,Rechazado,MALO,0,39943,PROPIEDAD ACTIVO FIJO,NO_CLIENTE,0,Alto,0.0,0,100,0,0,0,0,0,42,Hipoteca,Preparatoria
Rechazada,Rechazado,MALO,0,38206,RECIBOS DE NOMINA,NO_CLIENTE,0,Alto,0.0,3,101,0,0,0,0,0,42,Hipoteca,Licenciatura
Rechazada,Rechazado,MALO,0,35963,RECIBOS DE NOMINA,NO_CLIENTE,0,Alto,0.0,1,101,0,0,0,0,0,42,Propia,Licenciatura
Rechazada,Rechazado,MALO,0,27383,RECIBOS DE NOMINA,NO_CLIENTE,0,Alto,0.0,0,101,0,0,0,0,0,42,Familiares,Posgrado
Rechazada,Rechazado,MALO,0,39094,RECIBOS DE NOMINA,NO_CLIENTE,5004,Alto,0.0,1,101,0,1,5328,530,40572,42,Familiares,Posgrado
Pendiente,Pre-Aprobado,MALO,1,35072,RECIBOS DE NOMINA,NO_CLIENTE,0,Alto,0.0,0,121,0,0,0,0,0,42,Renta,Licenciatura
Pendiente,Pre-Aprobado,MALO,1,29893,RECIBOS DE NOMINA,NO_CLIENTE,0,Alto,0.0,4,123,0,0,0,0,0,42,Familiares,Posgrado
Pendiente,Pre-Aprobado,MALO,1,40788,PROPIEDAD ACTIVO FIJO,NO_CLIENTE,0,Alto,0.0,2,124,0,0,0,0,0,42,Propia,Preparatoria
Pendiente,Pre-Aprobado,MALO,1,38504,RECIBOS DE NOMINA,NO_CLIENTE,0,Alto,0.0,0,135,0,0,0,0,0,42,Hipoteca,Licenciatura
Pendiente,Pre-Aprobado,MALO,1,35155,RECIBOS DE NOMINA,NO_CLIENTE,0,Alto,0.0,0,135,0,0,0,0,0,42,Familiares,Preparatoria
Pendiente,Pre-Aprobado,MALO,1,27962,PROPIEDAD ACTIVO FIJO,NO_CLIENTE,0,Alto,0.0,2,145,0,0,0,0,0,42,Familiares,Posgrado
Pendiente,Pre-Aprobado,MALO,1,39399,RECIBOS DE NOMINA,NO_CLIENTE,0,Alto,0.0,4,154,0,0,0,0,0,42,Hipoteca,Licenciatura
Pendiente,Pre-Aprobado,MALO,1,34285,RECIBOS DE NOMINA,NO_CLIENTE,0,Alto,0.0,2,156,0,0,0,0,0,42,Renta,Posgrado
Aprobada,Aprobado,BUENO,6900,30237,RECIBOS DE NOMINA,NO_CLIENTE,0,Bajo,0.83,0,171,737,0,0,0,0,42,Propia,Preparatoria
Aprobada,Aprobado,BUENO,5500,41301,INVERSIONES,NO_CLIENTE,0,Bajo,0.7,0,171,750,0,0,0,0,42,Familiares,Licenciatura
Aprobada,Aprobado,BUENO,59000,37998,PROPIEDAD ACTIVO FIJO,CLIENTE_BANCO,65000,Bajo,1.11,0,197,711,1,32047,1470,0,42,Familiares,Secundaria
Aprobada,Aprobado,BUENO,50000,35730,RECIBOS DE NOMINA,CLIENTE_BANCO,10000,Bajo,0.88,0,203,723,1,2056,940,0,42,Hipoteca,Posgrado
Aprobada,Aprobado,BUENO,9899,28046,RECIBOS DE NOMINA,CLIENTE_BANCO,10004,Bajo,0.66,0,205,723,1,6668,430,0,42,Familiares,Posgrado
Aprobada,Aprobado,BUENO,27000,38881,RECIBOS DE NOMINA,CLIENTE_BANCO,0,Bajo,0.6,0,205,740,0,0,0,0,42,Familiares,Preparatoria
Aprobada,Aprobado,REGULAR,15400,34845,RECIBOS DE NOMINA,CLIENTE_BANCO,3000,Medio ,0.96,0,207,695,1,3047,320,0,42,Familiares,Preparatoria
Aprobada,Aprobado,REGULAR,35000,30328,RECIBOS DE NOMINA,CLIENTE_BANCO,0,Mínimo,0.35,0,207,775,8,1286,1286,0,42,Familiares,Posgrado
Aprobada,Aprobado,BUENO,34999,40758,PROPIEDAD ACTIVO FIJO,CLIENTE_BANCO,8500,Bajo,0.41,0,209,740,1,2051,250,0,42,Hipoteca,Preparatoria
Aprobada,Aprobado,BUENO,20699,38437,RECIBOS DE NOMINA,NO_CLIENTE,0,Mínimo,0.45,0,213,765,0,0,0,0,42,Familiares,Licenciatura
Aprobada,Aprobado,BUENO,36000,35668,RECIBOS DE NOMINA,CLIENTE_BANCO,13200,Mínimo,0.54,0,214,766,0,0,0,0,42,Propia,Secundaria
Aprobada,Aprobado,REGULAR,3000,27941,RECIBOS DE NOMINA,NO_CLIENTE,0,Mínimo,0.2,0,214,800,0,0,0,0,42,Propia,Licenciatura
Aprobada,Aprobado,BUENO,54000,39330,RECIBOS DE NOMINA,NO_CLIENTE,100000,Bajo,0.66,0,215,734,0,1488,0,0,42,Renta,Preparatoria
Aprobada,Aprobado,BUENO,9899,34785,PROPIEDAD ACTIVO FIJO,CLIENTE_BANCO,35000,Bajo,1.06,0,216,721,1,1298,1199,0,42,Familiares,Posgrado
Aprobada,Aprobado,BUENO,1999,30215,RECIBOS DE NOMINA,NO_CLIENTE,0,Bajo,0.75,0,216,735,0,0,0,0,42,Hipoteca,Licenciatura
Aprobada,Aprobado,BUENO,34999,41229,PROPIEDAD ACTIVO FIJO,CLIENTE_BANCO,16800,Bajo,0.89,0,216,740,1,1894,250,0,42,Renta,Preparatoria
Aprobada,Aprobado,REGULAR,45000,38370,RECIBOS DE NOMINA,NO_CLIENTE,0,Mínimo,0.28,0,216,782,0,0,0,0,42,Hipoteca,Posgrado
Aprobada,Aprobado,REGULAR,9899,35534,RECIBOS DE NOMINA,CLIENTE_BANCO,17600,Bajo,0.33,0,217,740,1,14130,250,47676,42,Hipoteca,Posgrado
Aprobada,Aprobado,BUENO,49999,28533,PROPIEDAD ACTIVO FIJO,CLIENTE_BANCO,34000,Bajo,1.05,0,219,723,0,1320,0,47600,42,Propia,Preparatoria
Aprobada,Aprobado,BUENO,9899,39077,PROPIEDAD ACTIVO FIJO,CLIENTE_BANCO,42000,Bajo,1.03,0,221,705,1,6847,530,0,42,Hipoteca,Posgrado
Aprobada,Aprobado,REGULAR,10000,34490,RECIBOS DE NOMINA,CLIENTE_BANCO,0,Medio ,1.16,0,223,684,0,0,0,0,42,Renta,Posgrado
Aprobada,Aprobado,BUENO,49999,30855,RECIBOS DE NOMINA,CLIENTE_BANCO,33500,Bajo,0.93,0,227,740,1,17129,420,0,42,Familiares,Posgrado
Aprobada,Aprobado,BUENO,2999,40963,PROPIEDAD ACTIVO FIJO,NO_CLIENTE,0,Bajo,0.94,0,228,716,0,0,0,0,42,Hipoteca,Preparatoria
Aprobada,Aprobado,REGULAR,9899,38225,PAGOS PROV SEMESTRALES PF,CLIENTE_BANCO,5000,Mínimo,0.25,0,228,757,1,3965,250,0,42,Familiares,Licenciatura
Aprobada,Aprobado,BUENO,23400,36459,RECIBOS DE NOMINA,CLIENTE_BANCO,17600,Bajo,0.49,0,231,727,0,2386,0,0,42,Propia,Preparatoria
Aprobada,Aprobado,BUENO,9899,28082,PROPIEDAD ACTIVO FIJO,CLIENTE_BANCO,0,Bajo,0.8,0,231,730,0,0,0,0,42,Propia,Preparatoria
Aprobada,Aprobado,REGULAR,49999,38930,RECIBOS DE NOMINA,CLIENTE_BANCO,132000,Mínimo,0.29,0,231,781,0,6898,0,0,42,Hipoteca,Licenciatura
Aprobada,Aprobado,BUENO,49999,35388,RECIBOS DE NOMINA,CLIENTE_BANCO,40000,Bajo,0.97,0,233,703,0,0,0,0,42,Familiares,Preparatoria
Aprobada,Aprobado,REGULAR,9899,30367,PROPIEDAD ACTIVO FIJO,CLIENTE_BANCO,50000,Bajo,0.18,0,234,740,1,708,630,0,42,Propia,Preparatoria
Aprobada,Aprobado,BUENO,4999,40809,RECIBOS DE NOMINA,CLIENTE_BANCO,0,Bajo,1.0,0,235,710,0,0,0,0,42,Familiares,Posgrado
Aprobada,Aprobado,BUENO,34999,39036,PROPIEDAD ACTIVO FIJO,CLIENTE_BANCO,26999,Mínimo,0.62,0,235,757,0,1676,0,0,42,Hipoteca,Posgrado
Aprobada,Aprobado,BUENO,1999,35713,RECIBOS DE NOMINA,CLIENTE_BANCO,0,Bajo,0.98,0,236,702,0,0,0,19174,42,Familiares,Posgrado
Aprobada,Aprobado,BUENO,26000,27976,RECIBOS DE NOMINA,CLIENTE_BANCO,0,Bajo,0.72,0,236,748,0,0,0,0,42,Renta,Licenciatura
Aprobada,Aprobado,BUENO,229000,39944,PROPIEDAD ACTIVO FIJO,NO_CLIENTE,0,Bajo,0.74,0,238,736,0,0,0,0,42,Propia,Preparatoria
Aprobada,Aprobado,REGULAR,10000,34829,RECIBOS DE NOMINA,CLIENTE_BANCO,5504,Alto,1.18,0,240,578,3,0,0,0,42,Propia,Licenciatura
Aprobada,Aprobado,REGULAR,50000,30252,PROPIEDAD ACTIVO FIJO,NO_CLIENTE,0,Medio ,1.12,0,242,650,0,0,0,0,42,Familiares,Licenciatura
Aprobada,Aprobado,REGULAR,144000,41871,RECIBOS DE NOMINA,CLIENTE_BANCO,165000,Bajo,0.23,0,242,750,1,23300,2070,0,42,Familiares,Posgrado
Aprobada,Aprobado,BUENO,169001,38419,RECIBOS DE NOMINA,CLIENTE_BANCO,50000,Bajo,0.97,0,243,733,1,1168,630,0,42,Hipoteca,Licenciatura
Aprobada,Aprobado,REGULAR,10600,35578,RECIBOS DE NOMINA,NO_CLIENTE,0,Medio ,1.06,0,250,694,0,0,0,0,42,Hipoteca,Posgrado
Aprobada,Aprobado,BUENO,102000,28705,RECIBOS DE NOMINA,CLIENTE_BANCO,146000,Bajo,1.12,0,252,740,1,5706,1200,0,42,Familiares,Licenciatura
Aprobada,Aprobado,REGULAR,1999,39498,RECIBOS DE NOMINA,CLIENTE_BANCO,0,Medio ,1.1,0,259,690,0,0,0,64070,42,Hipoteca,Preparatoria
Aprobada,Aprobado,BUENO,39999,34863,PROPIEDAD ACTIVO FIJO,CLIENTE_BANCO,10300,Bajo,0.77,0,263,727,1,4994,260,47275,42,Renta,Preparatoria
Rechazada,Rechazado,MALO,0,30747,PROPIEDAD ACTIVO FIJO,NO_CLIENTE,0,Alto,0.0,4,89,0,0,0,0,0,43,Familiares,Preparatoria
Rechazada,Rechazado,MALO,0,41405,PROPIEDAD ACTIVO FIJO,NO_CLIENTE,0,Alto,0.0,4,89,0,0,43161,0,30985,43,Renta,Preparatoria
Rechazada,Rechazado,MALO,0,38456,RECIBOS DE NOMINA,NO_CLIENTE,0,Alto,0.0,5,89,0,0,0,0,0,43,Renta,Licenciatura
Rechazada,Rechazado,MALO,0,36160,RECIBOS DE NOMINA,NO_CLIENTE,0,Alto,0.0,5,89,0,0,0,0,0,43,Propia,Licenciatura
Rechazada,Rechazado,MALO,0,28385,RECIBOS DE NOMINA,NO_CLIENTE,0,Alto,0.0,5,89,0,0,0,0,0,43,Hipoteca,Posgrado
Rechazada,Rechazado,MALO,0,39350,PROPIEDAD ACTIVO FIJO,NO_CLIENTE,0,Alto,0.0,5,90,0,0,0,0,0,43,Renta,Posgrado
Rechazada,Rechazado,MALO,0,35265,RECIBOS DE NOMINA,NO_CLIENTE,0,Alto,0.0,3,90,0,0,0,0,0,43,Propia,Preparatoria
Rechazada,Rechazado,MALO,0,30694,RECIBOS DE NOMINA,NO_CLIENTE,0,Alto,0.0,5,91,0,0,0,0,0,43,Propia,Preparatoria
Rechazada,Rechazado,MALO,0,41250,RECIBOS DE NOMINA,NO_CLIENTE,0,Alto,0.0,3,91,0,0,0,0,0,43,Renta,Licenciatura
Rechazada,Rechazado,MALO,0,38900,PROPIEDAD ACTIVO FIJO,NO_CLIENTE,0,Alto,0.0,4,91,0,0,0,0,0,43,Propia,Preparatoria
Rechazada,Rechazado,MALO,0,36098,RECIBOS DE NOMINA,NO_CLIENTE,0,Alto,0.0,4,91,0,0,0,0,0,43,Renta,Preparatoria
Rechazada,Rechazado,MALO,0,28278,RECIBOS DE NOMINA,NO_CLIENTE,0,Alto,0.0,3,92,0,0,0,0,0,43,Renta,Licenciatura
Rechazada,Rechazado,MALO,0,39805,RECIBOS DE NOMINA,NO_CLIENTE,0,Alto,0.0,1,92,0,0,0,0,0,43,Hipoteca,Licenciatura
Rechazada,Rechazado,MALO,0,35204,RECIBOS DE NOMINA,NO_CLIENTE,0,Alto,0.0,3,92,0,0,0,0,0,43,Renta,Posgrado
Rechazada,Rechazado,MALO,0,30579,RECIBOS DE NOMINA,NO_CLIENTE,0,Alto,0.0,3,92,0,0,0,0,0,43,Renta,Posgrado
Rechazada,Rechazado,MALO,0,41726,PROPIEDAD ACTIVO FIJO,NO_CLIENTE,0,Alto,0.0,2,92,0,1,8399,430,0,43,Hipoteca,Preparatoria
Rechazada,Rechazado,MALO,0,40754,RECIBOS DE NOMINA,NO_CLIENTE,0,Alto,0.0,2,92,0,0,0,0,5453,43,Familiares,Preparatoria
Rechazada,Rechazado,MALO,0,35873,RECIBOS DE NOMINA,NO_CLIENTE,0,Alto,0.0,5,92,0,0,0,0,0,43,Familiares,Preparatoria
Rechazada,Rechazado,MALO,0,31457,PROPIEDAD ACTIVO FIJO,NO_CLIENTE,0,Alto,0.0,5,92,0,0,0,0,0,43,Propia,Posgrado
En_proceso,Rechazado,MALO,0,42721,INVERSIONES,NO_CLIENTE,0,Alto,0.0,2,92,0,0,0,0,0,43,Hipoteca,Posgrado
Rechazada,Rechazado,MALO,0,39571,RECIBOS DE NOMINA,NO_CLIENTE,0,Alto,0.0,4,93,0,0,0,0,0,43,Familiares,Posgrado
Rechazada,Rechazado,MALO,0,36995,INVERSIONES,NO_CLIENTE,0,Alto,0.0,1,93,0,0,0,0,45014,43,Familiares,Posgrado
Rechazada,Rechazado,MALO,0,29287,RECIBOS DE NOMINA,NO_CLIENTE,0,Alto,0.0,1,93,0,0,0,0,11808,43,Propia,Posgrado
Rechazada,Rechazado,MALO,0,40491,RECIBOS DE NOMINA,NO_CLIENTE,0,Alto,0.0,5,93,0,0,0,0,0,43,Renta,Posgrado
Rechazada,Rechazado,MALO,0,36079,CTA NOMINA DIGITAL,NO_CLIENTE,0,Alto,0.0,5,94,0,0,0,0,0,43,Renta,Licenciatura
Rechazada,Rechazado,MALO,0,31670,PROPIEDAD ACTIVO FIJO,NO_CLIENTE,0,Alto,0.0,2,94,0,0,0,0,0,43,Hipoteca,Posgrado
Rechazada,Rechazado,MALO,0,42445,PROPIEDAD ACTIVO FIJO,NO_CLIENTE,0,Alto,0.0,2,94,0,0,0,0,0,43,Renta,Preparatoria
Rechazada,Rechazado,MALO,0,39798,PROPIEDAD ACTIVO FIJO,NO_CLIENTE,0,Alto,0.0,3,94,0,0,0,0,0,43,Hipoteca,Posgrado
Rechazada,Rechazado,MALO,0,37246,RECIBOS DE NOMINA,NO_CLIENTE,0,Alto,0.0,4,95,0,0,0,0,0,43,Hipoteca,Licenciatura
Rechazada,Rechazado,MALO,0,29098,PROPIEDAD ACTIVO FIJO,NO_CLIENTE,0,Alto,0.0,2,95,0,0,0,0,0,43,Renta,Licenciatura
Rechazada,Rechazado,MALO,0,40723,PROPIEDAD ACTIVO FIJO,NO_CLIENTE,0,Alto,0.0,3,96,0,0,13300,0,45104,43,Propia,Licenciatura
Rechazada,Rechazado,MALO,0,36323,PROPIEDAD ACTIVO FIJO,NO_CLIENTE,0,Alto,0.0,4,96,0,0,0,0,0,43,Renta,Preparatoria
Rechazada,Rechazado,MALO,0,31465,RECIBOS DE NOMINA,NO_CLIENTE,0,Alto,0.0,5,96,0,0,0,0,0,43,Propia,Preparatoria
Rechazada,Rechazado,MALO,0,42689,INVERSIONES,NO_CLIENTE,0,Alto,0.0,5,96,0,0,0,0,0,43,Hipoteca,Preparatoria
Rechazada,Rechazado,MALO,0,40067,RECIBOS DE NOMINA,NO_CLIENTE,0,Alto,0.0,5,97,0,1,3991,250,0,43,Hipoteca,Licenciatura
Rechazada,Rechazado,MALO,0,37005,RECIBOS DE NOMINA,NO_CLIENTE,0,Alto,0.0,3,97,0,0,0,0,0,43,Propia,Posgrado
Rechazada,Rechazado,MALO,0,29265,PROPIEDAD ACTIVO FIJO,NO_CLIENTE,20000,Alto,0.0,2,97,0,1,6425,440,44886,43,Renta,Licenciatura
Rechazada,Rechazado,MALO,0,40999,RECIBOS DE NOMINA,NO_CLIENTE,0,Alto,0.0,4,97,0,0,0,0,0,43,Familiares,Preparatoria
Rechazada,Rechazado,MALO,0,36089,RECIBOS DE NOMINA,NO_CLIENTE,0,Alto,0.0,1,97,0,0,0,0,0,43,Renta,Preparatoria
Rechazada,Rechazado,MALO,0,31646,PROPIEDAD ACTIVO FIJO,NO_CLIENTE,0,Alto,0.0,2,97,0,0,0,0,0,43,Propia,Preparatoria
Rechazada,Rechazado,MALO,0,42978,RECIBOS DE NOMINA,NO_CLIENTE,0,Alto,0.0,5,97,0,0,0,0,0,43,Renta,Licenciatura
Rechazada,Rechazado,MALO,0,39808,RECIBOS DE NOMINA,NO_CLIENTE,0,Alto,0.0,2,98,0,0,0,0,0,43,Propia,Licenciatura
Rechazada,Rechazado,MALO,0,37217,RECIBOS DE NOMINA,NO_CLIENTE,0,Alto,0.0,3,98,0,0,0,0,0,43,Renta,Preparatoria
Rechazada,Rechazado,MALO,0,29463,RECIBOS DE NOMINA,NO_CLIENTE,0,Alto,0.0,4,98,0,0,0,0,0,43,Hipoteca,Posgrado
Rechazada,Rechazado,MALO,0,41122,PROPIEDAD ACTIVO FIJO,NO_CLIENTE,0,Alto,0.0,5,98,0,0,0,0,0,43,Propia,Licenciatura
Rechazada,Rechazado,MALO,0,36125,PROPIEDAD ACTIVO FIJO,NO_CLIENTE,0,Alto,0.0,5,98,0,0,0,0,0,43,Renta,Posgrado
Rechazada,Rechazado,MALO,0,31860,RECIBOS DE NOMINA,NO_CLIENTE,0,Alto,0.0,5,99,0,0,0,0,0,43,Propia,Preparatoria
Rechazada,Rechazado,MALO,0,43312,PROPIEDAD ACTIVO FIJO,NO_CLIENTE,0,Alto,0.0,5,99,0,0,0,0,0,43,Familiares,Posgrado
Cancelada,Rechazado,MALO,0,39472,PROPIEDAD ACTIVO FIJO,NO_CLIENTE,0,Alto,0.0,2,99,0,1,12131,340,0,43,Familiares,Posgrado
Rechazada,Rechazado,MALO,0,37469,PROPIEDAD ACTIVO FIJO,NO_CLIENTE,0,Alto,0.0,3,99,0,0,0,0,0,43,Familiares,Posgrado
Rechazada,Rechazado,MALO,0,29692,PROPIEDAD ACTIVO FIJO,NO_CLIENTE,176500,Alto,0.0,1,99,0,1,167320,6270,0,43,Renta,Licenciatura
Rechazada,Rechazado,MALO,0,40390,RECIBOS DE NOMINA,NO_CLIENTE,0,Alto,0.0,5,99,0,0,0,0,0,43,Propia,Posgrado
Rechazada,Rechazado,MALO,0,36541,PROPIEDAD ACTIVO FIJO,NO_CLIENTE,11000,Alto,0.0,5,99,0,2,4212,500,0,43,Propia,Posgrado
Rechazada,Rechazado,MALO,0,32108,PROPIEDAD ACTIVO FIJO,NO_CLIENTE,200000,Alto,0.0,4,99,0,0,174066,0,0,43,Propia,Licenciatura
Rechazada,Rechazado,MALO,0,42340,RECIBOS DE NOMINA,NO_CLIENTE,0,Alto,0.0,3,99,0,0,0,0,0,43,Hipoteca,Posgrado
Rechazada,Rechazado,MALO,0,40307,PROPIEDAD ACTIVO FIJO,NO_CLIENTE,0,Alto,0.0,2,100,0,0,0,0,0,43,Propia,Preparatoria
Rechazada,Rechazado,MALO,0,37761,RECIBOS DE NOMINA,NO_CLIENTE,0,Alto,0.0,1,100,0,0,0,0,0,43,Familiares,Preparatoria
Rechazada,Rechazado,MALO,0,29026,RECIBOS DE NOMINA,NO_CLIENTE,0,Alto,0.0,3,100,0,0,0,0,0,43,Hipoteca,Licenciatura
Rechazada,Rechazado,MALO,0,41245,RECIBOS DE NOMINA,NO_CLIENTE,0,Alto,0.0,0,100,0,0,0,0,0,43,Propia,Licenciatura
Rechazada,Rechazado,MALO,0,36826,RECIBOS DE NOMINA,NO_CLIENTE,0,Alto,0.0,0,100,0,0,0,0,0,43,Renta,Licenciatura
Rechazada,Rechazado,MALO,0,31686,RECIBOS DE NOMINA,NO_CLIENTE,0,Alto,0.0,1,100,0,0,0,0,0,43,Familiares,Licenciatura
Rechazada,Rechazado,MALO,0,43031,PROPIEDAD ACTIVO FIJO,NO_CLIENTE,0,Alto,0.0,2,100,0,0,0,0,0,43,Propia,Posgrado
En_proceso,Rechazado,MALO,0,40429,RECIBOS DE NOMINA,NO_CLIENTE,0,Alto,0.0,2,100,0,0,0,0,0,43,Familiares,Posgrado
Rechazada,Rechazado,MALO,0,37265,PROPIEDAD ACTIVO FIJO,NO_CLIENTE,0,Alto,0.0,3,101,0,2,953,500,0,43,Hipoteca,Licenciatura
Rechazada,Rechazado,MALO,0,29500,RECIBOS DE NOMINA,NO_CLIENTE,0,Alto,0.0,0,101,0,0,0,0,0,43,Propia,Posgrado
Rechazada,Rechazado,MALO,0,41369,RECIBOS DE NOMINA,NO_CLIENTE,0,Alto,0.0,0,101,0,0,0,0,0,43,Propia,Preparatoria
Rechazada,Rechazado,MALO,0,36342,RECIBOS DE NOMINA,NO_CLIENTE,0,Alto,0.0,1,101,0,0,0,0,0,43,Hipoteca,Licenciatura
Rechazada,Rechazado,MALO,0,31900,PROPIEDAD ACTIVO FIJO,NO_CLIENTE,5500,Alto,0.0,0,101,0,0,0,0,18042,43,Renta,Preparatoria
Rechazada,Rechazado,MALO,0,43366,RECIBOS DE NOMINA,NO_CLIENTE,0,Alto,0.0,3,101,0,0,0,0,0,43,Renta,Posgrado
Pendiente,Pre-Aprobado,MALO,1,40278,RECIBOS DE NOMINA,NO_CLIENTE,0,Alto,0.0,0,120,0,0,0,0,0,43,Renta,Preparatoria
Pendiente,Pre-Aprobado,MALO,1,37695,RECIBOS DE NOMINA,NO_CLIENTE,0,Alto,0.0,2,123,0,0,0,0,0,43,Hipoteca,Posgrado
Pendiente,Pre-Aprobado,MALO,1,29449,PAGOS PROV SEMESTRALES PF,NO_CLIENTE,54000,Alto,0.0,0,143,0,0,0,0,0,43,Renta,Licenciatura
Aprobada,Aprobado,BUENO,13500,41214,RECIBOS DE NOMINA,CLIENTE_BANCO,31502,Bajo,1.08,1,174,723,0,2906,0,0,43,Propia,Preparatoria
Aprobada,Aprobado,BUENO,15000,36761,PROPIEDAD ACTIVO FIJO,CLIENTE_BANCO,3000,Bajo,0.62,0,179,723,1,1070,250,0,43,Propia,Preparatoria
Aprobada,Aprobado,BUENO,50000,31845,RECIBOS DE NOMINA,CLIENTE_BANCO,47500,Bajo,0.76,0,203,714,1,35012,520,0,43,Renta,Licenciatura
Aprobada,Aprobado,REGULAR,40000,43204,RECIBOS DE NOMINA,CLIENTE_BANCO,5004,Medio ,1.08,0,204,698,0,2659,0,0,43,Renta,Preparatoria
Aprobada,Aprobado,BUENO,21700,40551,RECIBOS DE NOMINA,CLIENTE_BANCO,9900,Bajo,0.46,0,205,746,1,4757,250,18624,43,Familiares,Preparatoria
Aprobada,Aprobado,REGULAR,8200,37451,RECIBOS DE NOMINA,CLIENTE_BANCO,10800,Medio ,0.33,0,206,694,1,8697,500,0,43,Propia,Licenciatura
Aprobada,Aprobado,REGULAR,150000,29618,PROPIEDAD ACTIVO FIJO,NO_CLIENTE,0,Mínimo,0.21,0,206,789,0,0,0,0,43,Hipoteca,Posgrado
Aprobada,Aprobado,BUENO,2999,41493,PROPIEDAD ACTIVO FIJO,CLIENTE_BANCO,19300,Bajo,0.52,0,209,703,1,12106,760,0,43,Propia,Posgrado
Aprobada,Aprobado,REGULAR,15100,36524,RECIBOS DE NOMINA,CLIENTE_BANCO,30500,Medio ,1.13,0,211,680,0,30455,0,10071,43,Hipoteca,Posgrado
Aprobada,Aprobado,BUENO,50000,32028,RECIBOS DE NOMINA,CLIENTE_BANCO,5500,Mínimo,0.76,0,213,756,0,0,0,0,43,Renta,Posgrado
Aprobada,Aprobado,BUENO,9899,43496,PROPIEDAD ACTIVO FIJO,CLIENTE_BANCO,86500,Bajo,0.95,0,215,713,1,46592,2780,0,43,Propia,Licenciatura
Aprobada,Aprobado,REGULAR,1999,40289,RECIBOS DE NOMINA,CLIENTE_BANCO,0,Mínimo,0.16,0,215,804,0,0,0,0,43,Hipoteca,Preparatoria
Aprobada,Aprobado,REGULAR,9899,37666,DECLARACION ANUAL PFAE,CLIENTE_BANCO,50000,Mínimo,0.3,0,216,780,0,2187,0,43001,43,Renta,Preparatoria
Aprobada,Aprobado,REGULAR,20200,30102,RECIBOS DE NOMINA,CLIENTE_BANCO,15200,Bajo,0.23,0,220,706,1,275,250,0,43,Propia,Posgrado
Aprobada,Aprobado,BUENO,9899,41031,RECIBOS DE NOMINA,CLIENTE_BANCO,0,Mínimo,0.52,0,220,758,0,0,0,0,43,Propia,Licenciatura
Aprobada,Aprobado,BUENO,1999,36560,PROPIEDAD ACTIVO FIJO,CLIENTE_BANCO,0,Bajo,0.7,0,222,740,0,0,0,0,43,Familiares,Posgrado
Aprobada,Aprobado,REGULAR,9899,32552,PROPIEDAD ACTIVO FIJO,CLIENTE_BANCO,6500,Bajo,0.17,0,223,723,1,3966,250,0,43,Propia,Secundaria
Aprobada,Aprobado,BUENO,50000,43011,RECIBOS DE NOMINA,CLIENTE_BANCO,15008,Bajo,0.69,0,224,740,1,6354,250,0,43,Familiares,Licenciatura
Aprobada,Aprobado,BUENO,30000,40519,RECIBOS DE NOMINA,CLIENTE_BANCO,24500,Bajo,0.78,0,226,722,0,0,0,0,43,Propia,Preparatoria
Aprobada,Aprobado,BUENO,9899,38465,PROPIEDAD ACTIVO FIJO,CLIENTE_BANCO,38000,Mínimo,1.01,0,226,766,0,113,0,0,43,Renta,Posgrado
Aprobada,Aprobado,BUENO,2999,29486,PROPIEDAD ACTIVO FIJO,CLIENTE_BANCO,10200,Bajo,0.48,0,230,734,1,698,250,0,43,Hipoteca,Posgrado
Aprobada,Aprobado,BUENO,1999,41266,RECIBOS DE NOMINA,NO_CLIENTE,0,Bajo,0.73,0,230,747,0,0,0,0,43,Familiares,Posgrado
Aprobada,Aprobado,REGULAR,38000,37335,RECIBOS DE NOMINA,CLIENTE_BANCO,29000,Mínimo,0.37,0,232,783,0,16397,0,0,43,Familiares,Posgrado
Aprobada,Aprobado,BUENO,5999,31885,RECIBOS DE NOMINA,CLIENTE_BANCO,0,Bajo,0.97,0,237,703,0,0,0,0,43,Hipoteca,Posgrado
Aprobada,Aprobado,REGULAR,15000,43257,RECIBOS DE NOMINA,NO_CLIENTE,0,Mínimo,0.38,0,240,782,0,0,0,0,43,Familiares,Posgrado
Aprobada,Aprobado,BUENO,6199,41183,RECIBOS DE NOMINA,CLIENTE_BANCO,15,Bajo,1.07,0,242,713,0,0,0,0,43,Propia,Licenciatura
Aprobada,Aprobado,BUENO,5999,37498,PROPIEDAD ACTIVO FIJO,CLIENTE_BANCO,15000,Bajo,0.78,0,242,723,1,10582,340,0,43,Familiares,Posgrado
Aprobada,Aprobado,BUENO,49999,29655,RECIBOS DE NOMINA,CLIENTE_BANCO,0,Mínimo,0.54,0,243,756,0,0,0,0,43,Propia,Preparatoria
Aprobada,Aprobado,BUENO,4999,42140,PROPIEDAD ACTIVO FIJO,CLIENTE_BANCO,0,Bajo,0.61,0,247,739,0,0,0,0,43,Hipoteca,Posgrado
Aprobada,Aprobado,REGULAR,18299,36570,RECIBOS DE NOMINA,CLIENTE_BANCO,23500,Bajo,0.26,0,247,750,0,525,0,0,43,Renta,Posgrado
Aprobada,Aprobado,BUENO,39999,32068,RECIBOS DE NOMINA,CLIENTE_BANCO,0,Bajo,0.71,0,249,749,0,0,0,0,43,Propia,Preparatoria
Aprobada,Aprobado,BUENO,50000,44174,RECIBOS DE NOMINA,CLIENTE_BANCO,27500,Bajo,0.76,0,256,716,1,11366,830,9041,43,Hipoteca,Posgrado
Aprobada,Aprobado,BUENO,1999,40339,RECIBOS DE NOMINA,CLIENTE_BANCO,0,Bajo,0.88,0,256,732,0,0,0,0,43,Hipoteca,Licenciatura
Aprobada,Aprobado,BUENO,49999,37713,PROPIEDAD ACTIVO FIJO,CLIENTE_BANCO,142500,Bajo,0.42,0,256,750,0,10137,0,0,43,Hipoteca,Licenciatura
Aprobada,Aprobado,REGULAR,49999,30283,DECLARACION ANUAL PFAE,CLIENTE_BANCO,48000,Mínimo,0.29,0,265,767,0,4354,0,0,43,Hipoteca,Licenciatura
Rechazada,Rechazado,MALO,0,41868,RECIBOS DE NOMINA,NO_CLIENTE,0,Alto,0.0,4,89,0,0,0,0,0,44,Familiares,Posgrado
Rechazada,Rechazado,MALO,0,36780,RECIBOS DE NOMINA,NO_CLIENTE,0,Alto,0.0,4,89,0,0,0,0,0,44,Hipoteca,Licenciatura
Rechazada,Rechazado,MALO,0,32285,RECIBOS DE NOMINA,NO_CLIENTE,0,Alto,0.0,5,89,0,0,0,0,0,44,Renta,Licenciatura
Rechazada,Rechazado,MALO,0,43889,RECIBOS DE NOMINA,NO_CLIENTE,0,Alto,0.0,4,90,0,0,0,0,0,44,Propia,Preparatoria
Rechazada,Rechazado,MALO,0,40571,RECIBOS DE NOMINA,NO_CLIENTE,0,Alto,0.0,3,90,0,0,0,0,0,44,Renta,Posgrado
Rechazada,Rechazado,MALO,0,37968,RECIBOS DE NOMINA,NO_CLIENTE,40000,Alto,0.0,3,90,0,0,0,0,0,44,Hipoteca,Posgrado
Rechazada,Rechazado,MALO,0,30088,RECIBOS DE NOMINA,NO_CLIENTE,0,Alto,0.0,3,90,0,0,0,0,0,44,Propia,Licenciatura
Rechazada,Rechazado,MALO,0,41515,PROPIEDAD ACTIVO FIJO,NO_CLIENTE,23900,Alto,0.0,4,90,0,1,9850,808,0,44,Renta,Posgrado
Rechazada,Rechazado,MALO,0,37028,RECIBOS DE NOMINA,NO_CLIENTE,0,Alto,0.0,5,91,0,0,0,0,0,44,Renta,Posgrado
Rechazada,Rechazado,MALO,0,32536,PROPIEDAD ACTIVO FIJO,NO_CLIENTE,0,Alto,0.0,5,91,0,0,0,0,0,44,Renta,Posgrado
Rechazada,Rechazado,MALO,0,43518,RECIBOS DE NOMINA,NO_CLIENTE,0,Alto,0.0,3,91,0,0,0,0,0,44,Renta,Preparatoria
Rechazada,Rechazado,MALO,0,40845,RECIBOS DE NOMINA,NO_CLIENTE,0,Alto,0.0,3,91,0,0,0,0,0,44,Hipoteca,Licenciatura
Rechazada,Rechazado,MALO,0,38264,PROPIEDAD ACTIVO FIJO,NO_CLIENTE,0,Alto,0.0,4,91,0,0,0,0,0,44,Hipoteca,Posgrado
Rechazada,Rechazado,MALO,0,29834,PROPIEDAD ACTIVO FIJO,NO_CLIENTE,0,Alto,0.0,4,91,0,0,0,0,0,44,Hipoteca,Posgrado
Rechazada,Rechazado,MALO,0,41795,PROPIEDAD ACTIVO FIJO,NO_CLIENTE,0,Alto,0.0,5,91,0,0,0,0,0,44,Familiares,Posgrado
En_proceso,Rechazado,MALO,0,37316,INVERSIONES,NO_CLIENTE,0,Alto,0.0,5,91,0,0,0,0,0,44,Renta,Licenciatura
Rechazada,Rechazado,MALO,0,32261,PROPIEDAD ACTIVO FIJO,NO_CLIENTE,0,Alto,0.0,2,92,0,1,139987,8310,0,44,Propia,Preparatoria
Cancelada,Rechazado,MALO,0,43812,SIN COMPROBANTE,NO_CLIENTE,0,Alto,0.0,2,92,0,0,0,0,0,44,Renta,Preparatoria
Rechazada,Rechazado,MALO,0,43199,PROPIEDAD ACTIVO FIJO,NO_CLIENTE,0,Alto,0.0,4,92,0,0,0,0,0,44,Hipoteca,Preparatoria
En_proceso,Rechazado,MALO,0,37846,PROPIEDAD ACTIVO FIJO,NO_CLIENTE,0,Alto,0.0,1,92,0,0,0,0,0,44,Hipoteca,Preparatoria
Rechazada,Rechazado,MALO,0,33030,RECIBOS DE NOMINA,NO_CLIENTE,0,Alto,0.0,2,93,0,0,0,0,26741,44,Hipoteca,Licenciatura
Rechazada,Rechazado,MALO,0,45284,RECIBOS DE NOMINA,NO_CLIENTE,0,Alto,0.0,2,93,0,0,0,0,0,44,Renta,Licenciatura
Rechazada,Rechazado,MALO,0,41747,PAGOS PROV SEMESTRALES PF,NO_CLIENTE,0,Alto,0.0,5,93,0,0,0,0,0,44,Hipoteca,Preparatoria
Rechazada,Rechazado,MALO,0,38845,RECIBOS DE NOMINA,NO_CLIENTE,0,Alto,0.0,5,93,0,0,0,0,0,44,Propia,Posgrado
Rechazada,Rechazado,MALO,0,31044,RECIBOS DE NOMINA,NO_CLIENTE,0,Alto,0.0,4,93,0,0,0,0,0,44,Renta,Licenciatura
Rechazada,Rechazado,MALO,0,42718,RECIBOS DE NOMINA,NO_CLIENTE,0,Alto,0.0,5,94,0,0,0,0,0,44,Familiares,Preparatoria
Rechazada,Rechazado,MALO,0,37883,PROPIEDAD ACTIVO FIJO,NO_CLIENTE,0,Alto,0.0,4,94,0,3,37717,6880,26431,44,Familiares,Licenciatura
Rechazada,Rechazado,MALO,0,33570,PROPIEDAD ACTIVO FIJO,NO_CLIENTE,0,Alto,0.0,2,94,0,0,0,0,0,44,Renta,Licenciatura
Rechazada,Rechazado,MALO,0,44779,RECIBOS DE NOMINA,NO_CLIENTE,0,Alto,0.0,2,94,0,0,0,0,0,44,Renta,Posgrado
Rechazada,Rechazado,MALO,0,41788,PROPIEDAD ACTIVO FIJO,NO_CLIENTE,39000,Alto,0.0,1,94,0,0,34062,0,0,44,Familiares,Posgrado
Rechazada,Rechazado,MALO,0,39480,RECIBOS DE NOMINA,NO_CLIENTE,0,Alto,0.0,3,94,0,0,0,0,0,44,Propia,Licenciatura
Rechazada,Rechazado,MALO,0,30698,PROPIEDAD ACTIVO FIJO,NO_CLIENTE,0,Alto,0.0,4,95,0,1,37859,1520,0,44,Renta,Licenciatura
Rechazada,Rechazado,MALO,0,42759,RECIBOS DE NOMINA,NO_CLIENTE,0,Alto,0.0,3,95,0,0,0,0,0,44,Familiares,Posgrado
Rechazada,Rechazado,MALO,0,38503,PROPIEDAD ACTIVO FIJO,NO_CLIENTE,0,Alto,0.0,4,95,0,0,0,0,1853,44,Familiares,Preparatoria
Rechazada,Rechazado,MALO,0,33196,RECIBOS DE NOMINA,NO_CLIENTE,0,Alto,0.0,1,95,0,0,9703,0,131062,44,Propia,Posgrado
Rechazada,Rechazado,MALO,0,44823,PROPIEDAD ACTIVO FIJO,NO_CLIENTE,0,Alto,0.0,3,95,0,0,0,0,0,44,Hipoteca,Licenciatura
Rechazada,Rechazado,MALO,0,42471,PROPIEDAD ACTIVO FIJO,NO_CLIENTE,0,Alto,0.0,5,95,0,0,0,0,0,44,Propia,Licenciatura
En_proceso,Rechazado,MALO,0,39040,INVERSIONES,NO_CLIENTE,0,Alto,0.0,2,95,0,0,0,0,0,44,Familiares,Preparatoria
Rechazada,Rechazado,MALO,0,30728,RECIBOS DE NOMINA,NO_CLIENTE,0,Alto,0.0,2,96,0,0,0,0,0,44,Hipoteca,Posgrado
Rechazada,Rechazado,MALO,0,43459,PROPIEDAD ACTIVO FIJO,NO_CLIENTE,0,Alto,0.0,2,96,0,0,13012,0,0,44,Hipoteca,Licenciatura
Rechazada,Rechazado,MALO,0,38074,RECIBOS DE NOMINA,NO_CLIENTE,0,Alto,0.0,3,96,0,0,0,0,0,44,Renta,Preparatoria
Rechazada,Rechazado,MALO,0,33228,RECIBOS DE NOMINA,NO_CLIENTE,0,Alto,0.0,2,97,0,0,0,0,0,44,Familiares,Preparatoria
Rechazada,Rechazado,MALO,0,45557,PROPIEDAD ACTIVO FIJO,NO_CLIENTE,0,Alto,0.0,4,97,0,0,0,0,0,44,Propia,Licenciatura
Rechazada,Rechazado,MALO,0,41998,RECIBOS DE NOMINA,NO_CLIENTE,0,Alto,0.0,3,97,0,0,0,0,0,44,Propia,Licenciatura
Rechazada,Rechazado,MALO,0,39078,RECIBOS DE NOMINA,NO_CLIENTE,0,Alto,0.0,3,97,0,0,0,0,0,44,Hipoteca,Posgrado
Rechazada,Rechazado,MALO,0,31231,RECIBOS DE NOMINA,NO_CLIENTE,0,Alto,0.0,5,97,0,0,0,0,0,44,Renta,Posgrado
Rechazada,Rechazado,MALO,0,43384,RECIBOS DE NOMINA,NO_CLIENTE,0,Alto,0.0,3,98,0,0,0,0,0,44,Renta,Preparatoria
Rechazada,Rechazado,MALO,0,37931,PROPIEDAD ACTIVO FIJO,NO_CLIENTE,0,Alto,0.0,3,98,0,1,18895,1190,79113,44,Hipoteca,Posgrado
Rechazada,Rechazado,MALO,0,33771,RECIBOS DE NOMINA,NO_CLIENTE,0,Alto,0.0,4,98,0,1,1540,250,0,44,Hipoteca,Preparatoria
Rechazada,Rechazado,MALO,0,45694,RECIBOS DE NOMINA,NO_CLIENTE,0,Alto,0.0,1,98,0,0,0,0,0,44,Renta,Posgrado
Rechazada,Rechazado,MALO,0,41446,RECIBOS DE NOMINA,NO_CLIENTE,0,Alto,0.0,2,98,0,0,0,0,0,44,Hipoteca,Posgrado
Rechazada,Rechazado,MALO,0,39717,RECIBOS DE NOMINA,NO_CLIENTE,0,Alto,0.0,4,99,0,0,0,0,0,44,Propia,Posgrado
Cancelada,Rechazado,MALO,0,31325,RECIBOS DE NOMINA,NO_CLIENTE,0,Alto,0.0,3,99,0,0,0,0,0,44,Renta,Posgrado
Rechazada,Rechazado,MALO,0,42410,PROPIEDAD ACTIVO FIJO,NO_CLIENTE,0,Alto,0.0,4,99,0,0,0,0,0,44,Propia,Posgrado
Rechazada,Rechazado,MALO,0,38733,RECIBOS DE NOMINA,NO_CLIENTE,0,Alto,0.0,4,99,0,0,0,0,0,44,Propia,Posgrado
Rechazada,Rechazado,MALO,0,33874,PROPIEDAD ACTIVO FIJO,NO_CLIENTE,303800,Alto,0.0,5,99,0,1,11192,4400,109692,44,Renta,Preparatoria
Rechazada,Rechazado,MALO,0,44457,PROPIEDAD ACTIVO FIJO,NO_CLIENTE,0,Alto,0.0,5,99,0,0,0,0,49002,44,Propia,Posgrado
Cancelada,Rechazado,MALO,0,42726,RECIBOS DE NOMINA,NO_CLIENTE,0,Alto,0.0,2,100,0,0,0,0,0,44,Propia,Preparatoria
Rechazada,Rechazado,MALO,0,39838,RECIBOS DE NOMINA,NO_CLIENTE,0,Alto,0.0,2,100,0,0,0,0,0,44,Hipoteca,Posgrado
Rechazada,Rechazado,MALO,0,30477,INVERSIONES,NO_CLIENTE,0,Alto,0.0,2,100,0,0,0,0,0,44,Familiares,Preparatoria
Rechazada,Rechazado,MALO,0,43719,RECIBOS DE NOMINA,NO_CLIENTE,0,Alto,0.0,1,100,0,0,0,0,0,44,Propia,Preparatoria
Rechazada,Rechazado,MALO,0,38851,PROPIEDAD ACTIVO FIJO,NO_CLIENTE,0,Alto,0.0,4,101,0,0,0,0,0,44,Propia,Preparatoria
Rechazada,Rechazado,MALO,0,33270,PROPIEDAD ACTIVO FIJO,NO_CLIENTE,0,Alto,0.0,3,101,0,0,0,0,0,44,Renta,Preparatoria
Rechazada,Rechazado,MALO,0,45613,RECIBOS DE NOMINA,NO_CLIENTE,0,Alto,0.0,1,101,0,0,0,0,0,44,Hipoteca,Licenciatura
Rechazada,Rechazado,MALO,0,42653,RECIBOS DE NOMINA,NO_CLIENTE,0,Alto,0.0,3,101,0,0,0,0,0,44,Hipoteca,Preparatoria
Rechazada,Rechazado,MALO,0,39128,PROPIEDAD ACTIVO FIJO,NO_CLIENTE,0,Alto,0.0,3,101,0,0,9783,0,95440,44,Hipoteca,Preparatoria
Rechazada,Rechazado,MALO,0,31270,RECIBOS DE NOMINA,NO_CLIENTE,0,Alto,0.0,1,101,0,0,0,0,0,44,Familiares,Licenciatura
Rechazada,Rechazado,MALO,0,43645,INVERSIONES,NO_CLIENTE,0,Alto,0.0,3,101,0,0,0,0,83787,44,Propia,Posgrado
Rechazada,Rechazado,MALO,0,38159,RECIBOS DE NOMINA,NO_CLIENTE,19100,Alto,0.0,0,101,0,0,0,0,26137,44,Hipoteca,Licenciatura
Rechazada,Rechazado,MALO,0,33814,RECIBOS DE NOMINA,NO_CLIENTE,0,Alto,0.0,3,101,0,0,0,0,0,44,Renta,Preparatoria
Pendiente,Pre-Aprobado,MALO,1,45751,PROPIEDAD ACTIVO FIJO,NO_CLIENTE,183500,Alto,0.0,1,124,0,0,7768,0,15326,44,Renta,Licenciatura
Pendiente,Pre-Aprobado,MALO,1,42292,PROPIEDAD ACTIVO FIJO,NO_CLIENTE,0,Alto,0.0,0,134,0,0,0,0,0,44,Propia,Licenciatura
Aprobada,Aprobado,REGULAR,9700,39956,RECIBOS DE NOMINA,NO_CLIENTE,5000,Alto,0.58,2,169,529,3,0,0,0,44,Hipoteca,Secundaria
Pendiente,Pre-Aprobado,MALO,1,31068,PROPIEDAD ACTIVO FIJO,NO_CLIENTE,0,Alto,0.0,0,176,0,0,0,0,0,44,Familiares,Licenciatura
Aprobada,Aprobado,BUENO,7000,43275,RECIBOS DE NOMINA,NO_CLIENTE,0,Bajo,0.84,0,187,726,0,0,0,0,44,Propia,Preparatoria
Aprobada,Aprobado,REGULAR,274000,38967,PROPIEDAD ACTIVO FIJO,CLIENTE_BANCO,40000,Mínimo,0.37,0,190,773,0,0,0,0,44,Propia,Preparatoria
Aprobada,Aprobado,BUENO,21400,33596,RECIBOS DE NOMINA,NO_CLIENTE,0,Bajo,0.62,0,191,738,0,0,0,0,44,Renta,Posgrado
Aprobada,Aprobado,BUENO,9899,45364,PROPIEDAD ACTIVO FIJO,CLIENTE_BANCO,0,Bajo,1.01,0,194,709,0,0,0,0,44,Renta,Preparatoria
Aprobada,Aprobado,BUENO,29000,42984,PAGOS PROV SEMESTRALES PF,CLIENTE_BANCO,103000,Mínimo,0.6,0,194,763,1,25188,1290,5205,44,Hipoteca,Licenciatura
Aprobada,Aprobado,BUENO,37501,39511,PROPIEDAD ACTIVO FIJO,CLIENTE_BANCO,16500,Bajo,0.61,0,199,723,1,5653,370,0,44,Familiares,Posgrado
Aprobada,Aprobado,REGULAR,6000,31099,INVERSIONES,NO_CLIENTE,0,Medio ,1.13,0,201,687,0,0,0,0,44,Propia,Posgrado
Aprobada,Aprobado,REGULAR,49999,43983,PROPIEDAD ACTIVO FIJO,CLIENTE_BANCO,8300,Medio ,0.46,0,205,698,0,7135,0,0,44,Propia,Posgrado
Aprobada,Aprobado,BUENO,31999,38533,PROPIEDAD ACTIVO FIJO,CLIENTE_BANCO,15000,Bajo,0.9,0,208,727,1,3674,250,0,44,Renta,Licenciatura
Aprobada,Aprobado,REGULAR,18900,33629,RECIBOS DE NOMINA,NO_CLIENTE,0,Mínimo,0.33,0,211,777,0,0,0,0,44,Renta,Posgrado
Aprobada,Aprobado,REGULAR,1999,46106,RECIBOS DE NOMINA,NO_CLIENTE,0,Mínimo,0.2,0,212,790,0,0,0,0,44,Renta,Posgrado
Aprobada,Aprobado,BUENO,9899,42504,RECIBOS DE NOMINA,CLIENTE_BANCO,0,Bajo,0.88,0,217,732,0,0,0,103061,44,Renta,Licenciatura
Aprobada,Aprobado,BUENO,9899,39550,RECIBOS DE NOMINA,CLIENTE_BANCO,0,Bajo,0.74,0,217,746,0,0,0,0,44,Propia,Licenciatura
Aprobada,Aprobado,REGULAR,32000,31909,RECIBOS DE NOMINA,NO_CLIENTE,0,Mínimo,0.18,0,217,792,0,0,0,0,44,Hipoteca,Preparatoria
Aprobada,Aprobado,BUENO,49999,43288,PROPIEDAD ACTIVO FIJO,CLIENTE_BANCO,50000,Bajo,0.46,0,221,740,0,0,0,0,44,Renta,Preparatoria
Aprobada,Aprobado,BUENO,9899,38388,PROPIEDAD ACTIVO FIJO,CLIENTE_BANCO,52000,Bajo,0.84,0,223,730,0,8600,0,0,44,Renta,Licenciatura
Aprobada,Aprobado,BUENO,9899,34505,PROPIEDAD ACTIVO FIJO,CLIENTE_BANCO,0,Bajo,0.68,0,223,732,0,0,0,0,44,Renta,Posgrado
Aprobada,Aprobado,BUENO,15900,45377,RECIBOS DE NOMINA,NO_CLIENTE,0,Bajo,0.63,0,223,737,0,0,0,0,44,Renta,Posgrado
Aprobada,Aprobado,REGULAR,22899,42545,PROPIEDAD ACTIVO FIJO,NO_CLIENTE,0,Mínimo,0.27,0,224,783,0,0,0,0,44,Renta,Licenciatura
Aprobada,Aprobado,BUENO,9899,40773,PROPIEDAD ACTIVO FIJO,CLIENTE_BANCO,30000,Bajo,0.57,0,227,743,0,0,0,0,44,Hipoteca,Licenciatura
Aprobada,Aprobado,BUENO,49999,31108,PROPIEDAD ACTIVO FIJO,CLIENTE_BANCO,30999,Bajo,0.52,0,229,748,1,1737,390,0,44,Familiares,Licenciatura
Aprobada,Aprobado,REGULAR,2999,43329,RECIBOS DE NOMINA,CLIENTE_BANCO,0,Mínimo,0.32,0,230,778,0,0,0,40775,44,Propia,Posgrado
Aprobada,Aprobado,BUENO,2999,39575,RECIBOS DE NOMINA,CLIENTE_BANCO,0,Mínimo,0.42,0,231,768,0,0,0,0,44,Renta,Posgrado
Aprobada,Aprobado,REGULAR,53000,33639,RECIBOS DE NOMINA,CLIENTE_BANCO,51000,Bajo,0.24,0,234,750,0,1499,0,0,44,Familiares,Licenciatura
Aprobada,Aprobado,BUENO,9899,45420,PROPIEDAD ACTIVO FIJO,CLIENTE_BANCO,15000,Bajo,1.07,0,237,723,0,0,0,0,44,Familiares,Posgrado
Aprobada,Aprobado,BUENO,35999,43654,RECIBOS DE NOMINA,CLIENTE_BANCO,10500,Bajo,0.44,0,238,750,1,7728,390,44602,44,Familiares,Licenciatura
Aprobada,Aprobado,BUENO,14700,39561,RECIBOS DE NOMINA,CLIENTE_BANCO,0,Bajo,0.61,0,244,739,0,0,0,0,44,Hipoteca,Posgrado
Aprobada,Aprobado,BUENO,284000,31137,RECIBOS DE NOMINA,CLIENTE_BANCO,68000,Bajo,0.8,0,245,737,1,26306,1440,172858,44,Familiares,Licenciatura
Aprobada,Aprobado,BUENO,91000,44669,RECIBOS DE NOMINA,CLIENTE_BANCO,60000,Bajo,1.05,0,250,744,1,25555,593,17595,44,Hipoteca,Posgrado
Aprobada,Aprobado,REGULAR,40999,38581,PROPIEDAD ACTIVO FIJO,CLIENTE_BANCO,84500,Bajo,0.22,0,250,750,1,19078,1060,0,44,Hipoteca,Preparatoria
Aprobada,Aprobado,REGULAR,28999,33671,PROPIEDAD ACTIVO FIJO,NO_CLIENTE,0,Mínimo,0.26,0,250,784,0,0,0,0,44,Propia,Licenciatura
Aprobada,Aprobado,BUENO,131000,46825,RECIBOS DE NOMINA,CLIENTE_BANCO,37500,Mínimo,0.85,0,253,772,1,4486,122,0,44,Hipoteca,Licenciatura
Aprobada,Aprobado,BUENO,9899,42558,PROPIEDAD ACTIVO FIJO,CLIENTE_BANCO,62000,Bajo,0.66,0,259,744,1,9074,2410,27057,44,Hipoteca,Preparatoria
Aprobada,Aprobado,BUENO,20100,39599,RECIBOS DE NOMINA,CLIENTE_BANCO,0,Mínimo,0.69,0,273,751,0,0,0,0,44,Familiares,Licenciatura
Aprobada,Aprobado,BUENO,49999,32100,RECIBOS DE NOMINA,CLIENTE_BANCO,99500,Bajo,1.03,0,282,750,1,46686,1250,0,44,Familiares,Preparatoria
Rechazada,Rechazado,MALO,0,44171,RECIBOS DE NOMINA,NO_CLIENTE,0,Alto,0.0,5,89,0,0,0,0,52761,45,Renta,Licenciatura
Rechazada,Rechazado,MALO,0,38987,RECIBOS DE NOMINA,NO_CLIENTE,0,Alto,0.0,4,89,0,0,0,0,0,45,Familiares,Posgrado
Rechazada,Rechazado,MALO,0,34060,RECIBOS DE NOMINA,NO_CLIENTE,0,Alto,0.0,5,89,0,0,0,0,0,45,Familiares,Posgrado
Rechazada,Rechazado,MALO,0,46083,RECIBOS DE NOMINA,NO_CLIENTE,0,Alto,0.0,4,89,0,0,0,0,0,45,Renta,Licenciatura
Rechazada,Rechazado,MALO,0,43005,PROPIEDAD ACTIVO FIJO,NO_CLIENTE,15000,Alto,0.0,5,89,0,0,13161,0,0,45,Hipoteca,Preparatoria
Rechazada,Rechazado,MALO,0,40057,PROPIEDAD ACTIVO FIJO,NO_CLIENTE,17800,Alto,0.0,5,89,0,1,16686,500,127570,45,Propia,Licenciatura
Rechazada,Rechazado,MALO,0,31592,RECIBOS DE NOMINA,NO_CLIENTE,0,Alto,0.0,4,89,0,0,0,0,0,45,Renta,Preparatoria
Rechazada,Rechazado,MALO,0,44005,RECIBOS DE NOMINA,NO_CLIENTE,0,Alto,0.0,2,90,0,8,2297,1610,65212,45,Renta,Posgrado
Rechazada,Rechazado,MALO,0,39065,PROPIEDAD ACTIVO FIJO,NO_CLIENTE,0,Alto,0.0,1,90,0,1,11398,910,0,45,Hipoteca,Preparatoria
Rechazada,Rechazado,MALO,0,34162,PAGOS PROV SEMESTRALES PF,NO_CLIENTE,0,Alto,0.0,2,90,0,1,1267,250,0,45,Propia,Licenciatura
Rechazada,Rechazado,MALO,0,46129,PROPIEDAD ACTIVO FIJO,NO_CLIENTE,0,Alto,0.0,2,90,0,1,9752,250,37984,45,Familiares,Licenciatura
Rechazada,Rechazado,MALO,0,43091,PAGOS PROV SEMESTRALES PF,NO_CLIENTE,0,Alto,0.0,3,90,0,0,0,0,0,45,Renta,Posgrado
Rechazada,Rechazado,MALO,0,40177,PROPIEDAD ACTIVO FIJO,NO_CLIENTE,5000,Alto,0.0,5,90,0,2,1224,500,0,45,Familiares,Posgrado
Rechazada,Rechazado,MALO,0,31624,RECIBOS DE NOMINA,NO_CLIENTE,0,Alto,0.0,4,91,0,0,0,0,0,45,Propia,Preparatoria
Rechazada,Rechazado,MALO,0,44093,RECIBOS DE NOMINA,NO_CLIENTE,0,Alto,0.0,4,91,0,0,0,0,0,45,Propia,Preparatoria
Rechazada,Rechazado,MALO,0,39182,RECIBOS DE NOMINA,NO_CLIENTE,0,Alto,0.0,2,91,0,0,0,0,0,45,Hipoteca,Licenciatura
Rechazada,Rechazado,MALO,0,34197,RECIBOS DE NOMINA,NO_CLIENTE,4000,Alto,0.0,2,91,0,1,412,257,0,45,Familiares,Preparatoria
Rechazada,Rechazado,MALO,0,46222,RECIBOS DE NOMINA,NO_CLIENTE,0,Alto,0.0,3,91,0,0,0,0,0,45,Propia,Preparatoria
Rechazada,Rechazado,MALO,0,45359,PAGOS PROV SEMESTRALES PF,NO_CLIENTE,0,Alto,0.0,3,91,0,0,0,0,0,45,Renta,Preparatoria
Rechazada,Rechazado,MALO,0,40117,PROPIEDAD ACTIVO FIJO,NO_CLIENTE,0,Alto,0.0,4,91,0,0,0,0,0,45,Hipoteca,Preparatoria
Rechazada,Rechazado,MALO,0,34847,PROPIEDAD ACTIVO FIJO,NO_CLIENTE,0,Alto,0.0,3,92,0,1,2243,1550,0,45,Renta,Posgrado
Rechazada,Rechazado,MALO,0,47549,RECIBOS DE NOMINA,NO_CLIENTE,0,Alto,0.0,4,92,0,0,0,0,0,45,Renta,Preparatoria
Rechazada,Rechazado,MALO,0,44252,PROPIEDAD ACTIVO FIJO,NO_CLIENTE,5500,Alto,0.0,3,92,0,0,103,0,28136,45,Propia,Preparatoria
Rechazada,Rechazado,MALO,0,40981,RECIBOS DE NOMINA,NO_CLIENTE,0,Alto,0.0,3,92,0,0,0,0,0,45,Renta,Preparatoria
Rechazada,Rechazado,MALO,0,32597,RECIBOS DE NOMINA,NO_CLIENTE,0,Alto,0.0,1,92,0,0,0,0,33719,45,Hipoteca,Preparatoria
Rechazada,Rechazado,MALO,0,45281,RECIBOS DE NOMINA,NO_CLIENTE,0,Alto,0.0,4,93,0,0,0,0,0,45,Propia,Preparatoria
Rechazada,Rechazado,MALO,0,39967,RECIBOS DE NOMINA,NO_CLIENTE,0,Alto,0.0,4,93,0,0,0,0,0,45,Familiares,Licenciatura
Rechazada,Rechazado,MALO,0,35249,PROPIEDAD ACTIVO FIJO,NO_CLIENTE,0,Alto,0.0,1,93,0,0,0,0,0,45,Familiares,Licenciatura
Rechazada,Rechazado,MALO,0,47466,RECIBOS DE NOMINA,NO_CLIENTE,0,Alto,0.0,3,93,0,0,0,0,0,45,Renta,Licenciatura
Rechazada,Rechazado,MALO,0,44086,PROPIEDAD ACTIVO FIJO,NO_CLIENTE,0,Alto,0.0,5,93,0,0,0,0,0,45,Familiares,Posgrado
Rechazada,Rechazado,MALO,0,41454,PROPIEDAD ACTIVO FIJO,NO_CLIENTE,14000,Alto,0.0,5,93,0,0,13511,0,0,45,Familiares,Posgrado
Rechazada,Rechazado,MALO,0,32540,RECIBOS DE NOMINA,NO_CLIENTE,0,Alto,0.0,4,94,0,0,0,0,0,45,Propia,Posgrado
Rechazada,Rechazado,MALO,0,45111,PROPIEDAD ACTIVO FIJO,NO_CLIENTE,0,Alto,0.0,4,94,0,0,0,0,0,45,Propia,Licenciatura
Rechazada,Rechazado,MALO,0,40428,RECIBOS DE NOMINA,NO_CLIENTE,0,Alto,0.0,3,94,0,0,0,0,0,45,Renta,Licenciatura
Rechazada,Rechazado,MALO,0,35188,PROPIEDAD ACTIVO FIJO,NO_CLIENTE,0,Alto,0.0,3,94,0,0,0,0,0,45,Familiares,Posgrado
Rechazada,Rechazado,MALO,0,47289,RECIBOS DE NOMINA,NO_CLIENTE,0,Alto,0.0,2,94,0,0,0,0,12811,45,Renta,Preparatoria
Rechazada,Rechazado,MALO,0,44595,RECIBOS DE NOMINA,NO_CLIENTE,0,Alto,0.0,2,94,0,0,0,0,0,45,Hipoteca,Licenciatura
Rechazada,Rechazado,MALO,0,41383,RECIBOS DE NOMINA,NO_CLIENTE,0,Alto,0.0,2,94,0,0,0,0,0,45,Hipoteca,Preparatoria
Rechazada,Rechazado,MALO,0,32418,RECIBOS DE NOMINA,NO_CLIENTE,0,Alto,0.0,2,94,0,8,71894,71894,0,45,Propia,Preparatoria
Rechazada,Rechazado,MALO,0,45632,RECIBOS DE NOMINA,NO_CLIENTE,0,Alto,0.0,5,94,0,0,0,0,0,45,Renta,Preparatoria
Rechazada,Rechazado,MALO,0,40358,PROPIEDAD ACTIVO FIJO,NO_CLIENTE,0,Alto,0.0,5,95,0,0,0,0,0,45,Renta,Licenciatura
Rechazada,Rechazado,MALO,0,35056,RECIBOS DE NOMINA,NO_CLIENTE,0,Alto,0.0,2,95,0,0,0,0,0,45,Propia,Preparatoria
Rechazada,Rechazado,MALO,0,47834,PROPIEDAD ACTIVO FIJO,NO_CLIENTE,44000,Alto,0.0,1,95,0,0,34074,0,0,45,Familiares,Preparatoria
Rechazada,Rechazado,MALO,0,44518,PROPIEDAD ACTIVO FIJO,NO_CLIENTE,37000,Alto,0.0,3,95,0,0,13577,0,0,45,Hipoteca,Licenciatura
Rechazada,Rechazado,MALO,0,41228,PROPIEDAD ACTIVO FIJO,NO_CLIENTE,10000,Alto,0.0,4,95,0,1,0,0,0,45,Hipoteca,Posgrado
Rechazada,Rechazado,MALO,0,32793,RECIBOS DE NOMINA,NO_CLIENTE,0,Alto,0.0,5,95,0,0,0,0,24031,45,Familiares,Preparatoria
Rechazada,Rechazado,MALO,0,45987,RECIBOS DE NOMINA,NO_CLIENTE,0,Alto,0.0,4,95,0,0,0,0,0,45,Propia,Posgrado
En_proceso,Rechazado,MALO,0,40017,RECIBOS DE NOMINA,NO_CLIENTE,0,Alto,0.0,3,95,0,0,0,0,0,45,Hipoteca,Licenciatura
Rechazada,Rechazado,MALO,0,35460,RECIBOS DE NOMINA,NO_CLIENTE,0,Alto,0.0,1,96,0,0,0,0,13178,45,Hipoteca,Preparatoria
Rechazada,Rechazado,MALO,0,48436,RECIBOS DE NOMINA,NO_CLIENTE,0,Alto,0.0,1,96,0,0,0,0,0,45,Hipoteca,Preparatoria
Rechazada,Rechazado,MALO,0,43726,PROPIEDAD ACTIVO FIJO,NO_CLIENTE,32000,Alto,0.0,5,96,0,0,23335,0,135552,45,Hipoteca,Preparatoria
Rechazada,Rechazado,MALO,0,41703,PROPIEDAD ACTIVO FIJO,NO_CLIENTE,0,Alto,0.0,2,97,0,0,0,0,0,45,Familiares,Licenciatura
Rechazada,Rechazado,MALO,0,33205,RECIBOS DE NOMINA,NO_CLIENTE,0,Alto,0.0,1,97,0,0,0,0,0,45,Propia,Posgrado
Rechazada,Rechazado,MALO,0,44742,PROPIEDAD ACTIVO FIJO,NO_CLIENTE,0,Alto,0.0,2,97,0,0,0,0,0,45,Familiares,Preparatoria
Rechazada,Rechazado,MALO,0,40670,RECIBOS DE NOMINA,NO_CLIENTE,0,Alto,0.0,3,97,0,0,0,0,0,45,Familiares,Posgrado
Rechazada,Rechazado,MALO,0,35907,RECIBOS DE NOMINA,NO_CLIENTE,0,Alto,0.0,3,97,0,0,0,0,0,45,Hipoteca,Posgrado
Rechazada,Rechazado,MALO,0,46902,RECIBOS DE NOMINA,NO_CLIENTE,0,Alto,0.0,3,97,0,0,0,0,0,45,Propia,Preparatoria
Rechazada,Rechazado,MALO,0,44862,RECIBOS DE NOMINA,NO_CLIENTE,0,Alto,0.0,2,97,0,0,0,0,0,45,Renta,Preparatoria
Rechazada,Rechazado,MALO,0,42228,PROPIEDAD ACTIVO FIJO,NO_CLIENTE,3200,Alto,0.0,3,97,0,0,0,0,0,45,Renta,Secundaria
Rechazada,Rechazado,MALO,0,32153,RECIBOS DE NOMINA,NO_CLIENTE,0,Alto,0.0,3,97,0,0,0,0,0,45,Propia,Posgrado
Rechazada,Rechazado,MALO,0,45905,PROPIEDAD ACTIVO FIJO,NO_CLIENTE,0,Alto,0.0,4,98,0,0,23896,0,0,45,Hipoteca,Preparatoria
Rechazada,Rechazado,MALO,0,41182,RECIBOS DE NOMINA,NO_CLIENTE,0,Alto,0.0,2,98,0,0,0,0,0,45,Hipoteca,Licenciatura
Rechazada,Rechazado,MALO,0,35100,RECIBOS DE NOMINA,NO_CLIENTE,0,Alto,0.0,1,98,0,0,0,0,0,45,Renta,Preparatoria
Rechazada,Rechazado,MALO,0,47894,INVERSIONES,NO_CLIENTE,0,Alto,0.0,2,99,0,0,0,0,25112,45,Hipoteca,Licenciatura
Rechazada,Rechazado,MALO,0,45212,PROPIEDAD ACTIVO FIJO,NO_CLIENTE,0,Alto,0.0,3,99,0,1,14198,890,12537,45,Renta,Posgrado
Rechazada,Rechazado,MALO,0,41280,RECIBOS DE NOMINA,NO_CLIENTE,0,Alto,0.0,2,99,0,0,0,0,0,45,Propia,Posgrado
Rechazada,Rechazado,MALO,0,32833,PROPIEDAD ACTIVO FIJO,NO_CLIENTE,0,Alto,0.0,4,99,0,0,0,0,0,45,Renta,Licenciatura
Rechazada,Rechazado,MALO,0,46263,PROPIEDAD ACTIVO FIJO,NO_CLIENTE,0,Alto,0.0,4,100,0,2,955,572,0,45,Hipoteca,Preparatoria
Rechazada,Rechazado,MALO,0,40258,RECIBOS DE NOMINA,NO_CLIENTE,0,Alto,0.0,2,100,0,0,0,0,15044,45,Propia,Preparatoria
Rechazada,Rechazado,MALO,0,35505,RECIBOS DE NOMINA,NO_CLIENTE,0,Alto,0.0,0,100,0,0,0,0,0,45,Hipoteca,Posgrado
Rechazada,Rechazado,MALO,0,48496,RECIBOS DE NOMINA,NO_CLIENTE,0,Alto,0.0,1,100,0,0,0,0,0,45,Renta,Preparatoria
Rechazada,Rechazado,MALO,0,44618,RECIBOS DE NOMINA,NO_CLIENTE,0,Alto,0.0,2,100,0,0,0,0,1,45,Familiares,Licenciatura
En_proceso,Rechazado,MALO,0,41954,INVERSIONES,NO_CLIENTE,0,Alto,0.0,1,100,0,0,0,0,0,45,Familiares,Posgrado
Rechazada,Rechazado,MALO,0,32933,PROPIEDAD ACTIVO FIJO,NO_CLIENTE,0,Alto,0.0,3,101,0,1,39370,2330,0,45,Renta,Licenciatura
Rechazada,Rechazado,MALO,0,45655,PROPIEDAD ACTIVO FIJO,NO_CLIENTE,0,Alto,0.0,2,101,0,0,0,0,8714,45,Hipoteca,Licenciatura
Rechazada,Rechazado,MALO,0,40915,RECIBOS DE NOMINA,NO_CLIENTE,0,Alto,0.0,3,101,0,0,0,0,0,45,Propia,Preparatoria
Rechazada,Rechazado,MALO,0,35612,RECIBOS DE NOMINA,NO_CLIENTE,0,Alto,0.0,3,101,0,0,0,0,7373,45,Hipoteca,Posgrado
Rechazada,Rechazado,MALO,0,47859,RECIBOS DE NOMINA,NO_CLIENTE,0,Alto,0.0,3,101,0,0,0,0,0,45,Familiares,Preparatoria
Rechazada,Rechazado,MALO,0,45133,RECIBOS DE NOMINA,NO_CLIENTE,0,Alto,0.0,0,101,0,0,0,0,0,45,Renta,Preparatoria
Rechazada,Rechazado,MALO,0,41882,RECIBOS DE NOMINA,NO_CLIENTE,0,Alto,0.0,0,101,0,0,0,0,0,45,Familiares,Licenciatura
Rechazada,Rechazado,MALO,0,32809,PROPIEDAD ACTIVO FIJO,NO_CLIENTE,0,Alto,0.0,0,101,0,0,0,0,0,45,Renta,Licenciatura
Rechazada,Rechazado,MALO,0,46182,RECIBOS DE NOMINA,NO_CLIENTE,0,Alto,0.0,0,101,0,0,0,0,0,45,Renta,Posgrado
Rechazada,Rechazado,MALO,0,40845,PROPIEDAD ACTIVO FIJO,NO_CLIENTE,0,Alto,0.0,0,101,0,0,0,0,0,45,Renta,Posgrado
Rechazada,Rechazado,MALO,0,35479,PROPIEDAD ACTIVO FIJO,NO_CLIENTE,0,Alto,0.0,4,101,0,0,0,0,0,45,Familiares,Posgrado
Pendiente,Pre-Aprobado,MALO,1,48411,PROPIEDAD ACTIVO FIJO,NO_CLIENTE,0,Alto,0.0,0,110,0,0,0,0,0,45,Hipoteca,Preparatoria
Pendiente,Pre-Aprobado,MALO,1,45055,RECIBOS DE NOMINA,NO_CLIENTE,0,Alto,0.0,0,120,0,0,0,0,0,45,Familiares,Licenciatura
Pendiente,Pre-Aprobado,MALO,1,41725,RECIBOS DE NOMINA,NO_CLIENTE,0,Alto,0.0,2,124,0,0,0,0,0,45,Hipoteca,Licenciatura
Pendiente,Pre-Aprobado,MALO,1,33504,PROPIEDAD ACTIVO FIJO,NO_CLIENTE,0,Alto,0.0,2,124,0,0,0,0,0,45,Propia,Posgrado
Pendiente,Pre-Aprobado,MALO,1,45885,PROPIEDAD ACTIVO FIJO,NO_CLIENTE,0,Alto,0.0,1,124,0,0,0,0,0,45,Hipoteca,Posgrado
Pendiente,Pre-Aprobado,MALO,1,40499,RECIBOS DE NOMINA,NO_CLIENTE,0,Alto,0.0,0,132,0,0,0,0,0,45,Familiares,Preparatoria
Pendiente,Pre-Aprobado,MALO,1,36230,RECIBOS DE NOMINA,NO_CLIENTE,0,Alto,0.0,1,132,0,0,0,0,0,45,Familiares,Licenciatura
Aprobada,Aprobado,BUENO,41000,48099,PROPIEDAD ACTIVO FIJO,CLIENTE_BANCO,0,Mínimo,0.55,0,167,755,0,0,0,0,45,Propia,Preparatoria
Aprobada,Aprobado,REGULAR,9899,44885,PROPIEDAD ACTIVO FIJO,CLIENTE_BANCO,50000,Medio ,0.68,0,175,685,1,50100,3180,0,45,Hipoteca,Posgrado
Aprobada,Aprobado,BUENO,50000,42811,RECIBOS DE NOMINA,CLIENTE_BANCO,0,Bajo,1.17,1,178,703,0,0,0,0,45,Hipoteca,Licenciatura
Aprobada,Aprobado,BUENO,36000,32974,RECIBOS DE NOMINA,NO_CLIENTE,0,Bajo,0.93,1,188,727,0,0,0,0,45,Familiares,Licenciatura
Aprobada,Aprobado,BUENO,7000,45712,INVERSIONES,NO_CLIENTE,0,Bajo,0.93,0,197,727,0,0,0,0,45,Propia,Licenciatura
Aprobada,Aprobado,REGULAR,44000,41553,RECIBOS DE NOMINA,NO_CLIENTE,0,Mínimo,0.38,0,204,772,0,0,0,0,45,Hipoteca,Posgrado
Aprobada,Aprobado,REGULAR,9899,35657,PROPIEDAD ACTIVO FIJO,CLIENTE_BANCO,40000,Medio ,0.16,0,213,697,1,33868,1250,43942,45,Propia,Licenciatura
Aprobada,Aprobado,REGULAR,26000,47918,RECIBOS DE NOMINA,CLIENTE_BANCO,0,Mínimo,0.15,0,216,795,0,0,0,928,45,Renta,Licenciatura
Aprobada,Aprobado,BUENO,2999,45836,CTA NOMINA DIGITAL,CLIENTE_BANCO,0,Bajo,1.17,0,217,703,0,0,0,0,45,Familiares,Licenciatura
Aprobada,Aprobado,BUENO,9899,41935,PROPIEDAD ACTIVO FIJO,CLIENTE_BANCO,100000,Bajo,1.13,0,218,740,1,3491,1250,0,45,Hipoteca,Preparatoria
Aprobada,Aprobado,BUENO,39999,32850,PROPIEDAD ACTIVO FIJO,CLIENTE_BANCO,31500,Mínimo,0.57,0,218,757,1,5624,400,0,45,Renta,Licenciatura
Aprobada,Aprobado,BUENO,5999,46902,PROPIEDAD ACTIVO FIJO,CLIENTE_BANCO,7000,Bajo,0.92,0,224,708,0,0,0,0,45,Propia,Preparatoria
Aprobada,Aprobado,REGULAR,22900,40896,RECIBOS DE NOMINA,CLIENTE_BANCO,10200,Bajo,0.32,0,225,711,1,3664,250,0,45,Renta,Posgrado
Aprobada,Aprobado,REGULAR,9899,35523,PROPIEDAD ACTIVO FIJO,CLIENTE_BANCO,3000,Medio ,0.73,0,227,698,1,2442,250,0,45,Renta,Posgrado
Aprobada,Aprobado,REGULAR,30000,49166,RECIBOS DE NOMINA,CLIENTE_BANCO,0,Mínimo,0.29,0,229,791,0,0,0,60432,45,Hipoteca,Posgrado
Aprobada,Aprobado,BUENO,4999,45112,PAGOS PROV SEMESTRALES PF,NO_CLIENTE,0,Bajo,0.73,0,231,747,0,0,0,0,45,Familiares,Licenciatura
Aprobada,Aprobado,REGULAR,2999,41777,RECIBOS DE NOMINA,CLIENTE_BANCO,0,Mínimo,0.24,0,234,786,0,0,0,0,45,Familiares,Posgrado
Aprobada,Aprobado,BUENO,4999,33705,RECIBOS DE NOMINA,CLIENTE_BANCO,0,Bajo,0.83,0,239,717,0,0,0,0,45,Renta,Preparatoria
Aprobada,Aprobado,BUENO,49999,46821,PROPIEDAD ACTIVO FIJO,CLIENTE_BANCO,51000,Bajo,1.07,0,239,744,0,50051,0,0,45,Familiares,Posgrado
Aprobada,Aprobado,BUENO,9899,41131,PROPIEDAD ACTIVO FIJO,CLIENTE_BANCO,15000,Bajo,0.88,0,241,744,1,984,250,0,45,Propia,Licenciatura
Aprobada,Aprobado,REGULAR,40000,35763,RECIBOS DE NOMINA,CLIENTE_BANCO,200000,Bajo,0.28,0,242,740,1,83634,2500,0,45,Familiares,Licenciatura
Aprobada,Aprobado,REGULAR,39999,48848,PROPIEDAD ACTIVO FIJO,CLIENTE_BANCO,63500,Bajo,0.4,0,244,734,0,0,0,230,45,Familiares,Licenciatura
Aprobada,Aprobado,REGULAR,49999,45371,PROPIEDAD ACTIVO FIJO,CLIENTE_BANCO,0,Mínimo,0.33,0,247,787,0,0,0,0,45,Familiares,Posgrado
Aprobada,Aprobado,REGULAR,9899,42059,PROPIEDAD ACTIVO FIJO,CLIENTE_BANCO,9600,Mínimo,0.2,0,248,800,0,0,0,7069,45,Renta,Licenciatura
Aprobada,Aprobado,REGULAR,18400,33488,RECIBOS DE NOMINA,NO_CLIENTE,0,Mínimo,0.27,0,254,793,0,0,0,0,45,Renta,Licenciatura
Aprobada,Aprobado,REGULAR,1999,46426,RECIBOS DE NOMINA,CLIENTE_BANCO,0,Mínimo,0.37,0,262,773,0,0,0,0,45,Familiares,Preparatoria
Aprobada,Aprobado,BUENO,4999,41018,RECIBOS DE NOMINA,CLIENTE_BANCO,0,Bajo,0.56,0,267,744,0,0,0,0,45,Propia,Posgrado
Aprobada,Aprobado,BUENO,49999,36212,PROPIEDAD ACTIVO FIJO,NO_CLIENTE,0,Mínimo,0.46,0,269,764,0,0,0,0,45,Familiares,Posgrado
Rechazada,Rechazado,MALO,0,48666,PROPIEDAD ACTIVO FIJO,NO_CLIENTE,0,Alto,0.0,5,89,0,0,0,0,21739,46,Renta,Licenciatura
Rechazada,Rechazado,MALO,0,45677,RECIBOS DE NOMINA,NO_CLIENTE,0,Alto,0.0,4,89,0,0,0,0,0,46,Propia,Posgrado
Rechazada,Rechazado,MALO,0,42387,PROPIEDAD ACTIVO FIJO,NO_CLIENTE,0,Alto,0.0,5,89,0,0,0,0,0,46,Familiares,Licenciatura
Rechazada,Rechazado,MALO,0,33205,PROPIEDAD ACTIVO FIJO,NO_CLIENTE,0,Alto,0.0,5,89,0,0,0,0,0,46,Propia,Posgrado
Rechazada,Rechazado,MALO,0,46739,RECIBOS DE NOMINA,NO_CLIENTE,0,Alto,0.0,5,89,0,0,0,0,0,46,Hipoteca,Licenciatura
Rechazada,Rechazado,MALO,0,41337,RECIBOS DE NOMINA,NO_CLIENTE,0,Alto,0.0,4,89,0,0,0,0,0,46,Familiares,Posgrado
Rechazada,Rechazado,MALO,0,35906,RECIBOS DE NOMINA,NO_CLIENTE,0,Alto,0.0,4,89,0,0,0,0,11112,46,Familiares,Licenciatura
Rechazada,Rechazado,MALO,0,48995,PROPIEDAD ACTIVO FIJO,NO_CLIENTE,6100,Alto,0.0,5,89,0,0,192,0,0,46,Propia,Posgrado
Rechazada,Rechazado,MALO,0,47854,RECIBOS DE NOMINA,NO_CLIENTE,0,Alto,0.0,4,89,0,0,0,0,0,46,Familiares,Posgrado
Rechazada,Rechazado,MALO,0,42123,PROPIEDAD ACTIVO FIJO,NO_CLIENTE,0,Alto,0.0,4,90,0,0,0,0,0,46,Hipoteca,Preparatoria
Rechazada,Rechazado,MALO,0,36937,RECIBOS DE NOMINA,NO_CLIENTE,0,Alto,0.0,3,90,0,0,0,0,0,46,Propia,Licenciatura
Cancelada,Rechazado,MALO,0,50164,SIN COMPROBANTE,NO_CLIENTE,0,Alto,0.0,2,90,0,0,0,0,0,46,Hipoteca,Licenciatura
Rechazada,Rechazado,MALO,0,46464,RECIBOS DE NOMINA,NO_CLIENTE,0,Alto,0.0,1,90,0,0,4153,0,0,46,Hipoteca,Preparatoria
Rechazada,Rechazado,MALO,0,43440,PAGOS PROV SEMESTRALES PF,NO_CLIENTE,0,Alto,0.0,4,90,0,0,0,0,0,46,Hipoteca,Posgrado
Rechazada,Rechazado,MALO,0,34389,RECIBOS DE NOMINA,NO_CLIENTE,0,Alto,0.0,2,90,0,0,0,0,3552,46,Familiares,Preparatoria
Rechazada,Rechazado,MALO,0,47545,RECIBOS DE NOMINA,NO_CLIENTE,0,Alto,0.0,3,90,0,0,0,0,0,46,Hipoteca,Posgrado
Rechazada,Rechazado,MALO,0,42365,RECIBOS DE NOMINA,NO_CLIENTE,0,Alto,0.0,4,90,0,0,0,0,0,46,Renta,Preparatoria
Rechazada,Rechazado,MALO,0,37187,PROPIEDAD ACTIVO FIJO,NO_CLIENTE,0,Alto,0.0,3,91,0,1,399,250,0,46,Renta,Posgrado
Rechazada,Rechazado,MALO,0,49840,RECIBOS DE NOMINA,NO_CLIENTE,0,Alto,0.0,3,91,0,0,0,0,0,46,Hipoteca,Posgrado
Rechazada,Rechazado,MALO,0,46731,RECIBOS DE NOMINA,NO_CLIENTE,0,Alto,0.0,3,91,0,0,0,0,0,46,Propia,Licenciatura
Rechazada,Rechazado,MALO,0,43734,RECIBOS DE NOMINA,NO_CLIENTE,0,Alto,0.0,2,91,0,0,0,0,0,46,Hipoteca,Preparatoria
Rechazada,Rechazado,MALO,0,34167,PROPIEDAD ACTIVO FIJO,NO_CLIENTE,0,Alto,0.0,5,91,0,0,0,0,0,46,Renta,Licenciatura
Rechazada,Rechazado,MALO,0,47818,PROPIEDAD ACTIVO FIJO,NO_CLIENTE,0,Alto,0.0,5,91,0,0,0,0,0,46,Familiares,Posgrado
Rechazada,Rechazado,MALO,0,42652,RECIBOS DE NOMINA,NO_CLIENTE,0,Alto,0.0,5,91,0,0,0,0,0,46,Hipoteca,Licenciatura
Rechazada,Rechazado,MALO,0,36947,RECIBOS DE NOMINA,NO_CLIENTE,8000,Alto,0.0,5,91,0,7,14972,8450,0,46,Familiares,Posgrado
Rechazada,Rechazado,MALO,0,50126,RECIBOS DE NOMINA,NO_CLIENTE,0,Alto,0.0,5,91,0,0,0,0,0,46,Renta,Posgrado
Rechazada,Rechazado,MALO,0,47048,INVERSIONES,NO_CLIENTE,0,Alto,0.0,4,91,0,0,0,0,0,46,Familiares,Preparatoria
Rechazada,Rechazado,MALO,0,43452,PROPIEDAD ACTIVO FIJO,NO_CLIENTE,0,Alto,0.0,2,92,0,1,25897,1790,86113,46,Propia,Licenciatura
Rechazada,Rechazado,MALO,0,34363,RECIBOS DE NOMINA,NO_CLIENTE,0,Alto,0.0,3,92,0,0,0,0,0,46,Propia,Preparatoria
Rechazada,Rechazado,MALO,0,48142,RECIBOS DE NOMINA,NO_CLIENTE,0,Alto,0.0,3,92,0,0,0,0,0,46,Propia,Preparatoria
Rechazada,Rechazado,MALO,0,42376,PROPIEDAD ACTIVO FIJO,NO_CLIENTE,0,Alto,0.0,5,92,0,0,0,0,0,46,Hipoteca,Posgrado
Rechazada,Rechazado,MALO,0,37159,PROPIEDAD ACTIVO FIJO,NO_CLIENTE,0,Alto,0.0,4,92,0,0,0,0,0,46,Renta,Posgrado
Rechazada,Rechazado,MALO,0,50465,RECIBOS DE NOMINA,NO_CLIENTE,0,Alto,0.0,2,92,0,0,0,0,0,46,Familiares,Licenciatura
Rechazada,Rechazado,MALO,0,46744,RECIBOS DE NOMINA,NO_CLIENTE,0,Alto,0.0,3,92,0,0,0,0,0,46,Renta,Licenciatura
Rechazada,Rechazado,MALO,0,43701,PROPIEDAD ACTIVO FIJO,NO_CLIENTE,0,Alto,0.0,5,93,0,0,0,0,0,46,Familiares,Preparatoria
Rechazada,Rechazado,MALO,0,34596,RECIBOS DE NOMINA,NO_CLIENTE,0,Alto,0.0,5,93,0,0,518,0,0,46,Renta,Licenciatura
Rechazada,Rechazado,MALO,0,48286,RECIBOS DE NOMINA,NO_CLIENTE,0,Alto,0.0,2,93,0,0,0,0,0,46,Propia,Posgrado
Rechazada,Rechazado,MALO,0,42418,PROPIEDAD ACTIVO FIJO,NO_CLIENTE,0,Alto,0.0,3,94,0,0,347,0,0,46,Familiares,Preparatoria
Rechazada,Rechazado,MALO,0,37410,RECIBOS DE NOMINA,NO_CLIENTE,0,Alto,0.0,4,94,0,0,0,0,0,46,Renta,Licenciatura
Rechazada,Rechazado,MALO,0,50858,RECIBOS DE NOMINA,NO_CLIENTE,0,Alto,0.0,4,94,0,0,0,0,0,46,Renta,Preparatoria
Rechazada,Rechazado,MALO,0,46349,PROPIEDAD ACTIVO FIJO,NO_CLIENTE,0,Alto,0.0,2,94,0,0,0,0,0,46,Hipoteca,Licenciatura
Rechazada,Rechazado,MALO,0,43996,PROPIEDAD ACTIVO FIJO,NO_CLIENTE,0,Alto,0.0,5,94,0,0,0,0,0,46,Renta,Licenciatura
Rechazada,Rechazado,MALO,0,34865,RECIBOS DE NOMINA,NO_CLIENTE,0,Alto,0.0,1,95,0,0,0,0,0,46,Hipoteca,Preparatoria
Rechazada,Rechazado,MALO,0,47427,RECIBOS DE NOMINA,NO_CLIENTE,0,Alto,0.0,2,95,0,0,0,0,0,46,Propia,Secundaria
Rechazada,Rechazado,MALO,0,42907,RECIBOS DE NOMINA,NO_CLIENTE,0,Alto,0.0,1,95,0,0,0,0,0,46,Renta,Posgrado
Rechazada,Rechazado,MALO,0,37702,RECIBOS DE NOMINA,NO_CLIENTE,0,Alto,0.0,5,95,0,0,0,0,0,46,Familiares,Posgrado
Rechazada,Rechazado,MALO,0,49716,RECIBOS DE NOMINA,NO_CLIENTE,0,Alto,0.0,4,95,0,0,0,0,0,46,Hipoteca,Posgrado
Rechazada,Rechazado,MALO,0,47329,PROPIEDAD ACTIVO FIJO,NO_CLIENTE,0,Alto,0.0,3,96,0,1,6286,250,0,46,Renta,Preparatoria
Rechazada,Rechazado,MALO,0,44339,PROPIEDAD ACTIVO FIJO,NO_CLIENTE,0,Alto,0.0,3,96,0,0,0,0,0,46,Renta,Licenciatura
Rechazada,Rechazado,MALO,0,34082,RECIBOS DE NOMINA,NO_CLIENTE,0,Alto,0.0,2,96,0,0,0,0,0,46,Familiares,Preparatoria
Rechazada,Rechazado,MALO,0,48430,INVERSIONES,NO_CLIENTE,0,Alto,0.0,4,96,0,0,0,0,50373,46,Renta,Posgrado
Rechazada,Rechazado,MALO,0,43242,RECIBOS DE NOMINA,NO_CLIENTE,0,Alto,0.0,4,96,0,0,0,0,0,46,Renta,Posgrado
Rechazada,Rechazado,MALO,0,37206,PAGOS PROV SEMESTRALES PF,NO_CLIENTE,0,Alto,0.0,2,97,0,0,0,0,0,46,Familiares,Licenciatura
Rechazada,Rechazado,MALO,0,50528,RECIBOS DE NOMINA,NO_CLIENTE,0,Alto,0.0,4,97,0,0,0,0,0,46,Hipoteca,Licenciatura
Rechazada,Rechazado,MALO,0,47473,RECIBOS DE NOMINA,NO_CLIENTE,0,Alto,0.0,3,97,0,0,0,0,0,46,Familiares,Posgrado
Rechazada,Rechazado,MALO,0,43757,RECIBOS DE NOMINA,NO_CLIENTE,14000,Alto,0.0,5,97,0,0,0,0,0,46,Hipoteca,Licenciatura
Rechazada,Rechazado,MALO,0,34639,SIN COMPROBANTE,NO_CLIENTE,0,Alto,0.0,2,98,0,0,0,0,0,46,Hipoteca,Licenciatura
Cancelada,Rechazado,MALO,0,48576,RECIBOS DE NOMINA,NO_CLIENTE,0,Alto,0.0,2,98,0,0,0,0,0,46,Renta,Preparatoria
Rechazada,Rechazado,MALO,0,42673,INVERSIONES,NO_CLIENTE,0,Alto,0.0,1,98,0,0,0,0,0,46,Renta,Posgrado
Rechazada,Rechazado,MALO,0,37457,RECIBOS DE NOMINA,NO_CLIENTE,0,Alto,0.0,3,98,0,0,0,0,0,46,Propia,Secundaria
Rechazada,Rechazado,MALO,0,50921,PROPIEDAD ACTIVO FIJO,NO_CLIENTE,0,Alto,0.0,4,98,0,1,3399,350,0,46,Renta,Preparatoria
Rechazada,Rechazado,MALO,0,47295,RECIBOS DE NOMINA,NO_CLIENTE,0,Alto,0.0,4,98,0,0,0,0,0,46,Hipoteca,Preparatoria
Rechazada,Rechazado,MALO,0,44262,RECIBOS DE NOMINA,NO_CLIENTE,0,Alto,0.0,3,98,0,0,0,0,29727,46,Familiares,Licenciatura
Rechazada,Rechazado,MALO,0,34579,RECIBOS DE NOMINA,NO_CLIENTE,0,Alto,0.0,5,98,0,0,0,0,0,46,Familiares,Licenciatura
Rechazada,Rechazado,MALO,0,48395,PROPIEDAD ACTIVO FIJO,NO_CLIENTE,0,Alto,0.0,3,99,0,1,3014,250,0,46,Familiares,Preparatoria
Rechazada,Rechazado,MALO,0,43166,RECIBOS DE NOMINA,NO_CLIENTE,0,Alto,0.0,4,99,0,0,0,0,0,46,Hipoteca,Licenciatura
Rechazada,Rechazado,MALO,0,37393,RECIBOS DE NOMINA,NO_CLIENTE,0,Alto,0.0,3,99,0,0,0,0,0,46,Propia,Secundaria
Rechazada,Rechazado,MALO,0,50730,PROPIEDAD ACTIVO FIJO,NO_CLIENTE,0,Alto,0.0,5,99,0,0,0,0,0,46,Hipoteca,Preparatoria
Rechazada,Rechazado,MALO,0,47615,PROPIEDAD ACTIVO FIJO,NO_CLIENTE,0,Alto,0.0,4,99,0,0,0,0,0,46,Renta,Preparatoria
Rechazada,Rechazado,MALO,0,43976,PROPIEDAD ACTIVO FIJO,NO_CLIENTE,0,Alto,0.0,4,100,0,0,0,0,0,46,Hipoteca,Secundaria
Rechazada,Rechazado,MALO,0,34778,RECIBOS DE NOMINA,NO_CLIENTE,0,Alto,0.0,4,100,0,0,0,0,0,46,Renta,Preparatoria
Rechazada,Rechazado,MALO,0,48722,RECIBOS DE NOMINA,NO_CLIENTE,0,Alto,0.0,3,100,0,0,0,0,0,46,Renta,Preparatoria
Rechazada,Rechazado,MALO,0,42887,RECIBOS DE NOMINA,NO_CLIENTE,0,Alto,0.0,1,100,0,0,0,0,0,46,Propia,Posgrado
Rechazada,Rechazado,MALO,0,37607,RECIBOS DE NOMINA,CLIENTE_BANCO,2999,Alto,0.0,4,100,0,0,2340,0,0,46,Familiares,Preparatoria
Rechazada,Rechazado,MALO,0,51074,RECIBOS DE NOMINA,NO_CLIENTE,0,Alto,0.0,0,101,0,0,0,0,0,46,Hipoteca,Preparatoria
Rechazada,Rechazado,MALO,0,47307,RECIBOS DE NOMINA,NO_CLIENTE,0,Alto,0.0,0,101,0,0,0,0,0,46,Renta,Posgrado
Rechazada,Rechazado,MALO,0,44228,PROPIEDAD ACTIVO FIJO,NO_CLIENTE,0,Alto,0.0,2,101,0,0,0,0,0,46,Renta,Preparatoria
Rechazada,Rechazado,MALO,0,35347,PROPIEDAD ACTIVO FIJO,NO_CLIENTE,0,Alto,0.0,3,101,0,0,0,0,0,46,Hipoteca,Licenciatura
Pendiente,Pre-Aprobado,MALO,1,48179,RECIBOS DE NOMINA,NO_CLIENTE,0,Alto,0.0,2,120,0,0,0,0,0,46,Propia,Licenciatura
Pendiente,Pre-Aprobado,MALO,1,42929,RECIBOS DE NOMINA,NO_CLIENTE,0,Alto,0.0,0,121,0,0,0,0,0,46,Renta,Posgrado
Pendiente,Pre-Aprobado,MALO,1,38223,INVERSIONES,NO_CLIENTE,0,Alto,0.0,1,134,0,8,8433,8433,0,46,Familiares,Preparatoria
Pendiente,Pre-Aprobado,MALO,1,50504,PROPIEDAD ACTIVO FIJO,NO_CLIENTE,0,Alto,0.0,3,153,0,0,0,0,0,46,Familiares,Secundaria
Aprobada,Aprobado,BUENO,23900,47578,RECIBOS DE NOMINA,NO_CLIENTE,0,Bajo,0.9,0,182,720,0,0,0,0,46,Familiares,Licenciatura
Aprobada,Aprobado,REGULAR,7200,45166,RECIBOS DE NOMINA,NO_CLIENTE,0,Mínimo,0.29,0,188,791,0,0,0,0,46,Hipoteca,Posgrado
Aprobada,Aprobado,BUENO,6000,34623,RECIBOS DE NOMINA,NO_CLIENTE,0,Mínimo,0.43,0,192,767,0,0,0,0,46,Renta,Licenciatura
Aprobada,Aprobado,REGULAR,13200,48455,RECIBOS DE NOMINA,CLIENTE_BANCO,0,Mínimo,0.4,0,193,770,0,0,0,0,46,Hipoteca,Preparatoria
Aprobada,Aprobado,REGULAR,6000,43839,RECIBOS DE NOMINA,NO_CLIENTE,0,Mínimo,0.26,0,193,794,0,0,0,0,46,Renta,Preparatoria
Aprobada,Aprobado,BUENO,19200,37440,RECIBOS DE NOMINA,NO_CLIENTE,0,Mínimo,0.43,0,208,777,0,0,0,0,46,Renta,Licenciatura
Aprobada,Aprobado,REGULAR,9899,50793,PROPIEDAD ACTIVO FIJO,CLIENTE_BANCO,9999,Medio ,0.38,0,211,686,1,2865,250,0,46,Renta,Licenciatura
Aprobada,Aprobado,BUENO,34999,48357,RECIBOS DE NOMINA,CLIENTE_BANCO,5004,Bajo,0.41,0,212,723,1,1668,250,0,46,Propia,Licenciatura
Aprobada,Aprobado,REGULAR,49999,44031,RECIBOS DE NOMINA,CLIENTE_BANCO,15000,Bajo,0.25,0,214,750,0,0,0,0,46,Hipoteca,Licenciatura
Aprobada,Aprobado,REGULAR,9899,34821,PROPIEDAD ACTIVO FIJO,CLIENTE_BANCO,8000,Medio ,0.3,0,216,698,0,6871,0,0,46,Familiares,Licenciatura
Aprobada,Aprobado,BUENO,49999,49482,PROPIEDAD ACTIVO FIJO,CLIENTE_BANCO,97500,Bajo,0.87,0,216,723,1,33887,1220,0,46,Familiares,Secundaria
Aprobada,Aprobado,BUENO,56000,42941,RECIBOS DE NOMINA,CLIENTE_BANCO,10004,Bajo,0.83,0,221,723,1,4963,250,72908,46,Renta,Licenciatura
Aprobada,Aprobado,BUENO,30000,37654,RECIBOS DE NOMINA,NO_CLIENTE,0,Mínimo,0.45,0,221,765,0,0,0,0,46,Familiares,Preparatoria
Aprobada,Aprobado,BUENO,39999,51870,PROPIEDAD ACTIVO FIJO,CLIENTE_BANCO,64000,Bajo,0.8,0,222,740,0,1953,0,0,46,Propia,Posgrado
Aprobada,Aprobado,REGULAR,14900,47367,PAGOS PROV SEMESTRALES PF,NO_CLIENTE,0,Mínimo,0.28,0,224,792,0,0,0,0,46,Hipoteca,Preparatoria
Aprobada,Aprobado,BUENO,50000,44283,RECIBOS DE NOMINA,CLIENTE_BANCO,15000,Mínimo,1.15,0,226,757,0,11784,0,0,46,Hipoteca,Licenciatura
Aprobada,Aprobado,REGULAR,49999,35559,PROPIEDAD ACTIVO FIJO,CLIENTE_BANCO,214000,Bajo,0.39,0,227,733,1,43266,2680,0,46,Hipoteca,Posgrado
Aprobada,Aprobado,BUENO,198000,49162,RECIBOS DE NOMINA,CLIENTE_BANCO,233000,Bajo,0.54,0,227,741,1,27853,2920,0,46,Propia,Posgrado
Aprobada,Aprobado,REGULAR,5999,43599,PAGOS PROV SEMESTRALES PF,CLIENTE_BANCO,15000,Bajo,0.78,0,232,700,0,0,0,0,46,Renta,Licenciatura
Aprobada,Aprobado,BUENO,66000,37730,RECIBOS DE NOMINA,CLIENTE_BANCO,113000,Bajo,0.71,0,232,733,1,17239,990,40750,46,Familiares,Preparatoria
Aprobada,Aprobado,BUENO,5000,51291,RECIBOS DE NOMINA,NO_CLIENTE,0,Bajo,0.75,0,235,725,0,0,0,0,46,Familiares,Licenciatura
Aprobada,Aprobado,BUENO,9899,48093,PROPIEDAD ACTIVO FIJO,NO_CLIENTE,0,Bajo,0.87,0,236,713,0,0,0,0,46,Propia,Licenciatura
Aprobada,Aprobado,BUENO,29000,44373,RECIBOS DE NOMINA,NO_CLIENTE,0,Bajo,0.95,0,236,715,0,0,0,0,46,Hipoteca,Posgrado
Aprobada,Aprobado,REGULAR,35000,35162,RECIBOS DE NOMINA,CLIENTE_BANCO,6500,Mínimo,0.35,0,237,767,1,1670,250,0,46,Familiares,Preparatoria
Aprobada,Aprobado,REGULAR,49999,49211,PROPIEDAD ACTIVO FIJO,CLIENTE_BANCO,103000,Mínimo,0.29,0,242,781,0,0,0,0,46,Familiares,Licenciatura
Aprobada,Aprobado,BUENO,49999,43274,PROPIEDAD ACTIVO FIJO,CLIENTE_BANCO,59999,Bajo,0.62,0,243,717,1,9093,9093,0,46,Propia,Preparatoria
Aprobada,Aprobado,BUENO,49999,38023,PROPIEDAD ACTIVO FIJO,CLIENTE_BANCO,59500,Bajo,0.49,0,244,750,1,483,483,0,46,Renta,Licenciatura
Aprobada,Aprobado,BUENO,58000,51586,RECIBOS DE NOMINA,NO_CLIENTE,0,Mínimo,0.48,0,245,762,0,0,0,0,46,Hipoteca,Posgrado
Aprobada,Aprobado,REGULAR,71000,48189,RECIBOS DE NOMINA,CLIENTE_BANCO,129000,Bajo,0.28,0,247,744,1,1673,340,5731,46,Renta,Preparatoria
Aprobada,Aprobado,BUENO,4999,44506,RECIBOS DE NOMINA,CLIENTE_BANCO,0,Mínimo,0.5,0,248,760,0,0,0,0,46,Familiares,Posgrado
Aprobada,Aprobado,REGULAR,143000,35197,RECIBOS DE NOMINA,CLIENTE_BANCO,75000,Alto,1.18,0,253,603,3,7775,940,0,46,Familiares,Licenciatura
Aprobada,Aprobado,REGULAR,63000,49310,RECIBOS DE NOMINA,CLIENTE_BANCO,75000,Mínimo,0.38,0,256,756,1,0,0,0,46,Hipoteca,Licenciatura
Aprobada,Aprobado,BUENO,49999,43404,PROPIEDAD ACTIVO FIJO,CLIENTE_BANCO,9600,Bajo,0.85,0,260,744,0,689,0,0,46,Hipoteca,Licenciatura
Aprobada,Aprobado,BUENO,45000,38061,RECIBOS DE NOMINA,CLIENTE_BANCO,0,Bajo,1.04,0,277,716,0,0,0,0,46,Hipoteca,Posgrado
Rechazada,Rechazado,MALO,0,51690,PAGOS PROV SEMESTRALES PF,NO_CLIENTE,0,Alto,0.0,5,89,0,0,0,0,0,47,Hipoteca,Posgrado
Rechazada,Rechazado,MALO,0,50725,PROPIEDAD ACTIVO FIJO,NO_CLIENTE,0,Alto,0.0,4,89,0,0,0,0,0,47,Familiares,Posgrado
Rechazada,Rechazado,MALO,0,44439,RECIBOS DE NOMINA,NO_CLIENTE,0,Alto,0.0,5,89,0,0,0,0,0,47,Renta,Posgrado
Rechazada,Rechazado,MALO,0,38784,PROPIEDAD ACTIVO FIJO,NO_CLIENTE,0,Alto,0.0,4,89,0,0,0,0,0,47,Propia,Preparatoria
Rechazada,Rechazado,MALO,0,53174,PROPIEDAD ACTIVO FIJO,NO_CLIENTE,0,Alto,0.0,5,89,0,0,0,0,18788,47,Propia,Preparatoria
Rechazada,Rechazado,MALO,0,49020,RECIBOS DE NOMINA,NO_CLIENTE,0,Alto,0.0,4,89,0,0,0,0,14239,47,Propia,Preparatoria
Rechazada,Rechazado,MALO,0,45612,RECIBOS DE NOMINA,NO_CLIENTE,0,Alto,0.0,2,90,0,0,0,0,0,47,Renta,Licenciatura
Rechazada,Rechazado,MALO,0,36453,RECIBOS DE NOMINA,NO_CLIENTE,0,Alto,0.0,3,90,0,0,0,0,0,47,Hipoteca,Posgrado
Rechazada,Rechazado,MALO,0,50160,PROPIEDAD ACTIVO FIJO,NO_CLIENTE,0,Alto,0.0,2,90,0,0,0,0,0,47,Renta,Preparatoria
Rechazada,Rechazado,MALO,0,44483,PROPIEDAD ACTIVO FIJO,NO_CLIENTE,0,Alto,0.0,1,90,0,0,0,0,0,47,Propia,Licenciatura
Rechazada,Rechazado,MALO,0,39419,RECIBOS DE NOMINA,NO_CLIENTE,0,Alto,0.0,2,90,0,0,0,0,31066,47,Familiares,Licenciatura
Rechazada,Rechazado,MALO,0,52581,RECIBOS DE NOMINA,NO_CLIENTE,0,Alto,0.0,4,90,0,0,0,0,0,47,Hipoteca,Posgrado
Rechazada,Rechazado,MALO,0,49068,RECIBOS DE NOMINA,NO_CLIENTE,0,Alto,0.0,5,91,0,0,0,0,0,47,Propia,Secundaria
Rechazada,Rechazado,MALO,0,46358,PROPIEDAD ACTIVO FIJO,NO_CLIENTE,0,Alto,0.0,5,91,0,0,0,0,0,47,Hipoteca,Licenciatura
Rechazada,Rechazado,MALO,0,36046,RECIBOS DE NOMINA,NO_CLIENTE,0,Alto,0.0,1,91,0,0,0,0,0,47,Renta,Preparatoria
Rechazada,Rechazado,MALO,0,50209,PROPIEDAD ACTIVO FIJO,NO_CLIENTE,11300,Alto,0.0,3,91,0,0,6962,0,0,47,Propia,Preparatoria
Rechazada,Rechazado,MALO,0,45211,RECIBOS DE NOMINA,NO_CLIENTE,0,Alto,0.0,4,91,0,0,0,0,0,47,Propia,Posgrado
Rechazada,Rechazado,MALO,0,38979,PROPIEDAD ACTIVO FIJO,NO_CLIENTE,205700,Alto,0.0,3,91,0,1,53149,4310,0,47,Propia,Posgrado
Cancelada,Rechazado,MALO,0,52632,PROPIEDAD ACTIVO FIJO,NO_CLIENTE,0,Alto,0.0,1,92,0,0,0,0,0,47,Renta,Licenciatura
Rechazada,Rechazado,MALO,0,49871,RECIBOS DE NOMINA,NO_CLIENTE,0,Alto,0.0,4,92,0,0,0,0,0,47,Propia,Licenciatura
Rechazada,Rechazado,MALO,0,45842,PROPIEDAD ACTIVO FIJO,NO_CLIENTE,5000,Alto,0.0,4,92,0,0,4663,0,0,47,Propia,Preparatoria
Rechazada,Rechazado,MALO,0,36082,PROPIEDAD ACTIVO FIJO,NO_CLIENTE,0,Alto,0.0,4,92,0,0,0,0,0,47,Hipoteca,Preparatoria
Rechazada,Rechazado,MALO,0,51030,RECIBOS DE NOMINA,NO_CLIENTE,0,Alto,0.0,4,92,0,0,0,0,0,47,Renta,Licenciatura
Rechazada,Rechazado,MALO,0,44707,PROPIEDAD ACTIVO FIJO,NO_CLIENTE,0,Alto,0.0,4,92,0,0,0,0,0,47,Familiares,Licenciatura
Rechazada,Rechazado,MALO,0,39017,RECIBOS DE NOMINA,NO_CLIENTE,0,Alto,0.0,5,92,0,0,0,0,0,47,Renta,Preparatoria
Rechazada,Rechazado,MALO,0,53493,PROPIEDAD ACTIVO FIJO,NO_CLIENTE,0,Alto,0.0,2,92,0,0,0,0,0,47,Hipoteca,Licenciatura
Rechazada,Rechazado,MALO,0,49315,PROPIEDAD ACTIVO FIJO,NO_CLIENTE,50000,Alto,0.0,3,92,0,1,34809,1880,45911,47,Propia,Preparatoria
Rechazada,Rechazado,MALO,0,45886,RECIBOS DE NOMINA,NO_CLIENTE,0,Alto,0.0,3,93,0,0,0,0,0,47,Renta,Posgrado
Rechazada,Rechazado,MALO,0,36672,PROPIEDAD ACTIVO FIJO,NO_CLIENTE,0,Alto,0.0,2,93,0,0,0,0,0,47,Renta,Licenciatura
Rechazada,Rechazado,MALO,0,50942,RECIBOS DE NOMINA,NO_CLIENTE,0,Alto,0.0,5,93,0,0,0,0,0,47,Renta,Preparatoria
Rechazada,Rechazado,MALO,0,44539,RECIBOS DE NOMINA,NO_CLIENTE,0,Alto,0.0,4,93,0,0,0,0,0,47,Hipoteca,Licenciatura
Rechazada,Rechazado,MALO,0,39655,RECIBOS DE NOMINA,NO_CLIENTE,0,Alto,0.0,1,93,0,0,0,0,0,47,Renta,Preparatoria
Rechazada,Rechazado,MALO,0,53655,RECIBOS DE NOMINA,NO_CLIENTE,0,Alto,0.0,3,93,0,0,0,0,0,47,Propia,Preparatoria
Rechazada,Rechazado,MALO,0,48666,RECIBOS DE NOMINA,NO_CLIENTE,0,Alto,0.0,4,93,0,0,0,0,0,47,Familiares,Licenciatura
Rechazada,Rechazado,MALO,0,46636,RECIBOS DE NOMINA,NO_CLIENTE,0,Alto,0.0,2,93,0,0,0,0,0,47,Familiares,Preparatoria
Rechazada,Rechazado,MALO,0,36783,RECIBOS DE NOMINA,NO_CLIENTE,0,Alto,0.0,5,93,0,0,0,0,0,47,Hipoteca,Licenciatura
Rechazada,Rechazado,MALO,0,49798,RECIBOS DE NOMINA,NO_CLIENTE,0,Alto,0.0,3,94,0,0,0,0,0,47,Familiares,Licenciatura
Rechazada,Rechazado,MALO,0,45481,SIN COMPROBANTE,NO_CLIENTE,0,Alto,0.0,2,94,0,0,0,0,0,47,Renta,Posgrado
Rechazada,Rechazado,MALO,0,39775,RECIBOS DE NOMINA,NO_CLIENTE,0,Alto,0.0,3,94,0,0,0,0,0,47,Hipoteca,Licenciatura
Rechazada,Rechazado,MALO,0,52202,PROPIEDAD ACTIVO FIJO,NO_CLIENTE,0,Alto,0.0,2,94,0,0,0,0,0,47,Hipoteca,Licenciatura
Rechazada,Rechazado,MALO,0,50169,RECIBOS DE NOMINA,NO_CLIENTE,0,Alto,0.0,3,94,0,0,0,0,0,47,Familiares,Licenciatura
Rechazada,Rechazado,MALO,0,46778,RECIBOS DE NOMINA,NO_CLIENTE,0,Alto,0.0,3,94,0,0,0,0,0,47,Hipoteca,Licenciatura
Rechazada,Rechazado,MALO,0,35786,PROPIEDAD ACTIVO FIJO,NO_CLIENTE,10400,Alto,0.0,2,94,0,1,2488,250,0,47,Familiares,Posgrado
Rechazada,Rechazado,MALO,0,51336,RECIBOS DE NOMINA,NO_CLIENTE,0,Alto,0.0,3,94,0,0,0,0,0,47,Familiares,Secundaria
Rechazada,Rechazado,MALO,0,45620,RECIBOS DE NOMINA,NO_CLIENTE,0,Alto,0.0,2,94,0,8,4076,4076,0,47,Propia,Posgrado
Rechazada,Rechazado,MALO,0,39067,RECIBOS DE NOMINA,NO_CLIENTE,0,Alto,0.0,4,94,0,0,0,0,0,47,Propia,Posgrado
Rechazada,Rechazado,MALO,0,53560,RECIBOS DE NOMINA,NO_CLIENTE,0,Alto,0.0,5,94,0,0,0,0,8167,47,Familiares,Posgrado
Rechazada,Rechazado,MALO,0,50084,PROPIEDAD ACTIVO FIJO,NO_CLIENTE,0,Alto,0.0,2,95,0,1,32621,2170,0,47,Renta,Posgrado
Rechazada,Rechazado,MALO,0,45944,PROPIEDAD ACTIVO FIJO,NO_CLIENTE,0,Alto,0.0,2,95,0,0,0,0,0,47,Propia,Licenciatura
Rechazada,Rechazado,MALO,0,36717,RECIBOS DE NOMINA,NO_CLIENTE,0,Alto,0.0,3,95,0,0,0,0,0,47,Propia,Posgrado
Rechazada,Rechazado,MALO,0,51248,PROPIEDAD ACTIVO FIJO,NO_CLIENTE,0,Alto,0.0,3,95,0,0,0,0,0,47,Familiares,Posgrado
Rechazada,Rechazado,MALO,0,44807,RECIBOS DE NOMINA,NO_CLIENTE,0,Alto,0.0,4,95,0,0,0,0,0,47,Hipoteca,Licenciatura
Rechazada,Rechazado,MALO,0,39705,PROPIEDAD ACTIVO FIJO,NO_CLIENTE,7000,Alto,0.0,4,95,0,1,5627,420,0,47,Propia,Preparatoria
Rechazada,Rechazado,MALO,0,53722,PROPIEDAD ACTIVO FIJO,NO_CLIENTE,0,Alto,0.0,5,95,0,0,0,0,0,47,Familiares,Licenciatura
Rechazada,Rechazado,MALO,0,49660,PROPIEDAD ACTIVO FIJO,NO_CLIENTE,0,Alto,0.0,3,96,0,0,0,0,0,47,Renta,Preparatoria
Rechazada,Rechazado,MALO,0,46917,PROPIEDAD ACTIVO FIJO,NO_CLIENTE,0,Alto,0.0,2,96,0,0,5469,0,85550,47,Familiares,Licenciatura
Rechazada,Rechazado,MALO,0,36481,RECIBOS DE NOMINA,NO_CLIENTE,0,Alto,0.0,5,96,0,0,0,0,0,47,Familiares,Licenciatura
Rechazada,Rechazado,MALO,0,50814,PROPIEDAD ACTIVO FIJO,CLIENTE_BANCO,0,Alto,0.0,5,96,0,1,4546,570,0,47,Familiares,Posgrado
Rechazada,Rechazado,MALO,0,45756,RECIBOS DE NOMINA,NO_CLIENTE,0,Alto,0.0,3,97,0,0,0,0,0,47,Propia,Preparatoria
Rechazada,Rechazado,MALO,0,39449,PROPIEDAD ACTIVO FIJO,NO_CLIENTE,0,Alto,0.0,2,97,0,0,0,0,0,47,Renta,Preparatoria
Rechazada,Rechazado,MALO,0,53267,RECIBOS DE NOMINA,NO_CLIENTE,0,Alto,0.0,2,97,0,0,0,0,0,47,Hipoteca,Posgrado
Rechazada,Rechazado,MALO,0,50472,RECIBOS DE NOMINA,NO_CLIENTE,0,Alto,0.0,3,97,0,0,0,0,0,47,Propia,Posgrado
Rechazada,Rechazado,MALO,0,46394,RECIBOS DE NOMINA,NO_CLIENTE,0,Alto,0.0,3,97,0,0,0,0,0,47,Hipoteca,Licenciatura
Rechazada,Rechazado,MALO,0,36517,PROPIEDAD ACTIVO FIJO,NO_CLIENTE,75500,Alto,0.0,4,97,0,0,6511,0,110394,47,Renta,Posgrado
Rechazada,Rechazado,MALO,0,51646,RECIBOS DE NOMINA,NO_CLIENTE,0,Alto,0.0,5,97,0,0,0,0,0,47,Hipoteca,Posgrado
Rechazada,Rechazado,MALO,0,45246,RECIBOS DE NOMINA,NO_CLIENTE,0,Alto,0.0,3,98,0,0,0,0,0,47,Familiares,Licenciatura
Rechazada,Rechazado,MALO,0,39488,RECIBOS DE NOMINA,NO_CLIENTE,0,Alto,0.0,5,98,0,0,0,0,0,47,Propia,Preparatoria
Rechazada,Rechazado,MALO,0,54138,RECIBOS DE NOMINA,NO_CLIENTE,0,Alto,0.0,4,99,0,0,0,0,0,47,Familiares,Posgrado
Rechazada,Rechazado,MALO,0,49909,RECIBOS DE NOMINA,NO_CLIENTE,0,Alto,0.0,2,99,0,0,0,0,0,47,Familiares,Posgrado
Rechazada,Rechazado,MALO,0,46440,PROPIEDAD ACTIVO FIJO,NO_CLIENTE,0,Alto,0.0,4,99,0,0,0,0,0,47,Familiares,Licenciatura
Rechazada,Rechazado,MALO,0,37468,PROPIEDAD ACTIVO FIJO,NO_CLIENTE,0,Alto,0.0,4,99,0,0,0,0,0,47,Renta,Posgrado
Rechazada,Rechazado,MALO,0,50829,RECIBOS DE NOMINA,NO_CLIENTE,0,Alto,0.0,3,99,0,0,0,0,0,47,Propia,Secundaria
Rechazada,Rechazado,MALO,0,45075,RECIBOS DE NOMINA,NO_CLIENTE,0,Alto,0.0,4,99,0,0,0,0,14355,47,Propia,Posgrado
Rechazada,Rechazado,MALO,0,40516,RECIBOS DE NOMINA,NO_CLIENTE,0,Alto,0.0,1,100,0,0,0,0,0,47,Renta,Licenciatura
Rechazada,Rechazado,MALO,0,53282,RECIBOS DE NOMINA,NO_CLIENTE,0,Alto,0.0,2,100,0,0,0,0,0,47,Propia,Posgrado
Rechazada,Rechazado,MALO,0,49957,PROPIEDAD ACTIVO FIJO,NO_CLIENTE,0,Alto,0.0,1,100,0,1,1586,250,0,47,Familiares,Licenciatura
Rechazada,Rechazado,MALO,0,47876,RECIBOS DE NOMINA,NO_CLIENTE,0,Alto,0.0,1,100,0,0,0,0,5375,47,Propia,Licenciatura
Rechazada,Rechazado,MALO,0,36527,RECIBOS DE NOMINA,NO_CLIENTE,0,Alto,0.0,1,100,0,0,0,0,106441,47,Familiares,Posgrado
Rechazada,Rechazado,MALO,0,50877,PROPIEDAD ACTIVO FIJO,NO_CLIENTE,0,Alto,0.0,3,101,0,0,2034,0,0,47,Hipoteca,Preparatoria
Rechazada,Rechazado,MALO,0,46469,RECIBOS DE NOMINA,NO_CLIENTE,0,Alto,0.0,3,101,0,0,0,0,0,47,Renta,Preparatoria
Rechazada,Rechazado,MALO,0,39499,RECIBOS DE NOMINA,NO_CLIENTE,0,Alto,0.0,0,101,0,0,0,0,0,47,Renta,Posgrado
Rechazada,Rechazado,MALO,0,53333,PROPIEDAD ACTIVO FIJO,NO_CLIENTE,58300,Alto,0.0,0,101,0,1,38521,2000,0,47,Familiares,Licenciatura
Rechazada,Rechazado,MALO,0,51259,RECIBOS DE NOMINA,NO_CLIENTE,0,Alto,0.0,2,101,0,0,0,0,0,47,Propia,Licenciatura
Rechazada,Rechazado,MALO,0,46453,PROPIEDAD ACTIVO FIJO,NO_CLIENTE,0,Alto,0.0,1,101,0,0,0,0,0,47,Familiares,Posgrado
Pendiente,Pre-Aprobado,MALO,1,36562,PROPIEDAD ACTIVO FIJO,NO_CLIENTE,0,Alto,0.0,1,111,0,0,0,0,0,47,Propia,Licenciatura
Pendiente,Pre-Aprobado,MALO,1,52451,RECIBOS DE NOMINA,NO_CLIENTE,0,Alto,0.0,3,124,0,0,0,0,0,47,Renta,Preparatoria
Pendiente,Pre-Aprobado,MALO,1,45303,RECIBOS DE NOMINA,NO_CLIENTE,0,Alto,0.0,3,134,0,0,0,0,0,47,Propia,Posgrado
Aprobada,Aprobado,REGULAR,9100,39537,RECIBOS DE NOMINA,NO_CLIENTE,0,Mínimo,0.4,0,170,770,0,0,0,0,47,Hipoteca,Preparatoria
Aprobada,Aprobado,BUENO,27000,54982,RECIBOS DE NOMINA,CLIENTE_BANCO,27600,Bajo,0.74,0,189,704,1,17043,250,0,47,Propia,Preparatoria
Aprobada,Aprobado,BUENO,6000,49972,INVERSIONES,NO_CLIENTE,0,Mínimo,0.46,0,193,774,0,0,0,0,47,Propia,Posgrado
Aprobada,Aprobado,BUENO,9899,46497,PROPIEDAD ACTIVO FIJO,CLIENTE_BANCO,21000,Bajo,0.49,0,198,706,0,16485,0,0,47,Propia,Posgrado
Aprobada,Aprobado,REGULAR,16500,37693,RECIBOS DE NOMINA,CLIENTE_BANCO,7000,Medio ,0.61,0,203,695,0,4551,0,14619,47,Familiares,Licenciatura
Aprobada,Aprobado,BUENO,49999,51866,PROPIEDAD ACTIVO FIJO,CLIENTE_BANCO,0,Bajo,0.84,0,207,726,0,0,0,0,47,Renta,Licenciatura
Aprobada,Aprobado,BUENO,2999,45779,RECIBOS DE NOMINA,NO_CLIENTE,0,Bajo,0.71,0,209,739,0,0,0,0,47,Renta,Preparatoria
Aprobada,Aprobado,REGULAR,45000,39994,RECIBOS DE NOMINA,CLIENTE_BANCO,0,Mínimo,0.25,0,209,785,0,0,0,0,47,Propia,Preparatoria
Aprobada,Aprobado,BUENO,9899,54112,RECIBOS DE NOMINA,CLIENTE_BANCO,18200,Bajo,1.02,0,216,706,1,8564,470,0,47,Hipoteca,Licenciatura
Aprobada,Aprobado,REGULAR,6500,50498,RECIBOS DE NOMINA,CLIENTE_BANCO,5004,Medio ,1.13,0,218,686,1,705,250,0,47,Renta,Preparatoria
Aprobada,Aprobado,BUENO,4999,47035,RECIBOS DE NOMINA,CLIENTE_BANCO,0,Bajo,0.61,0,219,749,0,0,0,0,47,Familiares,Posgrado
Aprobada,Aprobado,BUENO,16300,37096,RECIBOS DE NOMINA,NO_CLIENTE,0,Mínimo,0.49,0,219,761,0,0,0,0,47,Renta,Preparatoria
Aprobada,Aprobado,REGULAR,4999,51672,RECIBOS DE NOMINA,CLIENTE_BANCO,4999,Alto,1.2,0,220,579,3,0,0,0,47,Hipoteca,Posgrado
Aprobada,Aprobado,REGULAR,2999,45871,RECIBOS DE NOMINA,CLIENTE_BANCO,0,Mínimo,0.37,0,221,773,0,0,0,38406,47,Renta,Preparatoria
Aprobada,Aprobado,REGULAR,5999,40114,PROPIEDAD ACTIVO FIJO,CLIENTE_BANCO,19000,Mínimo,0.33,0,221,777,1,12183,280,0,47,Familiares,Licenciatura
Aprobada,Aprobado,BUENO,33999,54166,RECIBOS DE NOMINA,CLIENTE_BANCO,36500,Bajo,0.82,0,223,721,0,1522,0,448630,47,Familiares,Preparatoria
Aprobada,Aprobado,BUENO,9899,51081,PROPIEDAD ACTIVO FIJO,CLIENTE_BANCO,3000,Bajo,0.58,0,223,740,1,3081,250,0,47,Familiares,Licenciatura
Aprobada,Aprobado,BUENO,11000,46954,RECIBOS DE NOMINA,CLIENTE_BANCO,0,Bajo,1.19,0,224,701,0,0,0,0,47,Renta,Posgrado
Aprobada,Aprobado,BUENO,13000,36957,RECIBOS DE NOMINA,CLIENTE_BANCO,0,Mínimo,0.42,0,226,778,0,0,0,0,47,Hipoteca,Posgrado
Aprobada,Aprobado,BUENO,49999,52268,PROPIEDAD ACTIVO FIJO,CLIENTE_BANCO,19200,Bajo,0.8,0,228,703,0,231,0,0,47,Propia,Posgrado
Aprobada,Aprobado,BUENO,54000,45791,RECIBOS DE NOMINA,CLIENTE_BANCO,16300,Bajo,0.69,0,229,740,0,36,0,0,47,Propia,Posgrado
Aprobada,Aprobado,BUENO,2999,39964,RECIBOS DE NOMINA,NO_CLIENTE,0,Bajo,0.69,0,229,741,0,0,0,0,47,Familiares,Posgrado
Aprobada,Aprobado,BUENO,62000,54791,RECIBOS DE NOMINA,CLIENTE_BANCO,51000,Mínimo,0.61,0,229,759,1,12208,640,104212,47,Renta,Posgrado
Aprobada,Aprobado,BUENO,9899,53515,PROPIEDAD ACTIVO FIJO,CLIENTE_BANCO,17500,Bajo,0.88,0,230,723,0,1010,0,0,47,Hipoteca,Licenciatura
Aprobada,Aprobado,REGULAR,49999,46661,PROPIEDAD ACTIVO FIJO,CLIENTE_BANCO,16000,Medio ,0.94,0,235,673,3,1870,780,0,47,Propia,Posgrado
Aprobada,Aprobado,REGULAR,9899,41111,PROPIEDAD ACTIVO FIJO,CLIENTE_BANCO,24000,Bajo,0.2,0,235,724,1,8647,520,0,47,Renta,Preparatoria
Aprobada,Aprobado,REGULAR,112000,56098,PAGOS PROV SEMESTRALES PF,NO_CLIENTE,0,Medio ,1.05,0,242,695,0,0,0,0,47,Renta,Preparatoria
Aprobada,Aprobado,BUENO,9899,51471,PAGOS PROV SEMESTRALES PF,CLIENTE_BANCO,0,Bajo,0.89,0,242,731,0,0,0,0,47,Renta,Licenciatura
Aprobada,Aprobado,BUENO,4999,48349,PROPIEDAD ACTIVO FIJO,CLIENTE_BANCO,0,Mínimo,0.45,0,242,765,0,0,0,0,47,Hipoteca,Posgrado
Rechazada,Rechazado,MALO,0,38458,RECIBOS DE NOMINA,NO_CLIENTE,0,Alto,0.0,5,89,0,0,0,0,0,48,Familiares,Preparatoria
Rechazada,Rechazado,MALO,0,53169,PROPIEDAD ACTIVO FIJO,NO_CLIENTE,0,Alto,0.0,4,89,0,0,0,0,0,48,Familiares,Posgrado
Rechazada,Rechazado,MALO,0,46929,PROPIEDAD ACTIVO FIJO,NO_CLIENTE,0,Alto,0.0,5,89,0,0,0,0,0,48,Propia,Preparatoria
Rechazada,Rechazado,MALO,0,41390,PROPIEDAD ACTIVO FIJO,NO_CLIENTE,0,Alto,0.0,4,89,0,0,0,0,0,48,Propia,Preparatoria
Rechazada,Rechazado,MALO,0,55736,PROPIEDAD ACTIVO FIJO,NO_CLIENTE,0,Alto,0.0,5,89,0,0,0,0,0,48,Renta,Posgrado
Rechazada,Rechazado,MALO,0,51767,PROPIEDAD ACTIVO FIJO,NO_CLIENTE,0,Alto,0.0,4,89,0,0,0,0,0,48,Hipoteca,Preparatoria
Rechazada,Rechazado,MALO,0,48676,RECIBOS DE NOMINA,NO_CLIENTE,0,Alto,0.0,4,89,0,0,0,0,0,48,Hipoteca,Posgrado
Rechazada,Rechazado,MALO,0,38209,RECIBOS DE NOMINA,NO_CLIENTE,0,Alto,0.0,5,90,0,0,0,0,0,48,Renta,Preparatoria
Rechazada,Rechazado,MALO,0,52970,INVERSIONES,NO_CLIENTE,0,Alto,0.0,4,90,0,0,0,0,0,48,Familiares,Licenciatura
Rechazada,Rechazado,MALO,0,47471,PROPIEDAD ACTIVO FIJO,NO_CLIENTE,0,Alto,0.0,4,90,0,0,0,0,0,48,Renta,Preparatoria
Rechazada,Rechazado,MALO,0,41318,RECIBOS DE NOMINA,NO_CLIENTE,0,Alto,0.0,2,90,0,0,0,0,0,48,Hipoteca,Preparatoria
Rechazada,Rechazado,MALO,0,55527,PROPIEDAD ACTIVO FIJO,NO_CLIENTE,3000,Alto,0.0,3,90,0,0,2317,0,0,48,Familiares,Licenciatura
Rechazada,Rechazado,MALO,0,52364,RECIBOS DE NOMINA,NO_CLIENTE,0,Alto,0.0,5,90,0,0,0,0,0,48,Renta,Posgrado
Cancelada,Rechazado,MALO,0,48592,PROPIEDAD ACTIVO FIJO,NO_CLIENTE,0,Alto,0.0,5,91,0,0,0,0,0,48,Renta,Posgrado
Rechazada,Rechazado,MALO,0,38066,RECIBOS DE NOMINA,NO_CLIENTE,0,Alto,0.0,5,91,0,0,0,0,0,48,Propia,Licenciatura
Rechazada,Rechazado,MALO,0,53582,PROPIEDAD ACTIVO FIJO,NO_CLIENTE,0,Alto,0.0,3,91,0,0,0,0,998,48,Hipoteca,Preparatoria
Rechazada,Rechazado,MALO,0,47389,PROPIEDAD ACTIVO FIJO,NO_CLIENTE,0,Alto,0.0,2,91,0,1,1099,250,0,48,Familiares,Posgrado
Rechazada,Rechazado,MALO,0,41163,PROPIEDAD ACTIVO FIJO,NO_CLIENTE,130000,Alto,0.0,4,91,0,1,52854,1630,177181,48,Propia,Posgrado
Cancelada,Rechazado,MALO,0,56168,SIN COMPROBANTE,NO_CLIENTE,0,Alto,0.0,3,92,0,0,0,0,0,48,Hipoteca,Preparatoria
Rechazada,Rechazado,MALO,0,52274,PROPIEDAD ACTIVO FIJO,NO_CLIENTE,0,Alto,0.0,2,92,0,0,0,0,68819,48,Familiares,Posgrado
Rechazada,Rechazado,MALO,0,48410,RECIBOS DE NOMINA,NO_CLIENTE,0,Alto,0.0,3,92,0,0,0,0,0,48,Familiares,Posgrado
Rechazada,Rechazado,MALO,0,38505,PROPIEDAD ACTIVO FIJO,NO_CLIENTE,0,Alto,0.0,2,92,0,0,0,0,0,48,Renta,Licenciatura
Rechazada,Rechazado,MALO,0,53998,RECIBOS DE NOMINA,NO_CLIENTE,0,Alto,0.0,2,92,0,0,4982,0,0,48,Renta,Preparatoria
Rechazada,Rechazado,MALO,0,46989,RECIBOS DE NOMINA,NO_CLIENTE,0,Alto,0.0,5,92,0,0,0,0,0,48,Familiares,Licenciatura
Rechazada,Rechazado,MALO,0,41637,RECIBOS DE NOMINA,NO_CLIENTE,0,Alto,0.0,4,92,0,0,0,0,0,48,Renta,Preparatoria
Rechazada,Rechazado,MALO,0,56874,RECIBOS DE NOMINA,NO_CLIENTE,0,Alto,0.0,2,92,0,0,0,0,0,48,Renta,Licenciatura
Rechazada,Rechazado,MALO,0,51343,RECIBOS DE NOMINA,NO_CLIENTE,0,Alto,0.0,3,93,0,0,0,0,0,48,Hipoteca,Posgrado
Rechazada,Rechazado,MALO,0,48968,RECIBOS DE NOMINA,NO_CLIENTE,0,Alto,0.0,5,93,0,0,0,0,0,48,Hipoteca,Preparatoria
Rechazada,Rechazado,MALO,0,38990,RECIBOS DE NOMINA,NO_CLIENTE,0,Alto,0.0,5,93,0,0,0,0,0,48,Renta,Licenciatura
Rechazada,Rechazado,MALO,0,52537,PROPIEDAD ACTIVO FIJO,NO_CLIENTE,3999,Alto,0.0,3,93,0,0,0,0,0,48,Propia,Preparatoria
Rechazada,Rechazado,MALO,0,47755,RECIBOS DE NOMINA,NO_CLIENTE,0,Alto,0.0,1,93,0,0,0,0,21818,48,Hipoteca,Preparatoria
Rechazada,Rechazado,MALO,0,42162,RECIBOS DE NOMINA,NO_CLIENTE,0,Alto,0.0,4,93,0,0,0,0,0,48,Hipoteca,Preparatoria
Rechazada,Rechazado,MALO,0,55073,RECIBOS DE NOMINA,NO_CLIENTE,0,Alto,0.0,5,94,0,0,0,0,0,48,Familiares,Posgrado
Rechazada,Rechazado,MALO,0,52678,INVERSIONES,NO_CLIENTE,0,Alto,0.0,2,94,0,0,0,0,0,48,Hipoteca,Licenciatura
Rechazada,Rechazado,MALO,0,49585,CTA NOMINA DIGITAL,NO_CLIENTE,68000,Alto,0.0,3,94,0,1,42981,2580,125887,48,Hipoteca,Posgrado
Rechazada,Rechazado,MALO,0,37755,RECIBOS DE NOMINA,NO_CLIENTE,0,Alto,0.0,4,94,0,0,0,0,0,48,Propia,Preparatoria
Rechazada,Rechazado,MALO,0,53903,PROPIEDAD ACTIVO FIJO,NO_CLIENTE,10500,Alto,0.0,3,94,0,1,5837,390,0,48,Renta,Preparatoria
Rechazada,Rechazado,MALO,0,48357,PROPIEDAD ACTIVO FIJO,NO_CLIENTE,0,Alto,0.0,5,94,0,0,0,0,0,48,Renta,Preparatoria
Rechazada,Rechazado,MALO,0,41215,PROPIEDAD ACTIVO FIJO,NO_CLIENTE,0,Alto,0.0,5,94,0,0,0,0,0,48,Propia,Secundaria
Rechazada,Rechazado,MALO,0,56238,RECIBOS DE NOMINA,NO_CLIENTE,0,Alto,0.0,3,95,0,0,0,0,0,48,Hipoteca,Posgrado
Rechazada,Rechazado,MALO,0,53089,PROPIEDAD ACTIVO FIJO,NO_CLIENTE,0,Alto,0.0,1,95,0,0,48997,0,88700,48,Hipoteca,Preparatoria
Rechazada,Rechazado,MALO,0,48471,RECIBOS DE NOMINA,NO_CLIENTE,0,Alto,0.0,2,95,0,0,0,0,136305,48,Familiares,Posgrado
Rechazada,Rechazado,MALO,0,38553,RECIBOS DE NOMINA,NO_CLIENTE,0,Alto,0.0,3,95,0,0,0,0,0,48,Familiares,Preparatoria
Rechazada,Rechazado,MALO,0,54323,RECIBOS DE NOMINA,NO_CLIENTE,0,Alto,0.0,3,95,0,0,0,0,0,48,Renta,Preparatoria
Rechazada,Rechazado,MALO,0,47271,RECIBOS DE NOMINA,NO_CLIENTE,134800,Alto,0.0,3,95,0,2,57682,3630,0,48,Propia,Licenciatura
Rechazada,Rechazado,MALO,0,41690,PROPIEDAD ACTIVO FIJO,NO_CLIENTE,0,Alto,0.0,4,95,0,0,0,0,0,48,Hipoteca,Licenciatura
Rechazada,Rechazado,MALO,0,56945,PROPIEDAD ACTIVO FIJO,NO_CLIENTE,30000,Alto,0.0,5,95,0,0,0,0,0,48,Hipoteca,Posgrado
Rechazada,Rechazado,MALO,0,52391,RECIBOS DE NOMINA,NO_CLIENTE,0,Alto,0.0,5,95,0,0,0,0,0,48,Familiares,Preparatoria
Rechazada,Rechazado,MALO,0,49263,INVERSIONES,NO_CLIENTE,0,Alto,0.0,5,95,0,0,0,0,0,48,Renta,Posgrado
Rechazada,Rechazado,MALO,0,38670,RECIBOS DE NOMINA,NO_CLIENTE,0,Alto,0.0,2,96,0,0,0,0,0,48,Hipoteca,Preparatoria
Rechazada,Rechazado,MALO,0,53609,RECIBOS DE NOMINA,NO_CLIENTE,0,Alto,0.0,3,96,0,0,0,0,34571,48,Propia,Licenciatura
Rechazada,Rechazado,MALO,0,48044,PROPIEDAD ACTIVO FIJO,NO_CLIENTE,23904,Alto,0.0,3,96,0,1,448,335,0,48,Familiares,Preparatoria
Rechazada,Rechazado,MALO,0,41816,RECIBOS DE NOMINA,NO_CLIENTE,7000,Alto,0.0,2,96,0,0,0,0,0,48,Hipoteca,Preparatoria
Rechazada,Rechazado,MALO,0,56196,RECIBOS DE NOMINA,NO_CLIENTE,0,Alto,0.0,3,97,0,0,0,0,0,48,Familiares,Posgrado
Rechazada,Rechazado,MALO,0,52996,PROPIEDAD ACTIVO FIJO,NO_CLIENTE,0,Alto,0.0,4,97,0,0,15511,0,0,48,Hipoteca,Posgrado
Rechazada,Rechazado,MALO,0,49178,RECIBOS DE NOMINA,NO_CLIENTE,0,Alto,0.0,4,98,0,0,0,0,0,48,Renta,Posgrado
Rechazada,Rechazado,MALO,0,38525,PROPIEDAD ACTIVO FIJO,NO_CLIENTE,0,Alto,0.0,5,98,0,0,0,0,0,48,Hipoteca,Preparatoria
Rechazada,Rechazado,MALO,0,54228,RECIBOS DE NOMINA,NO_CLIENTE,0,Alto,0.0,1,98,0,0,0,0,0,48,Renta,Posgrado
Rechazada,Rechazado,MALO,0,47960,RECIBOS DE NOMINA,NO_CLIENTE,0,Alto,0.0,3,98,0,0,0,0,0,48,Familiares,Licenciatura
Rechazada,Rechazado,MALO,0,41660,RECIBOS DE NOMINA,NO_CLIENTE,0,Alto,0.0,1,98,0,0,0,0,0,48,Propia,Preparatoria
Rechazada,Rechazado,MALO,0,56845,PROPIEDAD ACTIVO FIJO,NO_CLIENTE,29300,Alto,0.0,2,98,0,1,6197,380,13887,48,Propia,Posgrado
Rechazada,Rechazado,MALO,0,52904,RECIBOS DE NOMINA,NO_CLIENTE,0,Alto,0.0,2,98,0,0,0,0,0,48,Propia,Preparatoria
Rechazada,Rechazado,MALO,0,48994,PROPIEDAD ACTIVO FIJO,NO_CLIENTE,0,Alto,0.0,2,98,0,0,0,0,0,48,Propia,Secundaria
Rechazada,Rechazado,MALO,0,39341,RECIBOS DE NOMINA,NO_CLIENTE,0,Alto,0.0,4,98,0,0,0,0,14084,48,Propia,Preparatoria
Rechazada,Rechazado,MALO,0,53879,RECIBOS DE NOMINA,NO_CLIENTE,0,Alto,0.0,5,98,0,0,0,0,28263,48,Renta,Posgrado
Rechazada,Rechazado,MALO,0,47554,PROPIEDAD ACTIVO FIJO,NO_CLIENTE,0,Alto,0.0,3,99,0,0,0,0,59437,48,Familiares,Licenciatura
Rechazada,Rechazado,MALO,0,42542,RECIBOS DE NOMINA,NO_CLIENTE,0,Alto,0.0,3,99,0,0,0,0,0,48,Propia,Preparatoria
Rechazada,Rechazado,MALO,0,56479,RECIBOS DE NOMINA,NO_CLIENTE,0,Alto,0.0,3,99,0,0,0,0,0,48,Renta,Preparatoria
Rechazada,Rechazado,MALO,0,52705,PROPIEDAD ACTIVO FIJO,NO_CLIENTE,0,Alto,0.0,3,99,0,0,20339,0,123422,48,Renta,Licenciatura
Rechazada,Rechazado,MALO,0,50270,RECIBOS DE NOMINA,NO_CLIENTE,0,Alto,0.0,3,100,0,0,0,0,0,48,Hipoteca,Posgrado
Rechazada,Rechazado,MALO,0,38719,PROPIEDAD ACTIVO FIJO,NO_CLIENTE,0,Alto,0.0,3,100,0,0,10121,0,45110,48,Familiares,Preparatoria
Cancelada,Rechazado,MALO,0,53676,PROPIEDAD ACTIVO FIJO,NO_CLIENTE,29999,Alto,0.0,3,100,0,2,29441,3390,0,48,Hipoteca,Licenciatura
Rechazada,Rechazado,MALO,0,48793,RECIBOS DE NOMINA,NO_CLIENTE,0,Alto,0.0,2,100,0,0,0,0,0,48,Hipoteca,Licenciatura
Rechazada,Rechazado,MALO,0,41869,RECIBOS DE NOMINA,NO_CLIENTE,0,Alto,0.0,4,100,0,0,0,0,0,48,Propia,Posgrado
Rechazada,Rechazado,MALO,0,56266,PROPIEDAD ACTIVO FIJO,NO_CLIENTE,0,Alto,0.0,0,100,0,0,0,0,0,48,Familiares,Posgrado
Rechazada,Rechazado,MALO,0,53822,RECIBOS DE NOMINA,NO_CLIENTE,0,Alto,0.0,0,100,0,0,0,0,0,48,Propia,Posgrado
Rechazada,Rechazado,MALO,0,49240,PROPIEDAD ACTIVO FIJO,NO_CLIENTE,10501,Alto,0.0,2,100,0,1,9031,610,0,48,Propia,Posgrado
Rechazada,Rechazado,MALO,0,38573,RECIBOS DE NOMINA,NO_CLIENTE,0,Alto,0.0,3,101,0,0,0,0,0,48,Hipoteca,Licenciatura
Rechazada,Rechazado,MALO,0,55073,RECIBOS DE NOMINA,NO_CLIENTE,0,Alto,0.0,2,101,0,0,0,0,0,48,Renta,Licenciatura
Rechazada,Rechazado,MALO,0,48021,RECIBOS DE NOMINA,NO_CLIENTE,0,Alto,0.0,0,101,0,0,0,0,0,48,Propia,Posgrado
Rechazada,Rechazado,MALO,0,41711,RECIBOS DE NOMINA,NO_CLIENTE,0,Alto,0.0,3,101,0,0,0,0,0,48,Renta,Licenciatura
Rechazada,Rechazado,MALO,0,57731,RECIBOS DE NOMINA,NO_CLIENTE,0,Alto,0.0,0,101,0,0,0,0,0,48,Hipoteca,Licenciatura
Pendiente,Pre-Aprobado,MALO,1,52971,RECIBOS DE NOMINA,NO_CLIENTE,0,Alto,0.0,0,110,0,0,0,0,0,48,Hipoteca,Licenciatura
Pendiente,Pre-Aprobado,MALO,1,49055,RECIBOS DE NOMINA,NO_CLIENTE,0,Alto,0.0,0,111,0,0,0,0,0,48,Hipoteca,Preparatoria
Pendiente,Pre-Aprobado,MALO,1,39577,RECIBOS DE NOMINA,NO_CLIENTE,0,Alto,0.0,1,121,0,0,0,0,0,48,Hipoteca,Preparatoria
Pendiente,Pre-Aprobado,MALO,1,54978,RECIBOS DE NOMINA,NO_CLIENTE,47000,Alto,0.0,2,123,0,1,37877,1880,0,48,Familiares,Preparatoria
Pendiente,Pre-Aprobado,MALO,1,48297,RECIBOS DE NOMINA,NO_CLIENTE,0,Alto,0.0,3,124,0,0,0,0,0,48,Hipoteca,Preparatoria
Pendiente,Pre-Aprobado,MALO,1,41994,RECIBOS DE NOMINA,NO_CLIENTE,0,Alto,0.0,3,124,0,0,0,0,0,48,Propia,Preparatoria
Pendiente,Pre-Aprobado,MALO,1,57358,RECIBOS DE NOMINA,NO_CLIENTE,0,Alto,0.0,0,167,0,0,0,0,0,48,Hipoteca,Posgrado
Aprobada,Aprobado,BUENO,9899,53275,RECIBOS DE NOMINA,CLIENTE_BANCO,21500,Mínimo,1.03,0,198,754,1,2000,270,0,48,Renta,Licenciatura
Aprobada,Aprobado,REGULAR,35000,49387,PROPIEDAD ACTIVO FIJO,CLIENTE_BANCO,0,Medio ,1.02,0,201,660,0,0,0,14280,48,Familiares,Preparatoria
Aprobada,Aprobado,REGULAR,12300,39322,PROPIEDAD ACTIVO FIJO,CLIENTE_BANCO,0,Mínimo,0.33,0,204,787,0,0,0,0,48,Familiares,Preparatoria
Aprobada,Aprobado,BUENO,50000,54514,RECIBOS DE NOMINA,CLIENTE_BANCO,31000,Mínimo,0.48,0,205,762,1,247,247,16784,48,Propia,Preparatoria
Aprobada,Aprobado,REGULAR,9899,48164,PROPIEDAD ACTIVO FIJO,CLIENTE_BANCO,3000,Medio ,0.21,0,212,686,1,2660,250,0,48,Familiares,Posgrado
Aprobada,Aprobado,REGULAR,5000,42521,RECIBOS DE NOMINA,CLIENTE_BANCO,16300,Medio ,0.31,0,213,685,1,15404,980,0,48,Propia,Posgrado
Aprobada,Aprobado,BUENO,17000,57145,RECIBOS DE NOMINA,CLIENTE_BANCO,0,Bajo,0.68,0,219,742,0,0,0,0,48,Propia,Posgrado
Aprobada,Aprobado,BUENO,49999,53635,PROPIEDAD ACTIVO FIJO,CLIENTE_BANCO,53000,Bajo,0.68,0,225,711,1,23251,730,57892,48,Hipoteca,Posgrado
Aprobada,Aprobado,BUENO,50000,49771,RECIBOS DE NOMINA,CLIENTE_BANCO,49500,Bajo,0.46,0,225,727,1,14991,830,250000,48,Renta,Posgrado
Aprobada,Aprobado,BUENO,50000,38990,RECIBOS DE NOMINA,NO_CLIENTE,0,Bajo,0.8,0,226,740,0,0,0,0,48,Renta,Preparatoria
Aprobada,Aprobado,REGULAR,2999,54882,PROPIEDAD ACTIVO FIJO,CLIENTE_BANCO,5000,Bajo,0.21,0,228,737,0,602,0,0,48,Renta,Licenciatura
Aprobada,Aprobado,BUENO,49999,48539,RECIBOS DE NOMINA,CLIENTE_BANCO,0,Bajo,1.1,0,229,710,0,0,0,0,48,Propia,Posgrado
Aprobada,Aprobado,REGULAR,49999,42162,INVERSIONES,CLIENTE_BANCO,145500,Mínimo,0.21,0,229,760,0,0,0,0,48,Propia,Preparatoria
Aprobada,Aprobado,REGULAR,4999,57531,RECIBOS DE NOMINA,CLIENTE_BANCO,0,Mínimo,0.31,0,229,789,0,0,0,30018,48,Renta,Preparatoria
Aprobada,Aprobado,REGULAR,9899,56726,PROPIEDAD ACTIVO FIJO,CLIENTE_BANCO,13600,Bajo,0.26,0,231,744,1,559,250,0,48,Familiares,Posgrado
Aprobada,Aprobado,BUENO,9400,49228,PROPIEDAD ACTIVO FIJO,CLIENTE_BANCO,0,Bajo,0.82,0,238,710,1,3914,250,0,48,Familiares,Preparatoria
Aprobada,Aprobado,REGULAR,23799,43167,RECIBOS DE NOMINA,NO_CLIENTE,0,Mínimo,0.34,0,239,776,0,0,0,0,48,Propia,Preparatoria
Aprobada,Aprobado,BUENO,7300,59464,RECIBOS DE NOMINA,CLIENTE_BANCO,0,Bajo,0.98,0,242,722,0,0,0,0,48,Renta,Licenciatura
Aprobada,Aprobado,REGULAR,4999,54302,RECIBOS DE NOMINA,CLIENTE_BANCO,0,Mínimo,0.15,0,244,805,0,0,0,0,48,Familiares,Licenciatura
Aprobada,Aprobado,BUENO,38999,50766,PROPIEDAD ACTIVO FIJO,CLIENTE_BANCO,0,Bajo,0.83,0,245,717,0,0,0,0,48,Propia,Licenciatura
Aprobada,Aprobado,BUENO,9899,40765,RECIBOS DE NOMINA,CLIENTE_BANCO,18000,Bajo,0.89,0,246,740,0,400,0,0,48,Familiares,Posgrado
Aprobada,Aprobado,BUENO,10000,56094,RECIBOS DE NOMINA,CLIENTE_BANCO,11700,Bajo,0.84,0,247,736,0,0,0,0,48,Hipoteca,Posgrado
Aprobada,Aprobado,REGULAR,49999,49276,PROPIEDAD ACTIVO FIJO,CLIENTE_BANCO,23200,Bajo,0.17,0,248,746,1,2875,290,0,48,Familiares,Posgrado
Aprobada,Aprobado,BUENO,21899,43873,RECIBOS DE NOMINA,NO_CLIENTE,0,Mínimo,0.42,0,253,778,0,0,0,0,48,Hipoteca,Posgrado
Aprobada,Aprobado,BUENO,33999,58801,PAGOS PROV SEMESTRALES PF,NO_CLIENTE,0,Mínimo,0.57,0,254,753,0,0,0,0,48,Renta,Licenciatura
Aprobada,Aprobado,BUENO,15400,54355,RECIBOS DE NOMINA,CLIENTE_BANCO,0,Bajo,0.82,0,260,718,0,0,0,0,48,Familiares,Posgrado
Aprobada,Aprobado,REGULAR,45999,51597,PROPIEDAD ACTIVO FIJO,CLIENTE_BANCO,4002,Bajo,0.2,0,260,740,1,162,162,0,48,Hipoteca,Preparatoria
Aprobada,Aprobado,BUENO,94000,40847,RECIBOS DE NOMINA,CLIENTE_BANCO,30000,Bajo,0.65,0,266,735,0,0,0,185171,48,Renta,Preparatoria
Rechazada,Rechazado,MALO,0,55884,PROPIEDAD ACTIVO FIJO,NO_CLIENTE,0,Alto,0.0,5,89,0,0,0,0,0,49,Hipoteca,Preparatoria
Rechazada,Rechazado,MALO,0,50319,RECIBOS DE NOMINA,NO_CLIENTE,0,Alto,0.0,5,89,0,0,0,0,0,49,Renta,Licenciatura
Rechazada,Rechazado,MALO,0,43590,RECIBOS DE NOMINA,NO_CLIENTE,0,Alto,0.0,5,89,0,0,0,0,0,49,Propia,Posgrado
Rechazada,Rechazado,MALO,0,58303,PROPIEDAD ACTIVO FIJO,NO_CLIENTE,0,Alto,0.0,5,89,0,0,0,0,0,49,Familiares,Posgrado
Rechazada,Rechazado,MALO,0,55506,PROPIEDAD ACTIVO FIJO,NO_CLIENTE,0,Alto,0.0,5,89,0,0,0,0,0,49,Propia,Posgrado
Rechazada,Rechazado,MALO,0,51265,RECIBOS DE NOMINA,NO_CLIENTE,0,Alto,0.0,5,89,0,0,0,0,0,49,Propia,Preparatoria
Rechazada,Rechazado,MALO,0,39969,PROPIEDAD ACTIVO FIJO,NO_CLIENTE,13500,Alto,0.0,5,89,0,1,2157,250,0,49,Hipoteca,Licenciatura
Cancelada,Rechazado,MALO,0,56797,RECIBOS DE NOMINA,NO_CLIENTE,0,Alto,0.0,5,90,0,0,0,0,0,49,Renta,Licenciatura
Rechazada,Rechazado,MALO,0,49995,RECIBOS DE NOMINA,NO_CLIENTE,0,Alto,0.0,3,90,0,1,21764,1310,13015,49,Familiares,Posgrado
Rechazada,Rechazado,MALO,0,43221,PROPIEDAD ACTIVO FIJO,NO_CLIENTE,94000,Alto,0.0,3,90,0,0,0,0,0,49,Propia,Secundaria
Rechazada,Rechazado,MALO,0,59538,RECIBOS DE NOMINA,NO_CLIENTE,0,Alto,0.0,4,90,0,0,0,0,0,49,Propia,Preparatoria
Rechazada,Rechazado,MALO,0,55149,RECIBOS DE NOMINA,NO_CLIENTE,20600,Alto,0.0,4,90,0,0,14270,0,0,49,Propia,Posgrado
Rechazada,Rechazado,MALO,0,50831,RECIBOS DE NOMINA,NO_CLIENTE,0,Alto,0.0,2,90,0,0,0,0,0,49,Hipoteca,Posgrado
Rechazada,Rechazado,MALO,0,40816,RECIBOS DE NOMINA,NO_CLIENTE,0,Alto,0.0,3,90,0,0,0,0,0,49,Hipoteca,Posgrado
Rechazada,Rechazado,MALO,0,56968,RECIBOS DE NOMINA,NO_CLIENTE,0,Alto,0.0,4,90,0,0,0,0,0,49,Renta,Posgrado
Rechazada,Rechazado,MALO,0,49338,RECIBOS DE NOMINA,NO_CLIENTE,0,Alto,0.0,4,91,0,0,0,0,0,49,Renta,Preparatoria
Rechazada,Rechazado,MALO,0,44136,RECIBOS DE NOMINA,NO_CLIENTE,0,Alto,0.0,3,91,0,0,0,0,0,49,Propia,Posgrado
Rechazada,Rechazado,MALO,0,60002,RECIBOS DE NOMINA,NO_CLIENTE,0,Alto,0.0,4,91,0,0,0,0,0,49,Hipoteca,Preparatoria
Rechazada,Rechazado,MALO,0,53910,PROPIEDAD ACTIVO FIJO,NO_CLIENTE,9900,Alto,0.0,4,91,0,1,8166,290,0,49,Propia,Licenciatura
Rechazada,Rechazado,MALO,0,51906,RECIBOS DE NOMINA,NO_CLIENTE,0,Alto,0.0,4,91,0,0,0,0,0,49,Hipoteca,Licenciatura
Rechazada,Rechazado,MALO,0,41134,RECIBOS DE NOMINA,NO_CLIENTE,0,Alto,0.0,4,92,0,8,95758,95758,0,49,Hipoteca,Posgrado
Rechazada,Rechazado,MALO,0,55164,PROPIEDAD ACTIVO FIJO,NO_CLIENTE,0,Alto,0.0,1,92,0,0,0,0,0,49,Hipoteca,Posgrado
En_proceso,Rechazado,MALO,0,50621,PROPIEDAD ACTIVO FIJO,NO_CLIENTE,0,Alto,0.0,5,92,0,0,0,0,0,49,Familiares,Posgrado
Rechazada,Rechazado,MALO,0,44481,PROPIEDAD ACTIVO FIJO,NO_CLIENTE,15000,Alto,0.0,4,92,0,0,0,0,0,49,Familiares,Preparatoria
Rechazada,Rechazado,MALO,0,57826,RECIBOS DE NOMINA,NO_CLIENTE,0,Alto,0.0,5,92,0,0,0,0,0,49,Hipoteca,Posgrado
Rechazada,Rechazado,MALO,0,55838,PROPIEDAD ACTIVO FIJO,NO_CLIENTE,67000,Alto,0.0,4,93,0,1,2702,840,0,49,Propia,Preparatoria
Rechazada,Rechazado,MALO,0,52312,RECIBOS DE NOMINA,NO_CLIENTE,0,Alto,0.0,2,93,0,0,0,0,0,49,Renta,Preparatoria
Rechazada,Rechazado,MALO,0,39642,RECIBOS DE NOMINA,NO_CLIENTE,0,Alto,0.0,2,93,0,0,0,0,0,49,Renta,Preparatoria
Rechazada,Rechazado,MALO,0,57137,RECIBOS DE NOMINA,NO_CLIENTE,0,Alto,0.0,3,93,0,0,0,0,0,49,Renta,Posgrado
Rechazada,Rechazado,MALO,0,51017,RECIBOS DE NOMINA,NO_CLIENTE,0,Alto,0.0,2,93,0,0,0,0,0,49,Renta,Posgrado
Rechazada,Rechazado,MALO,0,43276,RECIBOS DE NOMINA,NO_CLIENTE,0,Alto,0.0,4,94,0,0,0,0,0,49,Propia,Posgrado
Rechazada,Rechazado,MALO,0,59612,PROPIEDAD ACTIVO FIJO,NO_CLIENTE,0,Alto,0.0,5,94,0,1,27450,1390,0,49,Renta,Posgrado
Rechazada,Rechazado,MALO,0,56008,RECIBOS DE NOMINA,NO_CLIENTE,0,Alto,0.0,1,94,0,0,0,0,8982,49,Familiares,Licenciatura
Rechazada,Rechazado,MALO,0,50895,RECIBOS DE NOMINA,NO_CLIENTE,0,Alto,0.0,3,94,0,0,0,0,0,49,Familiares,Preparatoria
Rechazada,Rechazado,MALO,0,40867,PROPIEDAD ACTIVO FIJO,NO_CLIENTE,0,Alto,0.0,3,94,0,0,0,0,0,49,Propia,Posgrado
Rechazada,Rechazado,MALO,0,57311,PROPIEDAD ACTIVO FIJO,NO_CLIENTE,39600,Alto,0.0,4,94,0,0,29280,0,200848,49,Familiares,Posgrado
Rechazada,Rechazado,MALO,0,49635,RECIBOS DE NOMINA,NO_CLIENTE,0,Alto,0.0,4,95,0,1,23685,520,3039,49,Renta,Licenciatura
Rechazada,Rechazado,MALO,0,44192,RECIBOS DE NOMINA,NO_CLIENTE,0,Alto,0.0,5,95,0,1,64773,2460,28372,49,Renta,Licenciatura
Rechazada,Rechazado,MALO,0,60077,PROPIEDAD ACTIVO FIJO,NO_CLIENTE,0,Alto,0.0,2,95,0,0,0,0,0,49,Familiares,Posgrado
Rechazada,Rechazado,MALO,0,55010,RECIBOS DE NOMINA,NO_CLIENTE,0,Alto,0.0,2,95,0,0,0,0,0,49,Propia,Preparatoria
Rechazada,Rechazado,MALO,0,52219,PROPIEDAD ACTIVO FIJO,NO_CLIENTE,101000,Alto,0.0,3,95,0,1,91702,4020,0,49,Familiares,Posgrado
Rechazada,Rechazado,MALO,0,40797,PROPIEDAD ACTIVO FIJO,NO_CLIENTE,0,Alto,0.0,4,95,0,0,0,0,0,49,Hipoteca,Posgrado
Rechazada,Rechazado,MALO,0,56289,PROPIEDAD ACTIVO FIJO,NO_CLIENTE,0,Alto,0.0,5,95,0,0,0,0,0,49,Renta,Posgrado
Rechazada,Rechazado,MALO,0,50926,PROPIEDAD ACTIVO FIJO,NO_CLIENTE,0,Alto,0.0,2,96,0,0,0,0,0,49,Renta,Licenciatura
Rechazada,Rechazado,MALO,0,44116,DECLARACION ANUAL PFAE,NO_CLIENTE,0,Alto,0.0,3,96,0,0,0,0,0,49,Familiares,Licenciatura
Rechazada,Rechazado,MALO,0,59006,RECIBOS DE NOMINA,NO_CLIENTE,0,Alto,0.0,2,96,0,0,0,0,0,49,Renta,Licenciatura
Rechazada,Rechazado,MALO,0,56175,RECIBOS DE NOMINA,NO_CLIENTE,0,Alto,0.0,2,96,0,0,0,0,16181,49,Hipoteca,Licenciatura
Rechazada,Rechazado,MALO,0,51883,RECIBOS DE NOMINA,NO_CLIENTE,0,Alto,0.0,3,96,0,0,0,0,69139,49,Hipoteca,Licenciatura
Rechazada,Rechazado,MALO,0,40451,RECIBOS DE NOMINA,NO_CLIENTE,0,Alto,0.0,3,96,0,0,0,0,0,49,Familiares,Posgrado
Rechazada,Rechazado,MALO,0,57481,PROPIEDAD ACTIVO FIJO,NO_CLIENTE,0,Alto,0.0,3,96,0,0,0,0,0,49,Propia,Posgrado
Rechazada,Rechazado,MALO,0,50598,PROPIEDAD ACTIVO FIJO,NO_CLIENTE,0,Alto,0.0,3,96,0,0,0,0,0,49,Familiares,Preparatoria
Rechazada,Rechazado,MALO,0,43743,RECIBOS DE NOMINA,NO_CLIENTE,0,Alto,0.0,2,96,0,0,0,0,0,49,Propia,Licenciatura
Rechazada,Rechazado,MALO,0,60256,RECIBOS DE NOMINA,NO_CLIENTE,0,Alto,0.0,5,96,0,0,0,0,0,49,Familiares,Secundaria
Rechazada,Rechazado,MALO,0,55814,PROPIEDAD ACTIVO FIJO,NO_CLIENTE,0,Alto,0.0,5,96,0,0,0,0,0,49,Renta,Preparatoria
Rechazada,Rechazado,MALO,0,51443,RECIBOS DE NOMINA,NO_CLIENTE,0,Alto,0.0,4,97,0,0,0,0,0,49,Hipoteca,Posgrado
Rechazada,Rechazado,MALO,0,41701,RECIBOS DE NOMINA,NO_CLIENTE,0,Alto,0.0,3,97,0,0,0,0,0,49,Renta,Licenciatura
Rechazada,Rechazado,MALO,0,56842,PROPIEDAD ACTIVO FIJO,NO_CLIENTE,0,Alto,0.0,3,97,0,1,227,227,0,49,Propia,Licenciatura
Rechazada,Rechazado,MALO,0,49932,RECIBOS DE NOMINA,NO_CLIENTE,0,Alto,0.0,1,97,0,0,0,0,0,49,Propia,Licenciatura
Rechazada,Rechazado,MALO,0,45094,RECIBOS DE NOMINA,NO_CLIENTE,0,Alto,0.0,4,97,0,0,0,0,0,49,Renta,Posgrado
Rechazada,Rechazado,MALO,0,59585,INVERSIONES,NO_CLIENTE,0,Alto,0.0,3,97,0,0,0,0,0,49,Propia,Posgrado
Rechazada,Rechazado,MALO,0,55340,PROPIEDAD ACTIVO FIJO,NO_CLIENTE,0,Alto,0.0,2,97,0,0,8302,0,0,49,Hipoteca,Preparatoria
Rechazada,Rechazado,MALO,0,53286,RECIBOS DE NOMINA,NO_CLIENTE,0,Alto,0.0,2,97,0,0,0,0,0,49,Renta,Preparatoria
Rechazada,Rechazado,MALO,0,40848,RECIBOS DE NOMINA,NO_CLIENTE,0,Alto,0.0,4,97,0,0,0,0,0,49,Propia,Licenciatura
Rechazada,Rechazado,MALO,0,56359,RECIBOS DE NOMINA,NO_CLIENTE,0,Alto,0.0,4,97,0,0,0,0,0,49,Hipoteca,Licenciatura
Rechazada,Rechazado,MALO,0,51720,RECIBOS DE NOMINA,NO_CLIENTE,0,Alto,0.0,2,98,0,8,31297,31297,0,49,Propia,Licenciatura
Rechazada,Rechazado,MALO,0,44172,RECIBOS DE NOMINA,NO_CLIENTE,0,Alto,0.0,3,98,0,0,0,0,0,49,Propia,Preparatoria
Rechazada,Rechazado,MALO,0,59080,RECIBOS DE NOMINA,NO_CLIENTE,0,Alto,0.0,3,98,0,0,0,0,0,49,Hipoteca,Posgrado
Rechazada,Rechazado,MALO,0,57051,PROPIEDAD ACTIVO FIJO,NO_CLIENTE,19500,Alto,0.0,4,98,0,0,7205,0,0,49,Renta,Preparatoria
Rechazada,Rechazado,MALO,0,51948,RECIBOS DE NOMINA,NO_CLIENTE,0,Alto,0.0,3,98,0,0,0,0,0,49,Propia,Preparatoria
Rechazada,Rechazado,MALO,0,40502,RECIBOS DE NOMINA,NO_CLIENTE,0,Alto,0.0,4,99,0,0,0,0,0,49,Hipoteca,Posgrado
Rechazada,Rechazado,MALO,0,58378,PROPIEDAD ACTIVO FIJO,NO_CLIENTE,167500,Alto,0.0,3,99,0,1,4737,880,0,49,Propia,Preparatoria
Rechazada,Rechazado,MALO,0,50662,PROPIEDAD ACTIVO FIJO,NO_CLIENTE,0,Alto,0.0,3,99,0,1,12063,820,0,49,Renta,Posgrado
Rechazada,Rechazado,MALO,0,43797,RECIBOS DE NOMINA,NO_CLIENTE,0,Alto,0.0,2,99,0,0,0,0,0,49,Propia,Licenciatura
Rechazada,Rechazado,MALO,0,61195,RECIBOS DE NOMINA,NO_CLIENTE,0,Alto,0.0,2,99,0,8,87385,46910,56303,49,Propia,Posgrado
Rechazada,Rechazado,MALO,0,55884,PROPIEDAD ACTIVO FIJO,NO_CLIENTE,10500,Alto,0.0,5,99,0,1,220,0,0,49,Renta,Preparatoria
Rechazada,Rechazado,MALO,0,51507,RECIBOS DE NOMINA,NO_CLIENTE,0,Alto,0.0,5,99,0,0,0,0,0,49,Familiares,Licenciatura
Rechazada,Rechazado,MALO,0,41952,RECIBOS DE NOMINA,NO_CLIENTE,0,Alto,0.0,3,99,0,0,0,0,0,49,Familiares,Posgrado
En_proceso,Rechazado,MALO,0,58002,INVERSIONES,NO_CLIENTE,0,Alto,0.0,3,99,0,0,0,0,0,49,Hipoteca,Preparatoria
Rechazada,Rechazado,MALO,0,50712,RECIBOS DE NOMINA,NO_CLIENTE,0,Alto,0.0,3,100,0,0,0,0,0,49,Propia,Licenciatura
Rechazada,Rechazado,MALO,0,44513,PROPIEDAD ACTIVO FIJO,NO_CLIENTE,0,Alto,0.0,3,100,0,1,14368,820,0,49,Renta,Preparatoria
Rechazada,Rechazado,MALO,0,60513,PROPIEDAD ACTIVO FIJO,NO_CLIENTE,0,Alto,0.0,1,100,0,0,0,0,0,49,Hipoteca,Preparatoria
Rechazada,Rechazado,MALO,0,55939,PROPIEDAD ACTIVO FIJO,NO_CLIENTE,0,Alto,0.0,3,100,0,1,9981,620,0,49,Familiares,Licenciatura
Rechazada,Rechazado,MALO,0,52350,RECIBOS DE NOMINA,NO_CLIENTE,0,Alto,0.0,4,100,0,0,0,0,0,49,Hipoteca,Licenciatura
Rechazada,Rechazado,MALO,0,41484,RECIBOS DE NOMINA,NO_CLIENTE,0,Alto,0.0,2,100,0,0,0,0,0,49,Hipoteca,Preparatoria
Rechazada,Rechazado,MALO,0,57239,PROPIEDAD ACTIVO FIJO,NO_CLIENTE,0,Alto,0.0,3,100,0,0,0,0,0,49,Familiares,Licenciatura
Rechazada,Rechazado,MALO,0,51054,PROPIEDAD ACTIVO FIJO,NO_CLIENTE,0,Alto,0.0,1,100,0,0,0,0,0,49,Familiares,Preparatoria
Rechazada,Rechazado,MALO,0,44860,PROPIEDAD ACTIVO FIJO,NO_CLIENTE,0,Alto,0.0,4,101,0,0,18463,0,0,49,Propia,Licenciatura
Rechazada,Rechazado,MALO,0,60002,RECIBOS DE NOMINA,NO_CLIENTE,0,Alto,0.0,2,101,0,0,0,0,0,49,Renta,Posgrado
Rechazada,Rechazado,MALO,0,56853,RECIBOS DE NOMINA,NO_CLIENTE,0,Alto,0.0,2,101,0,0,0,0,0,49,Renta,Posgrado
Rechazada,Rechazado,MALO,0,52508,RECIBOS DE NOMINA,NO_CLIENTE,0,Alto,0.0,1,101,0,0,0,0,0,49,Familiares,Licenciatura
Rechazada,Rechazado,MALO,0,40939,PROPIEDAD ACTIVO FIJO,NO_CLIENTE,0,Alto,0.0,1,101,0,0,0,0,0,49,Renta,Licenciatura
Rechazada,Rechazado,MALO,0,58175,PROPIEDAD ACTIVO FIJO,NO_CLIENTE,0,Alto,0.0,0,101,0,0,0,0,0,49,Familiares,Licenciatura
Rechazada,Rechazado,MALO,0,51208,RECIBOS DE NOMINA,NO_CLIENTE,4000,Alto,0.0,2,101,0,0,0,0,0,49,Renta,Posgrado
Rechazada,Rechazado,MALO,0,44270,RECIBOS DE NOMINA,NO_CLIENTE,75000,Alto,0.0,0,101,0,1,23628,940,294301,49,Propia,Posgrado
Pendiente,Pre-Aprobado,MALO,1,60982,PROPIEDAD ACTIVO FIJO,NO_CLIENTE,0,Alto,0.0,0,120,0,0,0,0,0,49,Renta,Licenciatura
Aprobada,Aprobado,REGULAR,13500,59846,RECIBOS DE NOMINA,CLIENTE_BANCO,0,Mínimo,0.15,0,132,805,0,0,0,0,49,Familiares,Preparatoria
Pendiente,Pre-Aprobado,MALO,1,51689,PROPIEDAD ACTIVO FIJO,NO_CLIENTE,0,Alto,0.0,1,134,0,0,0,0,0,49,Propia,Posgrado
Pendiente,Pre-Aprobado,MALO,1,45757,PROPIEDAD ACTIVO FIJO,NO_CLIENTE,0,Alto,0.0,0,135,0,0,0,0,0,49,Renta,Secundaria
Pendiente,Pre-Aprobado,MALO,1,62735,RECIBOS DE NOMINA,NO_CLIENTE,0,Alto,0.0,0,142,0,0,0,0,0,49,Propia,Licenciatura
Pendiente,Pre-Aprobado,MALO,1,57017,RECIBOS DE NOMINA,NO_CLIENTE,0,Alto,0.0,1,156,0,0,0,0,15719,49,Propia,Licenciatura
Pendiente,Pre-Aprobado,MALO,1,53812,RECIBOS DE NOMINA,NO_CLIENTE,0,Alto,0.0,4,163,0,0,0,0,0,49,Familiares,Posgrado
Aprobada,Aprobado,BUENO,15000,43007,RECIBOS DE NOMINA,NO_CLIENTE,0,Bajo,0.82,1,172,728,0,0,0,0,49,Familiares,Posgrado
Aprobada,Aprobado,BUENO,9000,58898,RECIBOS DE NOMINA,NO_CLIENTE,0,Bajo,0.72,0,174,748,0,0,0,0,49,Propia,Posgrado
Aprobada,Aprobado,BUENO,43000,52233,RECIBOS DE NOMINA,CLIENTE_BANCO,111000,Bajo,0.53,0,179,723,1,6151,730,0,49,Propia,Posgrado
Aprobada,Aprobado,REGULAR,9999,46286,RECIBOS DE NOMINA,CLIENTE_BANCO,12100,Medio ,0.2,0,193,679,1,2664,290,26301,49,Renta,Posgrado
Aprobada,Aprobado,REGULAR,27000,61741,RECIBOS DE NOMINA,NO_CLIENTE,0,Mínimo,0.4,0,194,770,0,0,0,0,49,Familiares,Preparatoria
Aprobada,Aprobado,BUENO,7000,57616,RECIBOS DE NOMINA,NO_CLIENTE,0,Bajo,0.62,0,195,748,0,0,0,0,49,Hipoteca,Preparatoria
Aprobada,Aprobado,BUENO,50000,54435,RECIBOS DE NOMINA,CLIENTE_BANCO,5000,Bajo,0.74,0,196,733,0,1169,0,25460,49,Hipoteca,Posgrado
Aprobada,Aprobado,REGULAR,6000,42889,INVERSIONES,NO_CLIENTE,0,Mínimo,0.31,0,196,789,0,0,0,0,49,Propia,Preparatoria
Aprobada,Aprobado,BUENO,31000,59237,PROPIEDAD ACTIVO FIJO,CLIENTE_BANCO,0,Bajo,0.88,0,202,722,0,0,0,32226,49,Propia,Posgrado
Aprobada,Aprobado,BUENO,14300,53087,RECIBOS DE NOMINA,NO_CLIENTE,0,Mínimo,0.66,0,209,765,0,0,0,0,49,Familiares,Preparatoria
Aprobada,Aprobado,BUENO,23000,45770,RECIBOS DE NOMINA,NO_CLIENTE,0,Bajo,0.73,0,212,727,0,0,0,0,49,Hipoteca,Preparatoria
Aprobada,Aprobado,BUENO,9899,61801,PROPIEDAD ACTIVO FIJO,CLIENTE_BANCO,7000,Bajo,0.93,0,212,740,0,472,0,0,49,Familiares,Preparatoria
Aprobada,Aprobado,BUENO,16000,58559,RECIBOS DE NOMINA,CLIENTE_BANCO,0,Mínimo,0.58,0,212,762,0,0,0,73139,49,Propia,Posgrado
Aprobada,Aprobado,BUENO,3000,53828,RECIBOS DE NOMINA,NO_CLIENTE,0,Mínimo,0.45,0,214,775,0,0,0,0,49,Propia,Licenciatura
Aprobada,Aprobado,REGULAR,17000,42368,RECIBOS DE NOMINA,CLIENTE_BANCO,0,Mínimo,0.21,0,215,789,0,0,0,0,49,Renta,Posgrado
Aprobada,Aprobado,BUENO,13900,59920,RECIBOS DE NOMINA,CLIENTE_BANCO,22300,Bajo,1.17,0,218,740,0,9475,0,0,49,Hipoteca,Licenciatura
Aprobada,Aprobado,BUENO,111000,52995,RECIBOS DE NOMINA,CLIENTE_BANCO,0,Bajo,1.0,0,219,710,0,0,0,80417,49,Hipoteca,Licenciatura
Aprobada,Aprobado,BUENO,37000,45599,RECIBOS DE NOMINA,CLIENTE_BANCO,17200,Bajo,1.11,0,225,706,0,13272,0,0,49,Propia,Licenciatura
Aprobada,Aprobado,BUENO,9899,62515,PROPIEDAD ACTIVO FIJO,CLIENTE_BANCO,8300,Bajo,0.68,0,225,727,1,6432,330,0,49,Familiares,Licenciatura
Aprobada,Aprobado,BUENO,1999,58457,RECIBOS DE NOMINA,NO_CLIENTE,0,Bajo,0.94,0,227,716,0,0,0,0,49,Hipoteca,Posgrado
Aprobada,Aprobado,BUENO,6000,53626,RECIBOS DE NOMINA,NO_CLIENTE,0,Mínimo,0.45,0,228,765,0,0,0,0,49,Familiares,Posgrado
Aprobada,Aprobado,REGULAR,9899,42857,PROPIEDAD ACTIVO FIJO,CLIENTE_BANCO,15000,Bajo,0.2,0,233,723,0,1899,0,31627,49,Familiares,Posgrado
Aprobada,Aprobado,BUENO,49999,60386,PROPIEDAD ACTIVO FIJO,CLIENTE_BANCO,78000,Mínimo,0.77,0,234,757,0,2082,0,103528,49,Hipoteca,Preparatoria
Aprobada,Aprobado,BUENO,49999,52052,PROPIEDAD ACTIVO FIJO,CLIENTE_BANCO,21300,Bajo,1.01,0,238,709,0,4404,0,0,49,Propia,Licenciatura
Aprobada,Aprobado,BUENO,2999,46342,PROPIEDAD ACTIVO FIJO,CLIENTE_BANCO,13400,Mínimo,0.87,0,238,779,1,100,100,0,49,Hipoteca,Posgrado
Aprobada,Aprobado,BUENO,7000,63602,INVERSIONES,NO_CLIENTE,0,Bajo,0.7,0,240,730,0,0,0,0,49,Propia,Posgrado
Aprobada,Aprobado,BUENO,49999,56875,PROPIEDAD ACTIVO FIJO,NO_CLIENTE,0,Bajo,0.79,0,241,741,0,0,0,0,49,Renta,Preparatoria
Aprobada,Aprobado,BUENO,49999,54501,PROPIEDAD ACTIVO FIJO,CLIENTE_BANCO,37000,Bajo,1.02,0,241,742,0,0,0,0,49,Familiares,Licenciatura
Aprobada,Aprobado,REGULAR,2999,43602,RECIBOS DE NOMINA,NO_CLIENTE,0,Medio ,1.08,0,244,692,0,0,0,0,49,Hipoteca,Posgrado
Aprobada,Aprobado,REGULAR,9899,58198,PROPIEDAD ACTIVO FIJO,CLIENTE_BANCO,29000,Mínimo,0.31,0,244,789,0,0,0,0,49,Hipoteca,Preparatoria
Aprobada,Aprobado,REGULAR,17500,53152,RECIBOS DE NOMINA,CLIENTE_BANCO,0,Mínimo,0.2,0,247,790,0,0,0,0,49,Familiares,Preparatoria
Aprobada,Aprobado,BUENO,73000,47150,RECIBOS DE NOMINA,CLIENTE_BANCO,64600,Bajo,0.42,0,248,723,1,13753,410,56792,49,Propia,Preparatoria
Aprobada,Aprobado,BUENO,49999,61007,PROPIEDAD ACTIVO FIJO,CLIENTE_BANCO,39300,Mínimo,0.79,0,249,757,1,5327,500,0,49,Propia,Posgrado
Aprobada,Aprobado,BUENO,49999,58630,PROPIEDAD ACTIVO FIJO,CLIENTE_BANCO,15000,Mínimo,1.16,0,264,757,0,552,0,0,49,Familiares,Licenciatura
Aprobada,Aprobado,BUENO,2999,55451,RECIBOS DE NOMINA,CLIENTE_BANCO,0,Bajo,1.16,0,287,704,0,0,0,0,49,Propia,Preparatoria
Rechazada,Rechazado,MALO,0,41823,PROPIEDAD ACTIVO FIJO,NO_CLIENTE,0,Alto,0.0,5,89,0,0,0,0,0,50,Familiares,Posgrado
Rechazada,Rechazado,MALO,0,59994,RECIBOS DE NOMINA,NO_CLIENTE,0,Alto,0.0,4,89,0,0,0,0,0,50,Propia,Posgrado
Rechazada,Rechazado,MALO,0,54078,RECIBOS DE NOMINA,NO_CLIENTE,0,Alto,0.0,5,89,0,0,0,0,0,50,Propia,Licenciatura
Rechazada,Rechazado,MALO,0,45656,PROPIEDAD ACTIVO FIJO,NO_CLIENTE,0,Alto,0.0,4,89,0,0,0,0,0,50,Renta,Licenciatura
Rechazada,Rechazado,MALO,0,62593,RECIBOS DE NOMINA,NO_CLIENTE,0,Alto,0.0,5,89,0,0,0,0,0,50,Renta,Preparatoria
Rechazada,Rechazado,MALO,0,59369,PROPIEDAD ACTIVO FIJO,NO_CLIENTE,0,Alto,0.0,4,89,0,0,0,0,0,50,Propia,Preparatoria
Rechazada,Rechazado,MALO,0,53694,PROPIEDAD ACTIVO FIJO,NO_CLIENTE,0,Alto,0.0,5,89,0,0,0,0,0,50,Renta,Licenciatura
Rechazada,Rechazado,MALO,0,42910,RECIBOS DE NOMINA,NO_CLIENTE,0,Alto,0.0,2,90,0,0,0,0,0,50,Propia,Posgrado
Rechazada,Rechazado,MALO,0,60749,RECIBOS DE NOMINA,NO_CLIENTE,0,Alto,0.0,2,90,0,0,0,0,0,50,Renta,Posgrado
Rechazada,Rechazado,MALO,0,52365,RECIBOS DE NOMINA,NO_CLIENTE,10003,Alto,0.0,4,90,0,0,6802,0,52325,50,Propia,Preparatoria
Rechazada,Rechazado,MALO,0,46401,PROPIEDAD ACTIVO FIJO,NO_CLIENTE,0,Alto,0.0,4,91,0,0,0,0,27177,50,Familiares,Preparatoria
Rechazada,Rechazado,MALO,0,63681,RECIBOS DE NOMINA,NO_CLIENTE,0,Alto,0.0,4,91,0,0,0,0,0,50,Renta,Preparatoria
Rechazada,Rechazado,MALO,0,58036,PROPIEDAD ACTIVO FIJO,NO_CLIENTE,0,Alto,0.0,3,91,0,0,12393,0,25663,50,Propia,Posgrado
Rechazada,Rechazado,MALO,0,54830,RECIBOS DE NOMINA,NO_CLIENTE,0,Alto,0.0,2,91,0,0,0,0,0,50,Renta,Licenciatura
Rechazada,Rechazado,MALO,0,43244,RECIBOS DE NOMINA,NO_CLIENTE,0,Alto,0.0,3,92,0,0,0,0,0,50,Propia,Posgrado
Rechazada,Rechazado,MALO,0,59385,PROPIEDAD ACTIVO FIJO,NO_CLIENTE,0,Alto,0.0,3,92,0,0,0,0,0,50,Hipoteca,Preparatoria
Rechazada,Rechazado,MALO,0,53473,PROPIEDAD ACTIVO FIJO,NO_CLIENTE,0,Alto,0.0,5,92,0,0,0,0,0,50,Familiares,Posgrado
En_proceso,Rechazado,MALO,0,46763,RECIBOS DE NOMINA,NO_CLIENTE,0,Alto,0.0,4,92,0,0,0,0,0,50,Renta,Licenciatura
Rechazada,Rechazado,MALO,0,62252,PROPIEDAD ACTIVO FIJO,NO_CLIENTE,0,Alto,0.0,4,92,0,0,0,0,0,50,Renta,Posgrado
Rechazada,Rechazado,MALO,0,58984,RECIBOS DE NOMINA,NO_CLIENTE,0,Alto,0.0,1,92,0,0,0,0,0,50,Familiares,Licenciatura
Rechazada,Rechazado,MALO,0,54996,RECIBOS DE NOMINA,NO_CLIENTE,0,Alto,0.0,4,92,0,0,0,0,0,50,Hipoteca,Preparatoria
Rechazada,Rechazado,MALO,0,42676,PROPIEDAD ACTIVO FIJO,NO_CLIENTE,0,Alto,0.0,3,93,0,1,4391,250,0,50,Propia,Preparatoria
Rechazada,Rechazado,MALO,0,60356,PROPIEDAD ACTIVO FIJO,NO_CLIENTE,0,Alto,0.0,2,93,0,0,0,0,0,50,Hipoteca,Posgrado
Rechazada,Rechazado,MALO,0,53634,RECIBOS DE NOMINA,NO_CLIENTE,0,Alto,0.0,3,93,0,0,0,0,0,50,Familiares,Licenciatura
Rechazada,Rechazado,MALO,0,46148,PROPIEDAD ACTIVO FIJO,NO_CLIENTE,0,Alto,0.0,4,93,0,0,0,0,0,50,Familiares,Posgrado
Rechazada,Rechazado,MALO,0,63269,PROPIEDAD ACTIVO FIJO,NO_CLIENTE,25000,Alto,0.0,3,93,0,1,26490,1610,11511,50,Hipoteca,Preparatoria
Rechazada,Rechazado,MALO,0,59162,PROPIEDAD ACTIVO FIJO,NO_CLIENTE,7000,Alto,0.0,2,93,0,3,4874,820,0,50,Propia,Licenciatura
Rechazada,Rechazado,MALO,0,54273,RECIBOS DE NOMINA,NO_CLIENTE,0,Alto,0.0,2,93,0,0,0,0,0,50,Renta,Preparatoria
Rechazada,Rechazado,MALO,0,43786,RECIBOS DE NOMINA,NO_CLIENTE,0,Alto,0.0,2,93,0,0,0,0,0,50,Hipoteca,Preparatoria
Rechazada,Rechazado,MALO,0,60252,RECIBOS DE NOMINA,NO_CLIENTE,0,Alto,0.0,4,94,0,0,0,0,0,50,Propia,Preparatoria
Rechazada,Rechazado,MALO,0,52678,PROPIEDAD ACTIVO FIJO,NO_CLIENTE,0,Alto,0.0,3,94,0,0,0,0,0,50,Renta,Preparatoria
Rechazada,Rechazado,MALO,0,47349,PROPIEDAD ACTIVO FIJO,NO_CLIENTE,0,Alto,0.0,4,94,0,0,2180,0,0,50,Hipoteca,Posgrado
Rechazada,Rechazado,MALO,0,63161,PROPIEDAD ACTIVO FIJO,NO_CLIENTE,0,Alto,0.0,4,94,0,0,0,0,0,50,Familiares,Preparatoria
Rechazada,Rechazado,MALO,0,58383,PROPIEDAD ACTIVO FIJO,NO_CLIENTE,0,Alto,0.0,3,94,0,0,0,0,0,50,Familiares,Preparatoria
Rechazada,Rechazado,MALO,0,55950,RECIBOS DE NOMINA,NO_CLIENTE,0,Alto,0.0,4,95,0,0,0,0,0,50,Propia,Preparatoria
Rechazada,Rechazado,MALO,0,43299,PROPIEDAD ACTIVO FIJO,NO_CLIENTE,0,Alto,0.0,2,95,0,0,2562,0,3993,50,Propia,Licenciatura
Rechazada,Rechazado,MALO,0,59459,RECIBOS DE NOMINA,CLIENTE_BANCO,0,Alto,0.0,2,95,0,0,0,0,0,50,Familiares,Posgrado
Rechazada,Rechazado,MALO,0,54306,RECIBOS DE NOMINA,NO_CLIENTE,0,Alto,0.0,2,96,0,0,0,0,0,50,Familiares,Preparatoria
Cancelada,Rechazado,MALO,0,46822,RECIBOS DE NOMINA,NO_CLIENTE,0,Alto,0.0,3,96,0,0,0,0,0,50,Familiares,Preparatoria
Rechazada,Rechazado,MALO,0,62329,RECIBOS DE NOMINA,NO_CLIENTE,0,Alto,0.0,1,96,0,0,0,0,0,50,Propia,Posgrado
Rechazada,Rechazado,MALO,0,59904,RECIBOS DE NOMINA,NO_CLIENTE,0,Alto,0.0,2,96,0,1,14579,870,47482,50,Renta,Posgrado
Rechazada,Rechazado,MALO,0,55065,PROPIEDAD ACTIVO FIJO,NO_CLIENTE,39999,Alto,0.0,2,96,0,0,713,0,0,50,Familiares,Licenciatura
Rechazada,Rechazado,MALO,0,42729,RECIBOS DE NOMINA,NO_CLIENTE,0,Alto,0.0,4,96,0,0,0,0,0,50,Hipoteca,Posgrado
Rechazada,Rechazado,MALO,0,61297,INVERSIONES,NO_CLIENTE,0,Alto,0.0,4,96,0,0,0,0,209697,50,Hipoteca,Licenciatura
Rechazada,Rechazado,MALO,0,53702,RECIBOS DE NOMINA,NO_CLIENTE,0,Alto,0.0,3,97,0,1,3016,250,0,50,Familiares,Preparatoria
Rechazada,Rechazado,MALO,0,46206,RECIBOS DE NOMINA,NO_CLIENTE,0,Alto,0.0,2,97,0,0,0,0,0,50,Hipoteca,Licenciatura
Rechazada,Rechazado,MALO,0,64255,RECIBOS DE NOMINA,NO_CLIENTE,0,Alto,0.0,3,97,0,0,0,0,0,50,Familiares,Licenciatura
Rechazada,Rechazado,MALO,0,59237,RECIBOS DE NOMINA,NO_CLIENTE,0,Alto,0.0,2,97,0,0,0,0,0,50,Familiares,Posgrado
Rechazada,Rechazado,MALO,0,54340,RECIBOS DE NOMINA,NO_CLIENTE,0,Alto,0.0,4,97,0,0,0,0,0,50,Hipoteca,Preparatoria
Rechazada,Rechazado,MALO,0,44050,RECIBOS DE NOMINA,NO_CLIENTE,0,Alto,0.0,3,97,0,0,0,0,0,50,Renta,Licenciatura
Rechazada,Rechazado,MALO,0,61482,RECIBOS DE NOMINA,NO_CLIENTE,0,Alto,0.0,5,97,0,0,0,0,0,50,Renta,Posgrado
Rechazada,Rechazado,MALO,0,53501,PAGOS PROV SEMESTRALES PF,NO_CLIENTE,0,Alto,0.0,4,97,0,0,0,0,13120,50,Hipoteca,Licenciatura
Rechazada,Rechazado,MALO,0,46739,RECIBOS DE NOMINA,NO_CLIENTE,35500,Alto,0.0,5,97,0,0,0,0,0,50,Propia,Licenciatura
Rechazada,Rechazado,MALO,0,64144,PROPIEDAD ACTIVO FIJO,NO_CLIENTE,0,Alto,0.0,1,98,0,0,0,0,0,50,Hipoteca,Posgrado
Rechazada,Rechazado,MALO,0,59015,PROPIEDAD ACTIVO FIJO,NO_CLIENTE,0,Alto,0.0,2,98,0,0,15360,0,26366,50,Familiares,Preparatoria
Rechazada,Rechazado,MALO,0,54968,RECIBOS DE NOMINA,NO_CLIENTE,0,Alto,0.0,1,98,0,0,0,0,0,50,Propia,Licenciatura
Rechazada,Rechazado,MALO,0,43973,RECIBOS DE NOMINA,NO_CLIENTE,0,Alto,0.0,2,98,0,0,0,0,0,50,Familiares,Licenciatura
Rechazada,Rechazado,MALO,0,60388,PROPIEDAD ACTIVO FIJO,NO_CLIENTE,0,Alto,0.0,3,98,0,0,0,0,0,50,Propia,Posgrado
Rechazada,Rechazado,MALO,0,53607,PROPIEDAD ACTIVO FIJO,NO_CLIENTE,40104,Alto,0.0,2,98,0,1,38210,341,26825,50,Hipoteca,Posgrado
Rechazada,Rechazado,MALO,0,47551,PROPIEDAD ACTIVO FIJO,NO_CLIENTE,0,Alto,0.0,2,99,0,1,1176,440,0,50,Hipoteca,Preparatoria
Rechazada,Rechazado,MALO,0,63302,RECIBOS DE NOMINA,NO_CLIENTE,0,Alto,0.0,1,99,0,1,32185,1900,60244,50,Familiares,Licenciatura
Rechazada,Rechazado,MALO,0,59695,RECIBOS DE NOMINA,NO_CLIENTE,0,Alto,0.0,2,99,0,0,0,0,0,50,Propia,Licenciatura
Rechazada,Rechazado,MALO,0,55659,RECIBOS DE NOMINA,NO_CLIENTE,0,Alto,0.0,3,99,0,0,0,0,0,50,Familiares,Preparatoria
Rechazada,Rechazado,MALO,0,43191,INVERSIONES,NO_CLIENTE,0,Alto,0.0,2,99,0,0,0,0,0,50,Familiares,Posgrado
Rechazada,Rechazado,MALO,0,61083,PROPIEDAD ACTIVO FIJO,NO_CLIENTE,0,Alto,0.0,5,99,0,0,0,0,0,50,Propia,Posgrado
Rechazada,Rechazado,MALO,0,54281,RECIBOS DE NOMINA,NO_CLIENTE,0,Alto,0.0,2,100,0,0,0,0,6259,50,Hipoteca,Posgrado
Rechazada,Rechazado,MALO,0,46705,RECIBOS DE NOMINA,NO_CLIENTE,0,Alto,0.0,3,100,0,0,0,0,0,50,Renta,Posgrado
Rechazada,Rechazado,MALO,0,64032,PROPIEDAD ACTIVO FIJO,NO_CLIENTE,0,Alto,0.0,3,100,0,0,44884,0,0,50,Propia,Posgrado
Rechazada,Rechazado,MALO,0,63437,RECIBOS DE NOMINA,NO_CLIENTE,0,Alto,0.0,3,100,0,0,0,0,0,50,Hipoteca,Licenciatura
Rechazada,Rechazado,MALO,0,54532,RECIBOS DE NOMINA,NO_CLIENTE,0,Alto,0.0,3,100,0,0,0,0,0,50,Familiares,Licenciatura
Rechazada,Rechazado,MALO,0,48045,RECIBOS DE NOMINA,NO_CLIENTE,0,Alto,0.0,4,100,0,0,0,0,0,50,Hipoteca,Licenciatura
Rechazada,Rechazado,MALO,0,66499,RECIBOS DE NOMINA,NO_CLIENTE,0,Alto,0.0,0,100,0,0,0,0,0,50,Propia,Preparatoria
Rechazada,Rechazado,MALO,0,60153,RECIBOS DE NOMINA,NO_CLIENTE,0,Alto,0.0,3,100,0,0,0,0,0,50,Familiares,Posgrado
Rechazada,Rechazado,MALO,0,56503,RECIBOS DE NOMINA,NO_CLIENTE,0,Alto,0.0,1,101,0,0,0,0,0,50,Familiares,Preparatoria
Rechazada,Rechazado,MALO,0,45588,PROPIEDAD ACTIVO FIJO,NO_CLIENTE,0,Alto,0.0,1,101,0,0,0,0,0,50,Hipoteca,Licenciatura
Rechazada,Rechazado,MALO,0,62138,RECIBOS DE NOMINA,NO_CLIENTE,0,Alto,0.0,0,101,0,0,0,0,0,50,Propia,Preparatoria
Rechazada,Rechazado,MALO,0,54844,RECIBOS DE NOMINA,NO_CLIENTE,0,Alto,0.0,3,101,0,8,13760,13760,0,50,Familiares,Posgrado
Rechazada,Rechazado,MALO,0,49063,INVERSIONES,NO_CLIENTE,0,Alto,0.0,2,101,0,0,0,0,36856,50,Familiares,Licenciatura
Rechazada,Rechazado,MALO,0,65137,RECIBOS DE NOMINA,NO_CLIENTE,0,Alto,0.0,1,101,0,8,63186,63186,0,50,Renta,Posgrado
En_proceso,Rechazado,MALO,0,60497,INVERSIONES,NO_CLIENTE,0,Alto,0.0,0,101,0,0,0,0,0,50,Renta,Preparatoria
Pendiente,Pre-Aprobado,MALO,1,57701,PROPIEDAD ACTIVO FIJO,NO_CLIENTE,0,Alto,0.0,1,120,0,0,0,0,0,50,Familiares,Posgrado
Pendiente,Pre-Aprobado,MALO,1,45248,RECIBOS DE NOMINA,NO_CLIENTE,0,Alto,0.0,0,120,0,0,0,0,0,50,Familiares,Posgrado
Pendiente,Pre-Aprobado,MALO,1,62199,PROPIEDAD ACTIVO FIJO,NO_CLIENTE,0,Alto,0.0,3,124,0,0,0,0,0,50,Familiares,Licenciatura
Pendiente,Pre-Aprobado,MALO,1,56272,RECIBOS DE NOMINA,NO_CLIENTE,0,Alto,0.0,0,134,0,0,0,0,0,50,Hipoteca,Posgrado
Pendiente,Pre-Aprobado,MALO,1,48287,PROPIEDAD ACTIVO FIJO,NO_CLIENTE,0,Alto,0.0,0,135,0,0,0,0,0,50,Familiares,Preparatoria
Pendiente,Pre-Aprobado,MALO,1,64892,RECIBOS DE NOMINA,NO_CLIENTE,0,Alto,0.0,0,136,0,0,0,0,0,50,Hipoteca,Posgrado
Pendiente,Pre-Aprobado,MALO,1,62072,RECIBOS DE NOMINA,NO_CLIENTE,0,Alto,0.0,0,142,0,0,0,0,0,50,Hipoteca,Preparatoria
Aprobada,Aprobado,REGULAR,26999,56788,PROPIEDAD ACTIVO FIJO,NO_CLIENTE,0,Mínimo,0.38,0,186,772,0,0,0,0,50,Hipoteca,Licenciatura
Aprobada,Aprobado,BUENO,7000,44486,RECIBOS DE NOMINA,NO_CLIENTE,0,Mínimo,0.46,0,193,774,0,0,0,0,50,Propia,Posgrado
Aprobada,Aprobado,REGULAR,9899,63516,PROPIEDAD ACTIVO FIJO,CLIENTE_BANCO,85500,Medio ,1.18,0,198,689,0,85440,0,0,50,Propia,Licenciatura
Aprobada,Aprobado,BUENO,9899,55910,PROPIEDAD ACTIVO FIJO,CLIENTE_BANCO,50000,Bajo,0.73,0,206,740,1,1743,630,248584,50,Propia,Posgrado
Aprobada,Aprobado,REGULAR,29000,47879,RECIBOS DE NOMINA,CLIENTE_BANCO,12400,Bajo,0.36,0,207,706,0,5618,0,0,50,Familiares,Licenciatura
Aprobada,Aprobado,BUENO,16200,66266,RECIBOS DE NOMINA,CLIENTE_BANCO,324000,Bajo,1.16,0,207,740,1,71956,4050,0,50,Hipoteca,Preparatoria
Aprobada,Aprobado,REGULAR,9899,61673,PROPIEDAD ACTIVO FIJO,CLIENTE_BANCO,25000,Bajo,0.35,0,208,744,0,0,0,250000,50,Propia,Posgrado
Aprobada,Aprobado,BUENO,15800,56308,RECIBOS DE NOMINA,CLIENTE_BANCO,1,Bajo,0.84,0,212,726,0,0,0,0,50,Familiares,Posgrado
Aprobada,Aprobado,BUENO,4999,45428,RECIBOS DE NOMINA,CLIENTE_BANCO,0,Mínimo,0.55,0,215,765,0,0,0,0,50,Propia,Preparatoria
Aprobada,Aprobado,BUENO,5300,63708,RECIBOS DE NOMINA,CLIENTE_BANCO,0,Mínimo,0.52,0,215,768,0,0,0,1681,50,Propia,Posgrado
Aprobada,Aprobado,BUENO,4999,55175,DECLARACION ANUAL PFAE,CLIENTE_BANCO,0,Bajo,0.91,0,216,709,0,0,0,40150,50,Renta,Posgrado
Aprobada,Aprobado,REGULAR,6200,48891,RECIBOS DE NOMINA,CLIENTE_BANCO,8700,Medio ,0.33,0,217,694,1,6702,370,177809,50,Renta,Licenciatura
Aprobada,Aprobado,BUENO,4999,66782,RECIBOS DE NOMINA,CLIENTE_BANCO,0,Bajo,0.51,0,219,749,0,0,0,0,50,Hipoteca,Posgrado
Aprobada,Aprobado,BUENO,7000,60288,RECIBOS DE NOMINA,NO_CLIENTE,0,Mínimo,0.44,0,219,766,0,0,0,0,50,Renta,Preparatoria
Aprobada,Aprobado,BUENO,49999,57499,RECIBOS DE NOMINA,CLIENTE_BANCO,137000,Bajo,0.81,0,221,739,0,0,0,231220,50,Familiares,Licenciatura
Aprobada,Aprobado,REGULAR,40000,45782,RECIBOS DE NOMINA,NO_CLIENTE,0,Medio ,1.19,0,223,681,0,0,0,0,50,Hipoteca,Posgrado
Aprobada,Aprobado,REGULAR,10000,61690,RECIBOS DE NOMINA,CLIENTE_BANCO,0,Mínimo,0.36,0,225,774,0,0,0,0,50,Renta,Licenciatura
Aprobada,Aprobado,REGULAR,142000,56075,RECIBOS DE NOMINA,CLIENTE_BANCO,181000,Bajo,0.33,0,226,727,1,32125,1210,2,50,Renta,Secundaria
Aprobada,Aprobado,BUENO,54000,49507,RECIBOS DE NOMINA,NO_CLIENTE,0,Bajo,0.78,0,226,742,0,0,0,0,50,Renta,Licenciatura
Aprobada,Aprobado,REGULAR,9899,64667,RECIBOS DE NOMINA,NO_CLIENTE,0,Mínimo,0.2,0,228,790,0,0,0,0,50,Hipoteca,Licenciatura
Aprobada,Aprobado,BUENO,4999,61855,RECIBOS DE NOMINA,CLIENTE_BANCO,0,Bajo,0.64,0,229,746,0,0,0,0,50,Familiares,Preparatoria
Aprobada,Aprobado,BUENO,32000,58223,RECIBOS DE NOMINA,CLIENTE_BANCO,0,Bajo,0.9,0,230,720,0,0,0,0,50,Propia,Preparatoria
Aprobada,Aprobado,BUENO,2999,44332,RECIBOS DE NOMINA,CLIENTE_BANCO,6000,Bajo,1.06,0,233,744,1,2763,250,0,50,Familiares,Licenciatura
Aprobada,Aprobado,REGULAR,134000,63293,PROPIEDAD ACTIVO FIJO,CLIENTE_BANCO,0,Medio ,0.21,0,237,667,2,74343,6880,175054,50,Familiares,Preparatoria
Aprobada,Aprobado,REGULAR,9899,56782,PROPIEDAD ACTIVO FIJO,CLIENTE_BANCO,53800,Medio ,1.01,0,238,687,0,49321,0,0,50,Renta,Posgrado
Aprobada,Aprobado,BUENO,30000,48396,RECIBOS DE NOMINA,CLIENTE_BANCO,0,Bajo,0.84,0,239,716,0,0,0,0,50,Propia,Preparatoria
Aprobada,Aprobado,BUENO,5500,66035,RECIBOS DE NOMINA,NO_CLIENTE,0,Mínimo,0.43,0,241,777,0,0,0,0,50,Hipoteca,Preparatoria
Aprobada,Aprobado,BUENO,2999,62337,PROPIEDAD ACTIVO FIJO,CLIENTE_BANCO,11000,Bajo,0.59,0,244,740,0,2519,0,0,50,Propia,Preparatoria
Aprobada,Aprobado,BUENO,266000,56916,PROPIEDAD ACTIVO FIJO,CLIENTE_BANCO,75000,Bajo,1.12,0,245,740,0,36338,0,0,50,Hipoteca,Licenciatura
Aprobada,Aprobado,REGULAR,30000,45270,RECIBOS DE NOMINA,NO_CLIENTE,18900,Alto,0.63,0,248,578,3,0,0,0,50,Familiares,Posgrado
Aprobada,Aprobado,BUENO,49999,63787,INVERSIONES,CLIENTE_BANCO,14300,Bajo,1.07,0,256,723,1,9194,550,6119,50,Hipoteca,Posgrado
Aprobada,Aprobado,BUENO,9899,55507,PROPIEDAD ACTIVO FIJO,CLIENTE_BANCO,54000,Bajo,0.8,0,258,737,1,2858,680,0,50,Propia,Preparatoria
Aprobada,Aprobado,BUENO,49999,48953,RECIBOS DE NOMINA,CLIENTE_BANCO,38000,Bajo,0.47,0,262,750,0,26250,0,0,50,Familiares,Preparatoria
Aprobada,Aprobado,BUENO,1999,66866,RECIBOS DE NOMINA,CLIENTE_BANCO,0,Bajo,0.95,0,276,705,0,0,0,0,50,Propia,Posgrado
Rechazada,Rechazado,MALO,0,61518,RECIBOS DE NOMINA,NO_CLIENTE,0,Alto,0.0,5,89,0,0,15256,0,0,51,Familiares,Preparatoria
Rechazada,Rechazado,MALO,0,57846,RECIBOS DE NOMINA,NO_CLIENTE,0,Alto,0.0,4,89,0,0,0,0,0,51,Familiares,Licenciatura
Rechazada,Rechazado,MALO,0,45407,RECIBOS DE NOMINA,NO_CLIENTE,0,Alto,0.0,3,90,0,0,0,0,0,51,Hipoteca,Posgrado
Rechazada,Rechazado,MALO,0,62949,PROPIEDAD ACTIVO FIJO,NO_CLIENTE,0,Alto,0.0,4,90,0,0,0,0,0,51,Renta,Preparatoria
Rechazada,Rechazado,MALO,0,56413,RECIBOS DE NOMINA,NO_CLIENTE,0,Alto,0.0,2,90,0,0,0,0,0,51,Familiares,Licenciatura
Rechazada,Rechazado,MALO,0,49101,RECIBOS DE NOMINA,NO_CLIENTE,0,Alto,0.0,3,90,0,0,0,0,22188,51,Familiares,Licenciatura
Rechazada,Rechazado,MALO,0,65987,RECIBOS DE NOMINA,NO_CLIENTE,3000,Alto,0.0,3,90,0,1,3537,100,0,51,Familiares,Preparatoria
Rechazada,Rechazado,MALO,0,62228,RECIBOS DE NOMINA,NO_CLIENTE,0,Alto,0.0,3,91,0,0,0,0,0,51,Renta,Posgrado
Rechazada,Rechazado,MALO,0,57745,RECIBOS DE NOMINA,NO_CLIENTE,0,Alto,0.0,4,91,0,0,0,0,12723,51,Hipoteca,Licenciatura
Rechazada,Rechazado,MALO,0,45237,PROPIEDAD ACTIVO FIJO,NO_CLIENTE,0,Alto,0.0,1,91,0,0,0,0,0,51,Hipoteca,Licenciatura
Rechazada,Rechazado,MALO,0,63675,RECIBOS DE NOMINA,NO_CLIENTE,0,Alto,0.0,3,91,0,0,0,0,0,51,Hipoteca,Posgrado
Rechazada,Rechazado,MALO,0,56316,RECIBOS DE NOMINA,NO_CLIENTE,0,Alto,0.0,3,91,0,0,0,0,0,51,Familiares,Licenciatura
Rechazada,Rechazado,MALO,0,48917,RECIBOS DE NOMINA,NO_CLIENTE,0,Alto,0.0,2,91,0,0,0,0,0,51,Propia,Preparatoria
Rechazada,Rechazado,MALO,0,66748,PROPIEDAD ACTIVO FIJO,NO_CLIENTE,0,Alto,0.0,5,91,0,0,0,0,0,51,Familiares,Licenciatura
Rechazada,Rechazado,MALO,0,62120,RECIBOS DE NOMINA,NO_CLIENTE,0,Alto,0.0,4,91,0,0,0,0,0,51,Propia,Posgrado
Rechazada,Rechazado,MALO,0,57529,RECIBOS DE NOMINA,NO_CLIENTE,0,Alto,0.0,5,92,0,0,0,0,0,51,Propia,Licenciatura
Rechazada,Rechazado,MALO,0,46195,RECIBOS DE NOMINA,NO_CLIENTE,0,Alto,0.0,2,92,0,0,0,0,0,51,Renta,Preparatoria
Rechazada,Rechazado,MALO,0,63265,PROPIEDAD ACTIVO FIJO,NO_CLIENTE,0,Alto,0.0,3,92,0,8,50378,50378,45448,51,Propia,Licenciatura
Rechazada,Rechazado,MALO,0,55839,PROPIEDAD ACTIVO FIJO,NO_CLIENTE,0,Alto,0.0,3,92,0,0,0,0,0,51,Propia,Preparatoria
Rechazada,Rechazado,MALO,0,49953,PROPIEDAD ACTIVO FIJO,NO_CLIENTE,0,Alto,0.0,3,92,0,0,0,0,0,51,Familiares,Posgrado
Rechazada,Rechazado,MALO,0,66319,PROPIEDAD ACTIVO FIJO,NO_CLIENTE,142500,Alto,0.0,3,93,0,1,17451,1790,0,51,Hipoteca,Posgrado
Rechazada,Rechazado,MALO,0,61886,PROPIEDAD ACTIVO FIJO,NO_CLIENTE,0,Alto,0.0,5,93,0,0,0,0,0,51,Renta,Preparatoria
Rechazada,Rechazado,MALO,0,59027,PROPIEDAD ACTIVO FIJO,NO_CLIENTE,0,Alto,0.0,5,93,0,0,0,0,0,51,Propia,Posgrado
Rechazada,Rechazado,MALO,0,45464,CTA NOMINA DIGITAL,NO_CLIENTE,0,Alto,0.0,5,93,0,0,0,0,0,51,Renta,Posgrado
Rechazada,Rechazado,MALO,0,63027,RECIBOS DE NOMINA,NO_CLIENTE,0,Alto,0.0,4,94,0,0,0,0,0,51,Renta,Licenciatura
Rechazada,Rechazado,MALO,0,57293,RECIBOS DE NOMINA,NO_CLIENTE,0,Alto,0.0,4,94,0,0,0,0,34853,51,Renta,Posgrado
Rechazada,Rechazado,MALO,0,49163,PROPIEDAD ACTIVO FIJO,NO_CLIENTE,0,Alto,0.0,4,94,0,8,19134,19134,0,51,Propia,Preparatoria
Rechazada,Rechazado,MALO,0,66069,PROPIEDAD ACTIVO FIJO,NO_CLIENTE,0,Alto,0.0,1,94,0,0,20588,0,0,51,Familiares,Preparatoria
Rechazada,Rechazado,MALO,0,63198,RECIBOS DE NOMINA,NO_CLIENTE,0,Alto,0.0,3,94,0,1,869,250,0,51,Hipoteca,Posgrado
Rechazada,Rechazado,MALO,0,57819,RECIBOS DE NOMINA,NO_CLIENTE,0,Alto,0.0,3,94,0,0,0,0,37997,51,Familiares,Preparatoria
Rechazada,Rechazado,MALO,0,45293,RECIBOS DE NOMINA,NO_CLIENTE,0,Alto,0.0,4,94,0,0,0,0,0,51,Familiares,Preparatoria
En_proceso,Rechazado,MALO,0,64668,RECIBOS DE NOMINA,NO_CLIENTE,0,Alto,0.0,5,94,0,0,0,0,0,51,Propia,Licenciatura
Rechazada,Rechazado,MALO,0,56387,RECIBOS DE NOMINA,NO_CLIENTE,0,Alto,0.0,3,95,0,0,0,0,0,51,Familiares,Posgrado
Rechazada,Rechazado,MALO,0,48978,PROPIEDAD ACTIVO FIJO,NO_CLIENTE,0,Alto,0.0,3,95,0,0,0,0,0,51,Propia,Licenciatura
Rechazada,Rechazado,MALO,0,67789,RECIBOS DE NOMINA,NO_CLIENTE,0,Alto,0.0,2,95,0,0,0,0,0,51,Propia,Posgrado
Rechazada,Rechazado,MALO,0,62199,RECIBOS DE NOMINA,NO_CLIENTE,0,Alto,0.0,2,95,0,1,2146,250,0,51,Hipoteca,Posgrado
Rechazada,Rechazado,MALO,0,57601,PROPIEDAD ACTIVO FIJO,NO_CLIENTE,0,Alto,0.0,1,96,0,0,0,0,0,51,Propia,Licenciatura
Rechazada,Rechazado,MALO,0,46472,RECIBOS DE NOMINA,NO_CLIENTE,0,Alto,0.0,1,96,0,0,0,0,0,51,Familiares,Licenciatura
Rechazada,Rechazado,MALO,0,64556,PROPIEDAD ACTIVO FIJO,NO_CLIENTE,0,Alto,0.0,3,96,0,0,0,0,0,51,Familiares,Secundaria
Rechazada,Rechazado,MALO,0,56711,RECIBOS DE NOMINA,NO_CLIENTE,0,Alto,0.0,4,96,0,0,0,0,70853,51,Renta,Preparatoria
Rechazada,Rechazado,MALO,0,49310,PROPIEDAD ACTIVO FIJO,NO_CLIENTE,0,Alto,0.0,4,96,0,0,0,0,0,51,Propia,Licenciatura
Rechazada,Rechazado,MALO,0,67351,PROPIEDAD ACTIVO FIJO,NO_CLIENTE,0,Alto,0.0,4,96,0,0,0,0,0,51,Renta,Posgrado
Rechazada,Rechazado,MALO,0,62556,RECIBOS DE NOMINA,NO_CLIENTE,0,Alto,0.0,4,96,0,0,0,0,0,51,Hipoteca,Posgrado
Rechazada,Rechazado,MALO,0,57991,PROPIEDAD ACTIVO FIJO,NO_CLIENTE,0,Alto,0.0,5,96,0,0,0,0,0,51,Hipoteca,Licenciatura
Rechazada,Rechazado,MALO,0,46172,PROPIEDAD ACTIVO FIJO,NO_CLIENTE,0,Alto,0.0,3,97,0,0,0,0,0,51,Renta,Preparatoria
Rechazada,Rechazado,MALO,0,64011,RECIBOS DE NOMINA,NO_CLIENTE,0,Alto,0.0,1,97,0,0,8426,0,0,51,Hipoteca,Licenciatura
Rechazada,Rechazado,MALO,0,56555,PROPIEDAD ACTIVO FIJO,NO_CLIENTE,0,Alto,0.0,3,97,0,0,0,0,0,51,Hipoteca,Licenciatura
Rechazada,Rechazado,MALO,0,49929,RECIBOS DE NOMINA,NO_CLIENTE,0,Alto,0.0,4,98,0,0,0,0,0,51,Propia,Licenciatura
Rechazada,Rechazado,MALO,0,67100,RECIBOS DE NOMINA,NO_CLIENTE,0,Alto,0.0,2,98,0,0,0,0,0,51,Renta,Preparatoria
Rechazada,Rechazado,MALO,0,62979,RECIBOS DE NOMINA,NO_CLIENTE,0,Alto,0.0,2,98,0,0,0,0,0,51,Familiares,Secundaria
Rechazada,Rechazado,MALO,0,58442,PROPIEDAD ACTIVO FIJO,NO_CLIENTE,0,Alto,0.0,2,98,0,0,0,0,0,51,Hipoteca,Preparatoria
Rechazada,Rechazado,MALO,0,45782,PROPIEDAD ACTIVO FIJO,NO_CLIENTE,26003,Alto,0.0,4,98,0,1,26838,1610,49145,51,Familiares,Posgrado
Rechazada,Rechazado,MALO,0,64443,RECIBOS DE NOMINA,NO_CLIENTE,0,Alto,0.0,2,98,0,0,0,0,0,51,Propia,Posgrado
Rechazada,Rechazado,MALO,0,56995,RECIBOS DE NOMINA,NO_CLIENTE,0,Alto,0.0,2,98,0,0,0,0,0,51,Propia,Licenciatura
Rechazada,Rechazado,MALO,0,49507,PROPIEDAD ACTIVO FIJO,NO_CLIENTE,43000,Alto,0.0,1,98,0,1,27820,1600,0,51,Familiares,Licenciatura
Rechazada,Rechazado,MALO,0,67553,RECIBOS DE NOMINA,NO_CLIENTE,0,Alto,0.0,3,98,0,0,0,0,0,51,Hipoteca,Preparatoria
Rechazada,Rechazado,MALO,0,66609,PROPIEDAD ACTIVO FIJO,NO_CLIENTE,0,Alto,0.0,5,99,0,0,0,0,0,51,Hipoteca,Preparatoria
Rechazada,Rechazado,MALO,0,57804,PROPIEDAD ACTIVO FIJO,NO_CLIENTE,0,Alto,0.0,3,99,0,0,0,0,0,51,Hipoteca,Licenciatura
Rechazada,Rechazado,MALO,0,50687,RECIBOS DE NOMINA,NO_CLIENTE,0,Alto,0.0,5,99,0,0,0,0,0,51,Propia,Licenciatura
Rechazada,Rechazado,MALO,0,69824,RECIBOS DE NOMINA,NO_CLIENTE,0,Alto,0.0,5,99,0,0,0,0,0,51,Hipoteca,Posgrado
Rechazada,Rechazado,MALO,0,63762,RECIBOS DE NOMINA,NO_CLIENTE,0,Alto,0.0,3,100,0,0,0,0,0,51,Hipoteca,Posgrado
Cancelada,Rechazado,MALO,0,59611,SIN COMPROBANTE,NO_CLIENTE,0,Alto,0.0,3,100,0,0,0,0,0,51,Hipoteca,Posgrado
Rechazada,Rechazado,MALO,0,47867,RECIBOS DE NOMINA,NO_CLIENTE,0,Alto,0.0,3,100,0,0,0,0,0,51,Propia,Posgrado
Rechazada,Rechazado,MALO,0,65866,RECIBOS DE NOMINA,NO_CLIENTE,0,Alto,0.0,3,100,0,0,0,0,0,51,Familiares,Posgrado
Rechazada,Rechazado,MALO,0,57861,RECIBOS DE NOMINA,NO_CLIENTE,0,Alto,0.0,3,100,0,0,0,0,0,51,Familiares,Preparatoria
Rechazada,Rechazado,MALO,0,51516,RECIBOS DE NOMINA,NO_CLIENTE,0,Alto,0.0,2,101,0,0,0,0,0,51,Propia,Licenciatura
Rechazada,Rechazado,MALO,0,69045,RECIBOS DE NOMINA,NO_CLIENTE,0,Alto,0.0,2,101,0,0,0,0,0,51,Propia,Licenciatura
Rechazada,Rechazado,MALO,0,63824,RECIBOS DE NOMINA,NO_CLIENTE,0,Alto,0.0,3,101,0,0,0,0,0,51,Familiares,Preparatoria
Rechazada,Rechazado,MALO,0,60586,PROPIEDAD ACTIVO FIJO,NO_CLIENTE,0,Alto,0.0,3,101,0,0,0,0,0,51,Propia,Posgrado
Rechazada,Rechazado,MALO,0,47963,PROPIEDAD ACTIVO FIJO,NO_CLIENTE,0,Alto,0.0,1,101,0,0,0,0,0,51,Renta,Licenciatura
Rechazada,Rechazado,MALO,0,65619,PROPIEDAD ACTIVO FIJO,NO_CLIENTE,0,Alto,0.0,2,101,0,0,0,0,0,51,Renta,Preparatoria
Rechazada,Rechazado,MALO,0,59086,PROPIEDAD ACTIVO FIJO,NO_CLIENTE,0,Alto,0.0,0,101,0,0,0,0,0,51,Hipoteca,Posgrado
Rechazada,Rechazado,MALO,0,51185,RECIBOS DE NOMINA,NO_CLIENTE,0,Alto,0.0,2,101,0,0,0,0,0,51,Renta,Preparatoria
Rechazada,Rechazado,MALO,0,68461,RECIBOS DE NOMINA,NO_CLIENTE,11000,Alto,0.0,2,101,0,0,0,0,0,51,Familiares,Posgrado
Pendiente,Pre-Aprobado,MALO,1,65176,PROPIEDAD ACTIVO FIJO,NO_CLIENTE,0,Alto,0.0,0,111,0,0,0,0,38103,51,Renta,Licenciatura
Pendiente,Pre-Aprobado,MALO,1,60196,RECIBOS DE NOMINA,NO_CLIENTE,0,Alto,0.0,0,120,0,0,0,0,0,51,Hipoteca,Preparatoria
Pendiente,Pre-Aprobado,MALO,1,46933,PROPIEDAD ACTIVO FIJO,NO_CLIENTE,0,Alto,0.0,0,121,0,0,0,0,0,51,Propia,Posgrado
Pendiente,Pre-Aprobado,MALO,1,66691,PROPIEDAD ACTIVO FIJO,NO_CLIENTE,0,Alto,0.0,1,122,0,0,0,0,0,51,Hipoteca,Preparatoria
Pendiente,Pre-Aprobado,MALO,1,59264,PROPIEDAD ACTIVO FIJO,NO_CLIENTE,0,Alto,0.0,3,123,0,0,0,0,0,51,Hipoteca,Preparatoria
Pendiente,Pre-Aprobado,MALO,1,50512,RECIBOS DE NOMINA,NO_CLIENTE,4000,Alto,0.0,1,124,0,1,2667,250,0,51,Propia,Preparatoria
Pendiente,Pre-Aprobado,MALO,1,69579,RECIBOS DE NOMINA,NO_CLIENTE,0,Alto,0.0,0,132,0,0,0,0,0,51,Hipoteca,Preparatoria
Pendiente,Pre-Aprobado,MALO,1,65373,RECIBOS DE NOMINA,NO_CLIENTE,24500,Alto,0.0,0,176,0,1,766,310,0,51,Hipoteca,Posgrado
Aprobada,Aprobado,REGULAR,8300,59404,PROPIEDAD ACTIVO FIJO,CLIENTE_BANCO,7600,Medio ,0.67,0,176,676,0,7185,0,0,51,Familiares,Posgrado
Aprobada,Aprobado,BUENO,20000,47699,RECIBOS DE NOMINA,CLIENTE_BANCO,0,Bajo,0.84,0,189,726,0,0,0,117492,51,Renta,Licenciatura
Aprobada,Aprobado,REGULAR,19300,67530,RECIBOS DE NOMINA,NO_CLIENTE,0,Mínimo,0.3,0,196,780,0,0,0,0,51,Renta,Preparatoria
Aprobada,Aprobado,REGULAR,9899,58210,PROPIEDAD ACTIVO FIJO,CLIENTE_BANCO,104500,Medio ,0.85,0,203,695,0,78268,0,0,51,Hipoteca,Licenciatura
Aprobada,Aprobado,BUENO,50000,51336,RECIBOS DE NOMINA,CLIENTE_BANCO,55000,Bajo,0.73,0,205,711,1,26537,590,162372,51,Renta,Licenciatura
Aprobada,Aprobado,BUENO,50000,70789,PAGOS PROV SEMESTRALES PF,CLIENTE_BANCO,14400,Bajo,0.59,0,207,727,1,3852,250,0,51,Hipoteca,Posgrado
Aprobada,Aprobado,BUENO,9899,63604,PROPIEDAD ACTIVO FIJO,CLIENTE_BANCO,0,Bajo,0.99,0,208,701,0,0,0,0,51,Propia,Preparatoria
Aprobada,Aprobado,BUENO,2999,60374,RECIBOS DE NOMINA,CLIENTE_BANCO,0,Bajo,0.68,0,210,732,0,0,0,0,51,Renta,Posgrado
Aprobada,Aprobado,BUENO,10000,48529,RECIBOS DE NOMINA,NO_CLIENTE,0,Bajo,0.6,0,215,740,0,0,0,0,51,Propia,Posgrado
Aprobada,Aprobado,BUENO,9899,65083,RECIBOS DE NOMINA,CLIENTE_BANCO,21000,Mínimo,0.48,0,218,754,0,1369,0,0,51,Propia,Posgrado
Aprobada,Aprobado,REGULAR,6200,59440,PROPIEDAD ACTIVO FIJO,NO_CLIENTE,0,Mínimo,0.36,0,218,774,0,0,0,0,51,Propia,Licenciatura
Aprobada,Aprobado,BUENO,2999,52230,RECIBOS DE NOMINA,NO_CLIENTE,0,Bajo,0.92,0,219,728,0,0,0,0,51,Familiares,Preparatoria
Aprobada,Aprobado,BUENO,10000,67901,RECIBOS DE NOMINA,CLIENTE_BANCO,6400,Bajo,0.9,0,219,733,1,4471,270,83517,51,Familiares,Licenciatura
Aprobada,Aprobado,BUENO,38000,65566,RECIBOS DE NOMINA,CLIENTE_BANCO,18000,Mínimo,0.44,0,219,757,1,5459,320,0,51,Familiares,Licenciatura
Aprobada,Aprobado,BUENO,9899,61425,PROPIEDAD ACTIVO FIJO,CLIENTE_BANCO,11000,Bajo,0.97,0,220,723,0,0,0,0,51,Hipoteca,Preparatoria
Aprobada,Aprobado,REGULAR,49999,46549,PROPIEDAD ACTIVO FIJO,CLIENTE_BANCO,74000,Bajo,0.22,0,220,740,1,30030,930,0,51,Familiares,Posgrado
Aprobada,Aprobado,BUENO,1999,67091,RECIBOS DE NOMINA,CLIENTE_BANCO,0,Bajo,1.05,0,222,715,0,0,0,0,51,Renta,Posgrado
Aprobada,Aprobado,BUENO,49999,59905,PROPIEDAD ACTIVO FIJO,CLIENTE_BANCO,42000,Bajo,0.88,0,223,712,0,0,0,0,51,Familiares,Licenciatura
Aprobada,Aprobado,REGULAR,39999,50815,PROPIEDAD ACTIVO FIJO,CLIENTE_BANCO,19600,Bajo,0.37,0,223,723,1,6379,250,0,51,Propia,Preparatoria
Aprobada,Aprobado,BUENO,60000,69997,RECIBOS DE NOMINA,CLIENTE_BANCO,22500,Mínimo,0.73,0,224,757,1,1699,290,0,51,Renta,Licenciatura
Aprobada,Aprobado,REGULAR,49999,65766,PROPIEDAD ACTIVO FIJO,CLIENTE_BANCO,66000,Bajo,0.35,0,228,740,0,17366,0,0,51,Renta,Preparatoria
Aprobada,Aprobado,BUENO,19700,59762,RECIBOS DE NOMINA,CLIENTE_BANCO,9900,Bajo,1.15,0,232,740,1,7387,420,0,51,Renta,Preparatoria
Aprobada,Aprobado,REGULAR,70000,47986,RECIBOS DE NOMINA,CLIENTE_BANCO,64000,Mínimo,0.31,0,233,779,0,0,0,0,51,Propia,Posgrado
Aprobada,Aprobado,BUENO,49999,67295,PROPIEDAD ACTIVO FIJO,CLIENTE_BANCO,9900,Bajo,1.04,0,234,740,0,4378,0,119358,51,Familiares,Posgrado
Aprobada,Aprobado,BUENO,49999,58282,PROPIEDAD ACTIVO FIJO,CLIENTE_BANCO,25800,Bajo,0.95,0,238,705,1,4472,330,0,51,Renta,Licenciatura
Aprobada,Aprobado,REGULAR,39999,51890,RECIBOS DE NOMINA,CLIENTE_BANCO,63000,Bajo,0.27,0,239,734,1,2068,790,0,51,Hipoteca,Preparatoria
Aprobada,Aprobado,REGULAR,39999,70543,PROPIEDAD ACTIVO FIJO,CLIENTE_BANCO,17700,Medio ,0.51,0,242,674,1,17255,850,0,51,Renta,Preparatoria
Aprobada,Aprobado,BUENO,9899,64594,PROPIEDAD ACTIVO FIJO,CLIENTE_BANCO,0,Bajo,0.55,0,242,745,0,0,0,99343,51,Propia,Preparatoria
Aprobada,Aprobado,BUENO,127000,61316,RECIBOS DE NOMINA,NO_CLIENTE,0,Bajo,1.0,0,248,720,0,0,0,0,51,Propia,Posgrado
Aprobada,Aprobado,BUENO,49999,47904,PROPIEDAD ACTIVO FIJO,CLIENTE_BANCO,32000,Mínimo,0.41,0,249,751,1,11852,400,0,51,Propia,Preparatoria
Aprobada,Aprobado,REGULAR,9899,66096,PROPIEDAD ACTIVO FIJO,CLIENTE_BANCO,10500,Mínimo,0.28,0,251,779,0,105,0,0,51,Hipoteca,Preparatoria
Aprobada,Aprobado,BUENO,64000,59798,RECIBOS DE NOMINA,CLIENTE_BANCO,298500,Bajo,0.91,0,254,744,1,591,591,96056,51,Familiares,Preparatoria
Aprobada,Aprobado,BUENO,40999,51802,RECIBOS DE NOMINA,CLIENTE_BANCO,73500,Bajo,1.05,0,257,715,0,0,0,0,51,Propia,Preparatoria
Cancelada,Rechazado,MALO,0,69286,SIN COMPROBANTE,NO_CLIENTE,0,Alto,0.0,4,89,0,0,0,0,0,52,Familiares,Licenciatura
Rechazada,Rechazado,MALO,0,65962,PROPIEDAD ACTIVO FIJO,NO_CLIENTE,0,Alto,0.0,4,89,0,0,0,0,0,52,Renta,Posgrado
Rechazada,Rechazado,MALO,0,60921,RECIBOS DE NOMINA,NO_CLIENTE,0,Alto,0.0,5,89,0,0,0,0,0,52,Familiares,Preparatoria
Rechazada,Rechazado,MALO,0,47499,PROPIEDAD ACTIVO FIJO,NO_CLIENTE,0,Alto,0.0,5,89,0,0,0,0,0,52,Familiares,Posgrado
Rechazada,Rechazado,MALO,0,67496,RECIBOS DE NOMINA,NO_CLIENTE,0,Alto,0.0,4,89,0,0,0,0,0,52,Propia,Licenciatura
Rechazada,Rechazado,MALO,0,59413,RECIBOS DE NOMINA,NO_CLIENTE,0,Alto,0.0,4,89,0,0,0,0,0,52,Renta,Preparatoria
Rechazada,Rechazado,MALO,0,51363,RECIBOS DE NOMINA,NO_CLIENTE,0,Alto,0.0,4,89,0,0,0,0,0,52,Renta,Preparatoria
Rechazada,Rechazado,MALO,0,70753,RECIBOS DE NOMINA,NO_CLIENTE,0,Alto,0.0,5,90,0,0,0,0,0,52,Hipoteca,Posgrado
Rechazada,Rechazado,MALO,0,65537,INVERSIONES,NO_CLIENTE,0,Alto,0.0,3,90,0,0,0,0,0,52,Propia,Preparatoria
Rechazada,Rechazado,MALO,0,60406,RECIBOS DE NOMINA,NO_CLIENTE,0,Alto,0.0,3,90,0,0,0,0,0,52,Familiares,Preparatoria
Rechazada,Rechazado,MALO,0,48966,RECIBOS DE NOMINA,NO_CLIENTE,0,Alto,0.0,3,90,0,0,0,0,0,52,Familiares,Preparatoria
Rechazada,Rechazado,MALO,0,66745,PROPIEDAD ACTIVO FIJO,NO_CLIENTE,0,Alto,0.0,4,90,0,0,0,0,0,52,Propia,Posgrado
Rechazada,Rechazado,MALO,0,58631,RECIBOS DE NOMINA,NO_CLIENTE,37300,Alto,0.0,3,90,0,1,28899,2140,64783,52,Hipoteca,Licenciatura
Rechazada,Rechazado,MALO,0,52950,RECIBOS DE NOMINA,NO_CLIENTE,0,Alto,0.0,5,90,0,0,0,0,0,52,Renta,Preparatoria
Rechazada,Rechazado,MALO,0,69966,PROPIEDAD ACTIVO FIJO,NO_CLIENTE,0,Alto,0.0,1,91,0,0,0,0,55398,52,Familiares,Licenciatura
Rechazada,Rechazado,MALO,0,64981,RECIBOS DE NOMINA,NO_CLIENTE,0,Alto,0.0,2,91,0,0,0,0,0,52,Renta,Licenciatura
Rechazada,Rechazado,MALO,0,62569,RECIBOS DE NOMINA,NO_CLIENTE,0,Alto,0.0,2,91,0,0,0,0,0,52,Propia,Posgrado
Rechazada,Rechazado,MALO,0,47965,PROPIEDAD ACTIVO FIJO,NO_CLIENTE,0,Alto,0.0,3,91,0,1,3051,380,23623,52,Hipoteca,Licenciatura
Rechazada,Rechazado,MALO,0,66178,RECIBOS DE NOMINA,NO_CLIENTE,0,Alto,0.0,3,91,0,0,0,0,0,52,Propia,Preparatoria
Rechazada,Rechazado,MALO,0,60731,RECIBOS DE NOMINA,NO_CLIENTE,0,Alto,0.0,1,91,0,0,0,0,0,52,Renta,Preparatoria
Rechazada,Rechazado,MALO,0,51867,RECIBOS DE NOMINA,NO_CLIENTE,0,Alto,0.0,1,91,0,0,0,0,0,52,Hipoteca,Posgrado
Rechazada,Rechazado,MALO,0,69372,RECIBOS DE NOMINA,NO_CLIENTE,0,Alto,0.0,2,92,0,0,0,0,0,52,Familiares,Preparatoria
Rechazada,Rechazado,MALO,0,66990,RECIBOS DE NOMINA,NO_CLIENTE,0,Alto,0.0,1,92,0,0,0,0,0,52,Renta,Licenciatura
Rechazada,Rechazado,MALO,0,60999,RECIBOS DE NOMINA,NO_CLIENTE,0,Alto,0.0,5,92,0,0,0,0,0,52,Renta,Licenciatura
Rechazada,Rechazado,MALO,0,47558,PROPIEDAD ACTIVO FIJO,NO_CLIENTE,0,Alto,0.0,3,93,0,0,45114,2270,10000,52,Propia,Preparatoria
Rechazada,Rechazado,MALO,0,68548,PROPIEDAD ACTIVO FIJO,NO_CLIENTE,0,Alto,0.0,5,93,0,1,3,3,0,52,Propia,Posgrado
Rechazada,Rechazado,MALO,0,59488,RECIBOS DE NOMINA,NO_CLIENTE,0,Alto,0.0,4,93,0,0,0,0,0,52,Familiares,Preparatoria
Rechazada,Rechazado,MALO,0,51427,PROPIEDAD ACTIVO FIJO,NO_CLIENTE,0,Alto,0.0,2,93,0,0,0,0,0,52,Hipoteca,Preparatoria
Rechazada,Rechazado,MALO,0,71856,RECIBOS DE NOMINA,NO_CLIENTE,0,Alto,0.0,3,93,0,0,0,0,0,52,Familiares,Posgrado
En_proceso,Rechazado,MALO,0,65620,RECIBOS DE NOMINA,NO_CLIENTE,0,Alto,0.0,5,93,0,0,0,0,0,52,Renta,Licenciatura
Rechazada,Rechazado,MALO,0,60481,PROPIEDAD ACTIVO FIJO,NO_CLIENTE,0,Alto,0.0,5,94,0,0,0,0,0,52,Hipoteca,Posgrado
Rechazada,Rechazado,MALO,0,49261,PROPIEDAD ACTIVO FIJO,NO_CLIENTE,0,Alto,0.0,3,94,0,0,0,0,5412,52,Familiares,Preparatoria
Rechazada,Rechazado,MALO,0,68107,PROPIEDAD ACTIVO FIJO,NO_CLIENTE,0,Alto,0.0,3,94,0,0,0,0,0,52,Familiares,Preparatoria
Rechazada,Rechazado,MALO,0,59547,RECIBOS DE NOMINA,NO_CLIENTE,0,Alto,0.0,3,94,0,0,0,0,0,52,Renta,Preparatoria
En_proceso,Rechazado,MALO,0,52268,RECIBOS DE NOMINA,NO_CLIENTE,0,Alto,0.0,2,94,0,0,0,0,0,52,Renta,Licenciatura
Rechazada,Rechazado,MALO,0,71055,RECIBOS DE NOMINA,NO_CLIENTE,0,Alto,0.0,4,94,0,0,0,0,0,52,Familiares,Licenciatura
Rechazada,Rechazado,MALO,0,65684,RECIBOS DE NOMINA,NO_CLIENTE,15,Alto,0.0,4,94,0,0,0,0,0,52,Hipoteca,Posgrado
Rechazada,Rechazado,MALO,0,61470,PAGOS PROV SEMESTRALES PF,NO_CLIENTE,0,Alto,0.0,2,95,0,0,0,0,0,52,Familiares,Preparatoria
Rechazada,Rechazado,MALO,0,48711,RECIBOS DE NOMINA,NO_CLIENTE,0,Alto,0.0,3,95,0,0,0,0,0,52,Familiares,Posgrado
Rechazada,Rechazado,MALO,0,67211,RECIBOS DE NOMINA,NO_CLIENTE,0,Alto,0.0,4,95,0,0,0,0,0,52,Hipoteca,Licenciatura
Rechazada,Rechazado,MALO,0,59948,RECIBOS DE NOMINA,NO_CLIENTE,0,Alto,0.0,3,95,0,0,0,0,0,52,Propia,Posgrado
Rechazada,Rechazado,MALO,0,52675,PAGOS PROV SEMESTRALES PF,NO_CLIENTE,0,Alto,0.0,3,95,0,0,0,0,0,52,Propia,Posgrado
Rechazada,Rechazado,MALO,0,70455,RECIBOS DE NOMINA,NO_CLIENTE,0,Alto,0.0,3,96,0,0,0,0,0,52,Propia,Preparatoria
Rechazada,Rechazado,MALO,0,66757,PROPIEDAD ACTIVO FIJO,NO_CLIENTE,0,Alto,0.0,3,96,0,0,0,0,0,52,Hipoteca,Posgrado
Rechazada,Rechazado,MALO,0,61656,RECIBOS DE NOMINA,NO_CLIENTE,0,Alto,0.0,2,96,0,0,0,0,0,52,Propia,Preparatoria
Rechazada,Rechazado,MALO,0,48071,PROPIEDAD ACTIVO FIJO,NO_CLIENTE,69000,Alto,0.0,1,96,0,0,1663,0,0,52,Propia,Preparatoria
Rechazada,Rechazado,MALO,0,68310,RECIBOS DE NOMINA,NO_CLIENTE,0,Alto,0.0,3,96,0,0,0,0,0,52,Hipoteca,Preparatoria
Rechazada,Rechazado,MALO,0,60130,RECIBOS DE NOMINA,NO_CLIENTE,0,Alto,0.0,3,96,0,0,0,0,0,52,Propia,Preparatoria
Rechazada,Rechazado,MALO,0,51983,RECIBOS DE NOMINA,NO_CLIENTE,0,Alto,0.0,4,96,0,0,0,0,0,52,Propia,Licenciatura
Rechazada,Rechazado,MALO,0,71606,RECIBOS DE NOMINA,NO_CLIENTE,0,Alto,0.0,4,96,0,0,0,0,0,52,Hipoteca,Licenciatura
Rechazada,Rechazado,MALO,0,70272,PROPIEDAD ACTIVO FIJO,NO_CLIENTE,12600,Alto,0.0,4,96,0,1,1444,250,0,52,Familiares,Preparatoria
Rechazada,Rechazado,MALO,0,60694,RECIBOS DE NOMINA,NO_CLIENTE,0,Alto,0.0,5,96,0,0,0,0,0,52,Renta,Preparatoria
Rechazada,Rechazado,MALO,0,53728,PROPIEDAD ACTIVO FIJO,NO_CLIENTE,0,Alto,0.0,3,97,0,0,2432,0,0,52,Propia,Posgrado
Rechazada,Rechazado,MALO,0,73664,RECIBOS DE NOMINA,NO_CLIENTE,0,Alto,0.0,2,97,0,0,0,0,0,52,Propia,Licenciatura
Rechazada,Rechazado,MALO,0,66950,RECIBOS DE NOMINA,NO_CLIENTE,0,Alto,0.0,4,97,0,0,0,0,0,52,Propia,Preparatoria
Rechazada,Rechazado,MALO,0,63187,PAGOS PROV SEMESTRALES PF,NO_CLIENTE,0,Alto,0.0,1,97,0,0,0,0,0,52,Hipoteca,Preparatoria
Rechazada,Rechazado,MALO,0,50500,PROPIEDAD ACTIVO FIJO,NO_CLIENTE,0,Alto,0.0,2,97,0,0,0,0,0,52,Renta,Preparatoria
Rechazada,Rechazado,MALO,0,69159,PROPIEDAD ACTIVO FIJO,NO_CLIENTE,24500,Alto,0.0,5,97,0,1,5410,310,0,52,Propia,Preparatoria
Rechazada,Rechazado,MALO,0,61332,PROPIEDAD ACTIVO FIJO,NO_CLIENTE,0,Alto,0.0,5,97,0,0,0,0,0,52,Hipoteca,Licenciatura
Rechazada,Rechazado,MALO,0,54350,RECIBOS DE NOMINA,NO_CLIENTE,0,Alto,0.0,4,97,0,0,0,0,0,52,Familiares,Posgrado
Rechazada,Rechazado,MALO,0,72497,RECIBOS DE NOMINA,NO_CLIENTE,0,Alto,0.0,2,98,0,0,0,0,0,52,Hipoteca,Posgrado
Rechazada,Rechazado,MALO,0,67654,RECIBOS DE NOMINA,NO_CLIENTE,0,Alto,0.0,3,98,0,0,0,0,28442,52,Propia,Posgrado
Rechazada,Rechazado,MALO,0,63918,RECIBOS DE NOMINA,NO_CLIENTE,0,Alto,0.0,1,98,0,0,0,0,0,52,Renta,Licenciatura
Rechazada,Rechazado,MALO,0,50361,PROPIEDAD ACTIVO FIJO,NO_CLIENTE,0,Alto,0.0,5,99,0,3,22184,3870,0,52,Familiares,Licenciatura
Cancelada,Rechazado,MALO,0,69557,RECIBOS DE NOMINA,NO_CLIENTE,0,Alto,0.0,3,99,0,0,0,0,0,52,Hipoteca,Licenciatura
Rechazada,Rechazado,MALO,0,62336,RECIBOS DE NOMINA,NO_CLIENTE,0,Alto,0.0,2,99,0,0,0,0,0,52,Propia,Licenciatura
Rechazada,Rechazado,MALO,0,53744,PROPIEDAD ACTIVO FIJO,NO_CLIENTE,0,Alto,0.0,4,99,0,0,0,0,0,52,Propia,Preparatoria
Rechazada,Rechazado,MALO,0,72568,RECIBOS DE NOMINA,NO_CLIENTE,0,Alto,0.0,3,99,0,0,0,0,5281,52,Hipoteca,Preparatoria
Rechazada,Rechazado,MALO,0,68761,PROPIEDAD ACTIVO FIJO,NO_CLIENTE,0,Alto,0.0,1,99,0,0,7297,0,111588,52,Familiares,Licenciatura
Rechazada,Rechazado,MALO,0,63205,PROPIEDAD ACTIVO FIJO,NO_CLIENTE,0,Alto,0.0,3,99,0,0,0,0,0,52,Renta,Posgrado
Rechazada,Rechazado,MALO,0,49749,RECIBOS DE NOMINA,NO_CLIENTE,0,Alto,0.0,4,99,0,0,0,0,0,52,Propia,Preparatoria
Rechazada,Rechazado,MALO,0,70359,RECIBOS DE NOMINA,NO_CLIENTE,0,Alto,0.0,5,99,0,0,0,0,0,52,Hipoteca,Preparatoria
Rechazada,Rechazado,MALO,0,62228,RECIBOS DE NOMINA,NO_CLIENTE,0,Alto,0.0,3,99,0,0,0,0,0,52,Propia,Licenciatura
Rechazada,Rechazado,MALO,0,53543,RECIBOS DE NOMINA,NO_CLIENTE,0,Alto,0.0,2,99,0,0,0,0,8326,52,Propia,Licenciatura
Rechazada,Rechazado,MALO,0,73406,RECIBOS DE NOMINA,NO_CLIENTE,0,Alto,0.0,3,100,0,1,19439,1690,63401,52,Propia,Posgrado
Rechazada,Rechazado,MALO,0,68642,PROPIEDAD ACTIVO FIJO,NO_CLIENTE,0,Alto,0.0,1,100,0,1,3352,370,0,52,Hipoteca,Licenciatura
Rechazada,Rechazado,MALO,0,62969,PROPIEDAD ACTIVO FIJO,NO_CLIENTE,0,Alto,0.0,2,100,0,1,5093,300,0,52,Familiares,Licenciatura
Rechazada,Rechazado,MALO,0,50323,PROPIEDAD ACTIVO FIJO,NO_CLIENTE,0,Alto,0.0,1,100,0,0,0,0,125060,52,Propia,Posgrado
Rechazada,Rechazado,MALO,0,70907,RECIBOS DE NOMINA,NO_CLIENTE,0,Alto,0.0,3,100,0,0,0,0,0,52,Propia,Posgrado
Rechazada,Rechazado,MALO,0,61702,PROPIEDAD ACTIVO FIJO,NO_CLIENTE,47000,Alto,0.0,3,100,0,0,0,0,0,52,Hipoteca,Licenciatura
Rechazada,Rechazado,MALO,0,54159,RECIBOS DE NOMINA,NO_CLIENTE,0,Alto,0.0,3,101,0,0,0,0,0,52,Hipoteca,Preparatoria
Rechazada,Rechazado,MALO,0,74329,RECIBOS DE NOMINA,NO_CLIENTE,0,Alto,0.0,0,101,0,0,0,0,0,52,Renta,Preparatoria
Rechazada,Rechazado,MALO,0,67420,RECIBOS DE NOMINA,NO_CLIENTE,0,Alto,0.0,1,101,0,0,0,0,0,52,Hipoteca,Licenciatura
Rechazada,Rechazado,MALO,0,63694,PROPIEDAD ACTIVO FIJO,NO_CLIENTE,68004,Alto,0.0,3,101,0,1,32170,1730,163023,52,Hipoteca,Licenciatura
Pendiente,Pre-Aprobado,MALO,1,50956,RECIBOS DE NOMINA,NO_CLIENTE,0,Alto,0.0,0,120,0,0,0,0,0,52,Hipoteca,Licenciatura
Pendiente,Pre-Aprobado,MALO,1,68988,RECIBOS DE NOMINA,NO_CLIENTE,0,Alto,0.0,0,120,0,0,0,0,0,52,Renta,Preparatoria
Pendiente,Pre-Aprobado,MALO,1,62709,INVERSIONES,NO_CLIENTE,0,Alto,0.0,3,124,0,0,0,0,0,52,Familiares,Preparatoria
Pendiente,Pre-Aprobado,MALO,1,54842,RECIBOS DE NOMINA,NO_CLIENTE,0,Alto,0.0,0,141,0,0,0,0,0,52,Hipoteca,Licenciatura
Pendiente,Pre-Aprobado,MALO,1,71975,PROPIEDAD ACTIVO FIJO,NO_CLIENTE,198204,Alto,0.0,0,143,0,1,31701,1930,97082,52,Hipoteca,Posgrado
Aprobada,Aprobado,BUENO,9899,69172,PROPIEDAD ACTIVO FIJO,CLIENTE_BANCO,75000,Bajo,1.02,0,187,703,1,26450,1940,124382,52,Renta,Preparatoria
Aprobada,Aprobado,BUENO,18000,64497,RECIBOS DE NOMINA,NO_CLIENTE,0,Bajo,0.61,0,201,739,0,0,0,0,52,Hipoteca,Posgrado
Aprobada,Aprobado,BUENO,4999,49342,PROPIEDAD ACTIVO FIJO,CLIENTE_BANCO,0,Bajo,0.59,0,207,741,0,0,0,0,52,Propia,Secundaria
Aprobada,Aprobado,REGULAR,11099,70781,RECIBOS DE NOMINA,CLIENTE_BANCO,19000,Mínimo,0.28,0,208,767,1,1088,250,0,52,Renta,Licenciatura
Aprobada,Aprobado,REGULAR,9899,63499,PROPIEDAD ACTIVO FIJO,CLIENTE_BANCO,5000,Medio ,0.78,0,212,685,1,5121,500,0,52,Hipoteca,Posgrado
Aprobada,Aprobado,BUENO,49999,53610,PROPIEDAD ACTIVO FIJO,CLIENTE_BANCO,40000,Bajo,1.09,0,212,740,1,3218,500,0,52,Propia,Licenciatura
Aprobada,Aprobado,BUENO,50000,73497,RECIBOS DE NOMINA,CLIENTE_BANCO,50001,Bajo,1.0,0,214,714,1,34630,1310,21995,52,Hipoteca,Licenciatura
Aprobada,Aprobado,REGULAR,21200,69712,RECIBOS DE NOMINA,CLIENTE_BANCO,1,Mínimo,0.22,0,214,798,0,0,0,0,52,Propia,Licenciatura
Aprobada,Aprobado,BUENO,45000,63048,RECIBOS DE NOMINA,CLIENTE_BANCO,6200,Bajo,0.43,0,215,711,1,4939,250,0,52,Renta,Preparatoria
Aprobada,Aprobado,REGULAR,9899,50385,RECIBOS DE NOMINA,NO_CLIENTE,0,Medio ,1.1,0,217,690,0,0,0,0,52,Propia,Licenciatura
Aprobada,Aprobado,BUENO,19700,71333,RECIBOS DE NOMINA,CLIENTE_BANCO,0,Bajo,0.81,0,217,729,0,0,0,0,52,Hipoteca,Posgrado
Aprobada,Aprobado,BUENO,49999,61488,PAGOS PROV SEMESTRALES PF,CLIENTE_BANCO,46000,Mínimo,0.51,0,218,762,0,0,0,34263,52,Familiares,Licenciatura
Aprobada,Aprobado,BUENO,9899,54485,PROPIEDAD ACTIVO FIJO,CLIENTE_BANCO,32300,Bajo,1.1,0,219,727,1,14803,600,193444,52,Renta,Licenciatura
Aprobada,Aprobado,BUENO,5999,74776,PROPIEDAD ACTIVO FIJO,CLIENTE_BANCO,7500,Bajo,0.88,0,220,727,1,6405,320,4607,52,Familiares,Preparatoria
Aprobada,Aprobado,REGULAR,39999,68147,RECIBOS DE NOMINA,CLIENTE_BANCO,3500,Bajo,0.33,0,220,733,1,2413,250,6269,52,Propia,Preparatoria
Aprobada,Aprobado,BUENO,40000,64382,PROPIEDAD ACTIVO FIJO,NO_CLIENTE,0,Bajo,0.82,0,220,738,0,0,0,0,52,Familiares,Posgrado
Aprobada,Aprobado,REGULAR,9899,50778,PROPIEDAD ACTIVO FIJO,CLIENTE_BANCO,16500,Medio ,0.63,0,221,697,0,12154,0,0,52,Renta,Preparatoria
Aprobada,Aprobado,REGULAR,13500,69731,PROPIEDAD ACTIVO FIJO,NO_CLIENTE,0,Mínimo,0.15,0,222,795,0,0,0,0,52,Propia,Posgrado
Aprobada,Aprobado,REGULAR,15000,62788,RECIBOS DE NOMINA,CLIENTE_BANCO,0,Medio ,1.08,0,224,692,0,0,0,0,52,Renta,Posgrado
Aprobada,Aprobado,REGULAR,50000,54910,RECIBOS DE NOMINA,CLIENTE_BANCO,40000,Bajo,0.3,0,224,711,0,9520,0,0,52,Familiares,Preparatoria
Aprobada,Aprobado,BUENO,100000,73097,RECIBOS DE NOMINA,CLIENTE_BANCO,0,Bajo,0.59,0,224,741,0,0,0,0,52,Hipoteca,Licenciatura
Aprobada,Aprobado,BUENO,49999,69260,PROPIEDAD ACTIVO FIJO,CLIENTE_BANCO,25000,Mínimo,0.47,0,224,779,0,8517,0,0,52,Renta,Preparatoria
Aprobada,Aprobado,BUENO,9899,64577,RECIBOS DE NOMINA,NO_CLIENTE,0,Bajo,1.03,0,228,717,0,0,0,0,52,Familiares,Licenciatura
Aprobada,Aprobado,BUENO,49999,50111,PROPIEDAD ACTIVO FIJO,CLIENTE_BANCO,0,Bajo,0.87,0,231,733,0,0,0,0,52,Hipoteca,Posgrado
Aprobada,Aprobado,BUENO,49999,70870,PROPIEDAD ACTIVO FIJO,NO_CLIENTE,0,Bajo,0.67,0,231,733,0,0,0,0,52,Hipoteca,Licenciatura
Aprobada,Aprobado,REGULAR,13300,62978,PROPIEDAD ACTIVO FIJO,NO_CLIENTE,0,Mínimo,0.24,0,233,786,0,0,0,0,52,Propia,Preparatoria
Aprobada,Aprobado,BUENO,49999,54188,RECIBOS DE NOMINA,CLIENTE_BANCO,66500,Bajo,1.02,0,234,712,1,41972,2110,0,52,Propia,Licenciatura
Aprobada,Aprobado,REGULAR,24200,74291,RECIBOS DE NOMINA,CLIENTE_BANCO,38700,Bajo,0.37,0,235,720,1,5610,490,0,52,Renta,Posgrado
Aprobada,Aprobado,BUENO,9899,69469,PROPIEDAD ACTIVO FIJO,NO_CLIENTE,0,Bajo,0.92,0,239,718,0,0,0,0,52,Propia,Licenciatura
Aprobada,Aprobado,BUENO,23100,63728,RECIBOS DE NOMINA,NO_CLIENTE,0,Mínimo,0.41,0,242,779,0,0,0,0,52,Renta,Licenciatura
Aprobada,Aprobado,REGULAR,9899,51415,PROPIEDAD ACTIVO FIJO,CLIENTE_BANCO,20200,Mínimo,0.29,0,243,781,1,8577,260,88774,52,Familiares,Preparatoria
Aprobada,Aprobado,BUENO,1999,70749,RECIBOS DE NOMINA,CLIENTE_BANCO,0,Mínimo,0.48,0,244,772,0,0,0,0,52,Hipoteca,Posgrado
Aprobada,Aprobado,REGULAR,49999,61856,RECIBOS DE NOMINA,CLIENTE_BANCO,49999,Mínimo,0.37,0,246,773,0,0,0,0,52,Hipoteca,Licenciatura
Aprobada,Aprobado,REGULAR,39999,55598,PROPIEDAD ACTIVO FIJO,CLIENTE_BANCO,45000,Bajo,0.24,0,247,746,0,4681,0,0,52,Renta,Preparatoria
Aprobada,Aprobado,BUENO,18300,74164,RECIBOS DE NOMINA,CLIENTE_BANCO,0,Bajo,0.99,0,252,701,0,0,0,0,52,Familiares,Licenciatura
Aprobada,Aprobado,BUENO,49999,68555,PROPIEDAD ACTIVO FIJO,CLIENTE_BANCO,75000,Bajo,0.64,0,254,734,0,0,0,0,52,Renta,Posgrado
Aprobada,Aprobado,REGULAR,49999,65697,INVERSIONES,CLIENTE_BANCO,0,Mínimo,0.4,0,256,770,0,0,0,0,52,Propia,Licenciatura
Aprobada,Aprobado,BUENO,31999,50843,RECIBOS DE NOMINA,CLIENTE_BANCO,6000,Mínimo,0.75,0,258,757,1,1135,250,0,52,Renta,Posgrado
Aprobada,Aprobado,BUENO,45000,69818,RECIBOS DE NOMINA,CLIENTE_BANCO,0,Bajo,1.06,0,263,714,0,0,0,0,52,Familiares,Licenciatura
Aprobada,Aprobado,BUENO,203000,63767,PROPIEDAD ACTIVO FIJO,CLIENTE_BANCO,40004,Bajo,1.1,0,265,740,1,13687,510,0,52,Renta,Preparatoria
Rechazada,Rechazado,MALO,0,54979,PROPIEDAD ACTIVO FIJO,NO_CLIENTE,0,Alto,0.0,4,89,0,1,17012,1090,70055,53,Hipoteca,Posgrado
Rechazada,Rechazado,MALO,0,73188,RECIBOS DE NOMINA,NO_CLIENTE,0,Alto,0.0,5,89,0,0,0,0,0,53,Familiares,Licenciatura
Rechazada,Rechazado,MALO,0,70340,PROPIEDAD ACTIVO FIJO,NO_CLIENTE,0,Alto,0.0,5,89,0,1,8407,450,0,53,Familiares,Preparatoria
Rechazada,Rechazado,MALO,0,64658,RECIBOS DE NOMINA,NO_CLIENTE,0,Alto,0.0,4,89,0,0,0,0,0,53,Renta,Licenciatura
Rechazada,Rechazado,MALO,0,50173,RECIBOS DE NOMINA,NO_CLIENTE,0,Alto,0.0,5,89,0,0,0,0,0,53,Renta,Posgrado
Rechazada,Rechazado,MALO,0,71975,RECIBOS DE NOMINA,NO_CLIENTE,0,Alto,0.0,5,89,0,0,0,0,0,53,Familiares,Posgrado
En_proceso,Rechazado,MALO,0,63058,RECIBOS DE NOMINA,NO_CLIENTE,0,Alto,0.0,5,89,0,0,0,0,0,53,Familiares,Preparatoria
En_proceso,Rechazado,MALO,0,54256,RECIBOS DE NOMINA,NO_CLIENTE,0,Alto,0.0,4,89,0,0,0,0,0,53,Hipoteca,Licenciatura
Rechazada,Rechazado,MALO,0,75449,RECIBOS DE NOMINA,NO_CLIENTE,0,Alto,0.0,5,90,0,0,0,0,0,53,Familiares,Posgrado
Rechazada,Rechazado,MALO,0,69557,PROPIEDAD ACTIVO FIJO,NO_CLIENTE,0,Alto,0.0,3,90,0,1,9924,500,0,53,Hipoteca,Posgrado
Rechazada,Rechazado,MALO,0,63807,PROPIEDAD ACTIVO FIJO,NO_CLIENTE,0,Alto,0.0,3,90,0,0,0,0,0,53,Hipoteca,Posgrado
Rechazada,Rechazado,MALO,0,51724,PROPIEDAD ACTIVO FIJO,NO_CLIENTE,0,Alto,0.0,2,90,0,1,7451,530,79713,53,Familiares,Licenciatura
Rechazada,Rechazado,MALO,0,72193,PAGOS PROV SEMESTRALES PF,NO_CLIENTE,0,Alto,0.0,2,90,0,0,0,0,0,53,Familiares,Posgrado
Rechazada,Rechazado,MALO,0,62822,RECIBOS DE NOMINA,NO_CLIENTE,0,Alto,0.0,2,90,0,0,0,0,0,53,Renta,Licenciatura
Rechazada,Rechazado,MALO,0,54882,INVERSIONES,NO_CLIENTE,0,Alto,0.0,3,90,0,0,0,0,0,53,Familiares,Preparatoria
Rechazada,Rechazado,MALO,0,75319,RECIBOS DE NOMINA,NO_CLIENTE,0,Alto,0.0,1,90,0,0,0,0,0,53,Familiares,Preparatoria
Rechazada,Rechazado,MALO,0,69297,RECIBOS DE NOMINA,NO_CLIENTE,0,Alto,0.0,1,90,0,0,0,0,13347,53,Hipoteca,Posgrado
Rechazada,Rechazado,MALO,0,64544,RECIBOS DE NOMINA,NO_CLIENTE,0,Alto,0.0,4,91,0,0,0,0,0,53,Familiares,Preparatoria
Rechazada,Rechazado,MALO,0,51634,RECIBOS DE NOMINA,NO_CLIENTE,0,Alto,0.0,5,91,0,0,0,0,0,53,Renta,Preparatoria
Cancelada,Rechazado,MALO,0,70908,SIN COMPROBANTE,NO_CLIENTE,0,Alto,0.0,4,91,0,0,0,0,0,53,Familiares,Posgrado
Rechazada,Rechazado,MALO,0,62946,RECIBOS DE NOMINA,NO_CLIENTE,0,Alto,0.0,3,91,0,0,0,0,0,53,Hipoteca,Posgrado
Rechazada,Rechazado,MALO,0,55835,RECIBOS DE NOMINA,NO_CLIENTE,0,Alto,0.0,3,91,0,0,0,0,0,53,Hipoteca,Preparatoria
Rechazada,Rechazado,MALO,0,74330,RECIBOS DE NOMINA,NO_CLIENTE,0,Alto,0.0,4,91,0,0,0,0,0,53,Hipoteca,Preparatoria
Rechazada,Rechazado,MALO,0,70095,PROPIEDAD ACTIVO FIJO,NO_CLIENTE,0,Alto,0.0,2,91,0,0,0,0,0,53,Hipoteca,Preparatoria
Rechazada,Rechazado,MALO,0,65355,RECIBOS DE NOMINA,NO_CLIENTE,0,Alto,0.0,5,91,0,0,0,0,0,53,Propia,Preparatoria
Rechazada,Rechazado,MALO,0,50715,RECIBOS DE NOMINA,NO_CLIENTE,83500,Alto,0.0,5,91,0,0,0,0,0,53,Propia,Licenciatura
En_proceso,Rechazado,MALO,0,71725,RECIBOS DE NOMINA,NO_CLIENTE,0,Alto,0.0,5,91,0,0,0,0,0,53,Hipoteca,Preparatoria
Rechazada,Rechazado,MALO,0,63737,RECIBOS DE NOMINA,NO_CLIENTE,0,Alto,0.0,5,92,0,0,0,0,0,53,Renta,Licenciatura
Rechazada,Rechazado,MALO,0,54842,PROPIEDAD ACTIVO FIJO,NO_CLIENTE,0,Alto,0.0,5,92,0,0,0,0,0,53,Propia,Posgrado
Rechazada,Rechazado,MALO,0,75187,PROPIEDAD ACTIVO FIJO,NO_CLIENTE,0,Alto,0.0,3,92,0,0,0,0,0,53,Propia,Preparatoria
Rechazada,Rechazado,MALO,0,74488,RECIBOS DE NOMINA,NO_CLIENTE,0,Alto,0.0,1,92,0,0,0,0,0,53,Renta,Posgrado
Rechazada,Rechazado,MALO,0,64032,RECIBOS DE NOMINA,NO_CLIENTE,0,Alto,0.0,5,92,0,0,0,0,0,53,Familiares,Licenciatura
Rechazada,Rechazado,MALO,0,56415,PROPIEDAD ACTIVO FIJO,NO_CLIENTE,0,Alto,0.0,4,92,0,0,0,0,0,53,Propia,Posgrado
Rechazada,Rechazado,MALO,0,78084,RECIBOS DE NOMINA,NO_CLIENTE,0,Alto,0.0,2,92,0,0,0,0,0,53,Hipoteca,Licenciatura
Rechazada,Rechazado,MALO,0,70632,RECIBOS DE NOMINA,CLIENTE_BANCO,0,Alto,0.0,3,92,0,0,6009,914,0,53,Hipoteca,Posgrado
Rechazada,Rechazado,MALO,0,66347,RECIBOS DE NOMINA,NO_CLIENTE,0,Alto,0.0,1,93,0,0,0,0,0,53,Renta,Posgrado
Rechazada,Rechazado,MALO,0,53530,RECIBOS DE NOMINA,NO_CLIENTE,0,Alto,0.0,4,93,0,0,0,0,0,53,Propia,Posgrado
Rechazada,Rechazado,MALO,0,72963,PROPIEDAD ACTIVO FIJO,NO_CLIENTE,0,Alto,0.0,4,93,0,0,0,0,0,53,Renta,Posgrado
Rechazada,Rechazado,MALO,0,64399,RECIBOS DE NOMINA,NO_CLIENTE,0,Alto,0.0,4,93,0,0,0,0,0,53,Propia,Preparatoria
Rechazada,Rechazado,MALO,0,57611,RECIBOS DE NOMINA,NO_CLIENTE,0,Alto,0.0,3,93,0,0,0,0,0,53,Familiares,Preparatoria
Rechazada,Rechazado,MALO,0,76485,PAGOS PROV SEMESTRALES PF,NO_CLIENTE,0,Alto,0.0,2,93,0,0,0,0,0,53,Propia,Posgrado
Rechazada,Rechazado,MALO,0,71037,RECIBOS DE NOMINA,NO_CLIENTE,0,Alto,0.0,3,94,0,0,0,0,0,53,Propia,Posgrado
Rechazada,Rechazado,MALO,0,67753,RECIBOS DE NOMINA,NO_CLIENTE,0,Alto,0.0,4,94,0,0,0,0,0,53,Renta,Posgrado
Rechazada,Rechazado,MALO,0,53131,PROPIEDAD ACTIVO FIJO,NO_CLIENTE,0,Alto,0.0,4,95,0,1,4882,250,0,53,Propia,Preparatoria
Rechazada,Rechazado,MALO,0,73034,PROPIEDAD ACTIVO FIJO,NO_CLIENTE,0,Alto,0.0,1,95,0,1,21160,540,52457,53,Propia,Posgrado
Rechazada,Rechazado,MALO,0,66076,RECIBOS DE NOMINA,NO_CLIENTE,0,Alto,0.0,3,95,0,0,0,0,102234,53,Renta,Posgrado
Rechazada,Rechazado,MALO,0,56700,PROPIEDAD ACTIVO FIJO,NO_CLIENTE,0,Alto,0.0,2,95,0,1,60532,6900,227093,53,Propia,Preparatoria
Rechazada,Rechazado,MALO,0,76197,PROPIEDAD ACTIVO FIJO,NO_CLIENTE,0,Alto,0.0,4,95,0,0,0,0,0,53,Familiares,Preparatoria
Rechazada,Rechazado,MALO,0,72886,PROPIEDAD ACTIVO FIJO,NO_CLIENTE,0,Alto,0.0,1,95,0,0,0,0,0,53,Renta,Licenciatura
Rechazada,Rechazado,MALO,0,66682,RECIBOS DE NOMINA,NO_CLIENTE,0,Alto,0.0,2,95,0,0,0,0,0,53,Renta,Posgrado
Rechazada,Rechazado,MALO,0,52236,PROPIEDAD ACTIVO FIJO,NO_CLIENTE,0,Alto,0.0,2,96,0,0,0,0,0,53,Propia,Licenciatura
Rechazada,Rechazado,MALO,0,74581,PROPIEDAD ACTIVO FIJO,NO_CLIENTE,0,Alto,0.0,4,96,0,0,0,0,0,53,Propia,Licenciatura
Rechazada,Rechazado,MALO,0,65650,PROPIEDAD ACTIVO FIJO,NO_CLIENTE,0,Alto,0.0,2,96,0,0,0,0,0,53,Propia,Licenciatura
Rechazada,Rechazado,MALO,0,56220,RECIBOS DE NOMINA,NO_CLIENTE,0,Alto,0.0,2,96,0,0,0,0,61633,53,Familiares,Licenciatura
Rechazada,Rechazado,MALO,0,77810,RECIBOS DE NOMINA,NO_CLIENTE,0,Alto,0.0,4,96,0,0,0,0,0,53,Hipoteca,Posgrado
Rechazada,Rechazado,MALO,0,72417,PROPIEDAD ACTIVO FIJO,CLIENTE_BANCO,0,Alto,0.0,5,96,0,0,0,0,0,53,Familiares,Preparatoria
Rechazada,Rechazado,MALO,0,66117,PROPIEDAD ACTIVO FIJO,NO_CLIENTE,0,Alto,0.0,4,97,0,0,0,0,1162,53,Hipoteca,Preparatoria
Rechazada,Rechazado,MALO,0,53342,PROPIEDAD ACTIVO FIJO,NO_CLIENTE,0,Alto,0.0,3,97,0,0,0,0,0,53,Propia,Posgrado
Rechazada,Rechazado,MALO,0,74806,RECIBOS DE NOMINA,NO_CLIENTE,0,Alto,0.0,3,97,0,0,0,0,0,53,Hipoteca,Preparatoria
Rechazada,Rechazado,MALO,0,64787,PROPIEDAD ACTIVO FIJO,NO_CLIENTE,0,Alto,0.0,3,98,0,0,0,0,0,53,Familiares,Posgrado
Rechazada,Rechazado,MALO,0,57409,RECIBOS DE NOMINA,NO_CLIENTE,0,Alto,0.0,3,98,0,0,0,0,0,53,Renta,Preparatoria
Rechazada,Rechazado,MALO,0,78417,PROPIEDAD ACTIVO FIJO,NO_CLIENTE,0,Alto,0.0,4,98,0,1,5004,280,0,53,Propia,Licenciatura
Rechazada,Rechazado,MALO,0,70791,PAGOS PROV SEMESTRALES PF,NO_CLIENTE,0,Alto,0.0,3,98,0,0,0,0,0,53,Familiares,Preparatoria
Rechazada,Rechazado,MALO,0,67516,PROPIEDAD ACTIVO FIJO,NO_CLIENTE,3000,Alto,0.0,2,98,0,1,4130,550,0,53,Propia,Posgrado
Rechazada,Rechazado,MALO,0,53758,PROPIEDAD ACTIVO FIJO,NO_CLIENTE,0,Alto,0.0,5,99,0,0,0,0,0,53,Renta,Licenciatura
Rechazada,Rechazado,MALO,0,72437,RECIBOS DE NOMINA,NO_CLIENTE,0,Alto,0.0,5,99,0,0,0,0,0,53,Propia,Licenciatura
Cancelada,Rechazado,MALO,0,66471,SIN COMPROBANTE,NO_CLIENTE,0,Alto,0.0,3,99,0,0,0,0,0,53,Hipoteca,Posgrado
Rechazada,Rechazado,MALO,0,57858,RECIBOS DE NOMINA,NO_CLIENTE,374500,Alto,0.0,2,99,0,1,210437,7340,22931,53,Hipoteca,Posgrado
Rechazada,Rechazado,MALO,0,75573,RECIBOS DE NOMINA,NO_CLIENTE,0,Alto,0.0,4,99,0,0,0,0,0,53,Renta,Posgrado
Rechazada,Rechazado,MALO,0,73323,RECIBOS DE NOMINA,NO_CLIENTE,0,Alto,0.0,4,99,0,0,0,0,0,53,Renta,Preparatoria
Rechazada,Rechazado,MALO,0,68044,RECIBOS DE NOMINA,NO_CLIENTE,0,Alto,0.0,3,100,0,0,0,0,0,53,Hipoteca,Preparatoria
Rechazada,Rechazado,MALO,0,51809,SIN COMPROBANTE,NO_CLIENTE,0,Alto,0.0,2,100,0,0,0,0,0,53,Hipoteca,Preparatoria
Rechazada,Rechazado,MALO,0,75028,RECIBOS DE NOMINA,NO_CLIENTE,0,Alto,0.0,2,100,0,0,0,0,0,53,Familiares,Licenciatura
Rechazada,Rechazado,MALO,0,66991,PROPIEDAD ACTIVO FIJO,NO_CLIENTE,0,Alto,0.0,2,100,0,0,0,0,0,53,Familiares,Licenciatura
Rechazada,Rechazado,MALO,0,56291,RECIBOS DE NOMINA,NO_CLIENTE,0,Alto,0.0,3,100,0,0,0,0,3278,53,Hipoteca,Licenciatura
Rechazada,Rechazado,MALO,0,77907,RECIBOS DE NOMINA,NO_CLIENTE,0,Alto,0.0,4,100,0,0,0,0,0,53,Renta,Licenciatura
Rechazada,Rechazado,MALO,0,73546,RECIBOS DE NOMINA,NO_CLIENTE,0,Alto,0.0,1,100,0,0,0,0,0,53,Propia,Licenciatura
Rechazada,Rechazado,MALO,0,66201,RECIBOS DE NOMINA,NO_CLIENTE,0,Alto,0.0,1,101,0,0,0,0,0,53,Familiares,Licenciatura
Rechazada,Rechazado,MALO,0,53409,RECIBOS DE NOMINA,NO_CLIENTE,0,Alto,0.0,2,101,0,0,0,0,0,53,Renta,Licenciatura
Rechazada,Rechazado,MALO,0,75256,PROPIEDAD ACTIVO FIJO,NO_CLIENTE,0,Alto,0.0,1,101,0,0,32585,0,0,53,Hipoteca,Licenciatura
Rechazada,Rechazado,MALO,0,65177,PROPIEDAD ACTIVO FIJO,NO_CLIENTE,0,Alto,0.0,0,101,0,0,0,0,0,53,Hipoteca,Licenciatura
Rechazada,Rechazado,MALO,0,57482,RECIBOS DE NOMINA,NO_CLIENTE,0,Alto,0.0,0,101,0,0,0,0,0,53,Familiares,Preparatoria
En_proceso,Rechazado,MALO,0,78514,INVERSIONES,NO_CLIENTE,0,Alto,0.0,0,101,0,0,0,0,0,53,Renta,Preparatoria
Pendiente,Pre-Aprobado,MALO,1,72235,PROPIEDAD ACTIVO FIJO,NO_CLIENTE,0,Alto,0.0,0,121,0,0,0,0,0,53,Propia,Posgrado
Pendiente,Pre-Aprobado,MALO,1,67923,RECIBOS DE NOMINA,NO_CLIENTE,0,Alto,0.0,3,124,0,0,0,0,0,53,Propia,Licenciatura
Pendiente,Pre-Aprobado,MALO,1,53317,RECIBOS DE NOMINA,NO_CLIENTE,0,Alto,0.0,3,154,0,0,0,0,0,53,Familiares,Licenciatura
Aprobada,Aprobado,BUENO,19800,73915,PROPIEDAD ACTIVO FIJO,CLIENTE_BANCO,20000,Bajo,0.73,2,161,702,1,12102,1060,0,53,Familiares,Licenciatura
Aprobada,Aprobado,BUENO,5000,66242,INVERSIONES,NO_CLIENTE,0,Bajo,0.76,1,182,734,0,0,0,0,53,Propia,Licenciatura
Aprobada,Aprobado,BUENO,21300,57655,RECIBOS DE NOMINA,CLIENTE_BANCO,22000,Mínimo,1.07,0,184,757,1,748,280,0,53,Renta,Licenciatura
Aprobada,Aprobado,REGULAR,5900,77483,PROPIEDAD ACTIVO FIJO,CLIENTE_BANCO,0,Medio ,1.13,0,188,680,0,0,0,0,53,Familiares,Licenciatura
Aprobada,Aprobado,REGULAR,22499,73069,PROPIEDAD ACTIVO FIJO,CLIENTE_BANCO,5004,Medio ,0.63,0,198,668,0,0,0,0,53,Propia,Licenciatura
Aprobada,Aprobado,BUENO,49999,67806,RECIBOS DE NOMINA,CLIENTE_BANCO,71000,Mínimo,0.82,0,204,758,0,0,0,0,53,Familiares,Licenciatura
Aprobada,Aprobado,REGULAR,9899,53118,PROPIEDAD ACTIVO FIJO,CLIENTE_BANCO,109000,Bajo,0.22,0,208,727,1,54966,2630,0,53,Familiares,Licenciatura
Aprobada,Aprobado,BUENO,1999,74768,PROPIEDAD ACTIVO FIJO,CLIENTE_BANCO,3999,Bajo,0.92,0,209,706,1,1847,250,0,53,Familiares,Preparatoria
Aprobada,Aprobado,BUENO,29000,66127,RECIBOS DE NOMINA,CLIENTE_BANCO,103000,Bajo,0.59,0,212,741,0,9649,0,0,53,Renta,Licenciatura
Aprobada,Aprobado,REGULAR,9899,57439,PROPIEDAD ACTIVO FIJO,CLIENTE_BANCO,20000,Bajo,0.32,0,220,740,1,6962,320,7409,53,Familiares,Posgrado
Aprobada,Aprobado,REGULAR,2999,78377,PROPIEDAD ACTIVO FIJO,NO_CLIENTE,0,Mínimo,0.2,0,220,790,0,0,0,0,53,Hipoteca,Preparatoria
Aprobada,Aprobado,BUENO,33000,72943,PAGOS PROV SEMESTRALES PF,NO_CLIENTE,0,Bajo,0.83,0,221,737,0,0,0,0,53,Renta,Licenciatura
Aprobada,Aprobado,REGULAR,14600,67552,RECIBOS DE NOMINA,NO_CLIENTE,0,Mínimo,0.16,0,221,794,0,0,0,0,53,Propia,Posgrado
Aprobada,Aprobado,REGULAR,9899,54242,RECIBOS DE NOMINA,CLIENTE_BANCO,20200,Bajo,0.33,0,222,744,1,433,260,98775,53,Familiares,Preparatoria
Aprobada,Aprobado,BUENO,75000,74287,RECIBOS DE NOMINA,CLIENTE_BANCO,36000,Mínimo,0.46,0,223,754,0,1142,0,0,53,Familiares,Posgrado
Aprobada,Aprobado,REGULAR,10000,65567,RECIBOS DE NOMINA,CLIENTE_BANCO,8300,Medio ,0.15,0,224,694,1,5297,390,0,53,Familiares,Posgrado
Aprobada,Aprobado,BUENO,9899,58656,PROPIEDAD ACTIVO FIJO,CLIENTE_BANCO,90000,Bajo,0.86,0,224,726,0,89505,0,0,53,Renta,Preparatoria
Aprobada,Aprobado,BUENO,9899,77872,RECIBOS DE NOMINA,CLIENTE_BANCO,0,Mínimo,0.42,0,227,768,0,0,0,0,53,Propia,Posgrado
Aprobada,Aprobado,BUENO,27000,72668,RECIBOS DE NOMINA,NO_CLIENTE,0,Bajo,1.13,0,228,707,0,0,0,0,53,Renta,Licenciatura
Aprobada,Aprobado,BUENO,54002,69311,RECIBOS DE NOMINA,CLIENTE_BANCO,5500,Bajo,0.8,0,233,727,1,3360,300,0,53,Familiares,Posgrado
Aprobada,Aprobado,REGULAR,9899,53385,RECIBOS DE NOMINA,CLIENTE_BANCO,15000,Bajo,0.33,0,236,723,0,2905,0,0,53,Renta,Preparatoria
Aprobada,Aprobado,BUENO,21999,74007,PROPIEDAD ACTIVO FIJO,NO_CLIENTE,0,Bajo,0.92,0,238,708,0,0,0,0,53,Hipoteca,Posgrado
Aprobada,Aprobado,REGULAR,86000,67274,RECIBOS DE NOMINA,CLIENTE_BANCO,36000,Bajo,0.26,0,241,740,0,1084,0,0,53,Familiares,Preparatoria
Aprobada,Aprobado,BUENO,9899,57728,RECIBOS DE NOMINA,CLIENTE_BANCO,0,Bajo,1.17,0,243,703,0,0,0,0,53,Propia,Posgrado
Aprobada,Aprobado,BUENO,49999,77579,PROPIEDAD ACTIVO FIJO,CLIENTE_BANCO,0,Bajo,0.87,0,246,723,0,0,0,0,53,Hipoteca,Preparatoria
Aprobada,Aprobado,BUENO,49999,74209,RECIBOS DE NOMINA,NO_CLIENTE,0,Bajo,0.75,0,248,745,0,0,0,0,53,Renta,Posgrado
Aprobada,Aprobado,BUENO,28000,67891,PROPIEDAD ACTIVO FIJO,NO_CLIENTE,0,Mínimo,0.5,0,254,760,0,0,0,0,53,Hipoteca,Posgrado
Aprobada,Aprobado,BUENO,32000,53184,PROPIEDAD ACTIVO FIJO,CLIENTE_BANCO,0,Bajo,0.78,0,256,742,0,0,0,0,53,Hipoteca,Posgrado
Aprobada,Aprobado,REGULAR,23000,75934,RECIBOS DE NOMINA,CLIENTE_BANCO,0,Medio ,1.1,0,268,690,0,0,0,0,53,Hipoteca,Licenciatura
Rechazada,Rechazado,MALO,0,66211,PROPIEDAD ACTIVO FIJO,NO_CLIENTE,0,Alto,0.0,4,89,0,1,2139,250,0,54,Renta,Preparatoria
Rechazada,Rechazado,MALO,0,57511,PROPIEDAD ACTIVO FIJO,NO_CLIENTE,0,Alto,0.0,5,89,0,0,0,0,0,54,Propia,Licenciatura
Rechazada,Rechazado,MALO,0,79599,RECIBOS DE NOMINA,NO_CLIENTE,0,Alto,0.0,4,89,0,0,423,0,0,54,Renta,Licenciatura
Rechazada,Rechazado,MALO,0,73035,PROPIEDAD ACTIVO FIJO,NO_CLIENTE,0,Alto,0.0,4,89,0,0,0,0,0,54,Hipoteca,Licenciatura
Rechazada,Rechazado,MALO,0,67636,PROPIEDAD ACTIVO FIJO,NO_CLIENTE,0,Alto,0.0,4,89,0,0,0,0,0,54,Renta,Posgrado
Rechazada,Rechazado,MALO,0,54569,PROPIEDAD ACTIVO FIJO,NO_CLIENTE,0,Alto,0.0,5,89,0,0,0,0,0,54,Familiares,Licenciatura
Rechazada,Rechazado,MALO,0,75803,PROPIEDAD ACTIVO FIJO,NO_CLIENTE,0,Alto,0.0,3,90,0,1,8925,1920,154204,54,Propia,Licenciatura
Rechazada,Rechazado,MALO,0,66591,RECIBOS DE NOMINA,NO_CLIENTE,0,Alto,0.0,2,90,0,0,0,0,0,54,Renta,Licenciatura
Rechazada,Rechazado,MALO,0,57900,PROPIEDAD ACTIVO FIJO,NO_CLIENTE,10000,Alto,0.0,3,90,0,0,5691,0,0,54,Renta,Preparatoria
Rechazada,Rechazado,MALO,0,79085,RECIBOS DE NOMINA,NO_CLIENTE,0,Alto,0.0,4,90,0,0,0,0,0,54,Propia,Posgrado
Rechazada,Rechazado,MALO,0,73455,PROPIEDAD ACTIVO FIJO,NO_CLIENTE,0,Alto,0.0,5,91,0,1,2496,480,0,54,Familiares,Licenciatura
Rechazada,Rechazado,MALO,0,68094,RECIBOS DE NOMINA,NO_CLIENTE,0,Alto,0.0,3,91,0,0,0,0,0,54,Hipoteca,Posgrado
Rechazada,Rechazado,MALO,0,54216,RECIBOS DE NOMINA,NO_CLIENTE,0,Alto,0.0,2,91,0,0,0,0,0,54,Renta,Posgrado
Rechazada,Rechazado,MALO,0,75163,PROPIEDAD ACTIVO FIJO,NO_CLIENTE,0,Alto,0.0,3,91,0,0,0,0,0,54,Hipoteca,Posgrado
Rechazada,Rechazado,MALO,0,66408,RECIBOS DE NOMINA,NO_CLIENTE,0,Alto,0.0,4,91,0,0,0,0,25349,54,Hipoteca,Preparatoria
Rechazada,Rechazado,MALO,0,58627,RECIBOS DE NOMINA,NO_CLIENTE,0,Alto,0.0,5,91,0,8,46733,37960,0,54,Familiares,Preparatoria
Rechazada,Rechazado,MALO,0,78790,RECIBOS DE NOMINA,NO_CLIENTE,0,Alto,0.0,3,92,0,0,0,0,0,54,Propia,Posgrado
Rechazada,Rechazado,MALO,0,73950,RECIBOS DE NOMINA,NO_CLIENTE,0,Alto,0.0,2,92,0,0,0,0,0,54,Propia,Posgrado
Rechazada,Rechazado,MALO,0,68623,RECIBOS DE NOMINA,NO_CLIENTE,0,Alto,0.0,4,92,0,0,0,0,0,54,Hipoteca,Preparatoria
Rechazada,Rechazado,MALO,0,53758,RECIBOS DE NOMINA,NO_CLIENTE,0,Alto,0.0,5,92,0,0,0,0,0,54,Renta,Preparatoria
Rechazada,Rechazado,MALO,0,75670,RECIBOS DE NOMINA,NO_CLIENTE,0,Alto,0.0,2,92,0,0,0,0,0,54,Renta,Posgrado
Rechazada,Rechazado,MALO,0,66924,RECIBOS DE NOMINA,NO_CLIENTE,0,Alto,0.0,3,92,0,0,0,0,0,54,Hipoteca,Posgrado
Rechazada,Rechazado,MALO,0,58132,RECIBOS DE NOMINA,NO_CLIENTE,0,Alto,0.0,2,93,0,0,0,0,0,54,Familiares,Posgrado
Rechazada,Rechazado,MALO,0,79322,RECIBOS DE NOMINA,NO_CLIENTE,0,Alto,0.0,3,93,0,0,0,0,0,54,Propia,Preparatoria
Rechazada,Rechazado,MALO,0,78213,INVERSIONES,NO_CLIENTE,0,Alto,0.0,2,93,0,0,0,0,0,54,Renta,Posgrado
Rechazada,Rechazado,MALO,0,67874,RECIBOS DE NOMINA,NO_CLIENTE,0,Alto,0.0,4,93,0,1,18949,990,0,54,Hipoteca,Preparatoria
Rechazada,Rechazado,MALO,0,59518,RECIBOS DE NOMINA,NO_CLIENTE,0,Alto,0.0,5,93,0,0,0,0,0,54,Renta,Preparatoria
Rechazada,Rechazado,MALO,0,81988,SIN COMPROBANTE,NO_CLIENTE,0,Alto,0.0,3,93,0,0,0,0,0,54,Hipoteca,Posgrado
Rechazada,Rechazado,MALO,0,74870,PROPIEDAD ACTIVO FIJO,NO_CLIENTE,0,Alto,0.0,3,93,0,8,7079,7079,0,54,Familiares,Posgrado
Rechazada,Rechazado,MALO,0,69996,RECIBOS DE NOMINA,NO_CLIENTE,0,Alto,0.0,5,94,0,0,1411,0,0,54,Renta,Licenciatura
Rechazada,Rechazado,MALO,0,56206,RECIBOS DE NOMINA,NO_CLIENTE,0,Alto,0.0,1,94,0,0,0,0,0,54,Hipoteca,Licenciatura
Rechazada,Rechazado,MALO,0,77341,PROPIEDAD ACTIVO FIJO,NO_CLIENTE,0,Alto,0.0,3,94,0,0,0,0,0,54,Familiares,Preparatoria
Rechazada,Rechazado,MALO,0,67941,RECIBOS DE NOMINA,NO_CLIENTE,0,Alto,0.0,1,94,0,0,0,0,0,54,Propia,Preparatoria
Rechazada,Rechazado,MALO,0,60491,PROPIEDAD ACTIVO FIJO,NO_CLIENTE,0,Alto,0.0,5,95,0,0,4042,0,0,54,Renta,Licenciatura
Rechazada,Rechazado,MALO,0,81074,RECIBOS DE NOMINA,NO_CLIENTE,0,Alto,0.0,4,95,0,0,0,0,0,54,Renta,Licenciatura
Rechazada,Rechazado,MALO,0,74944,RECIBOS DE NOMINA,NO_CLIENTE,0,Alto,0.0,1,95,0,0,0,0,0,54,Propia,Preparatoria
Rechazada,Rechazado,MALO,0,71141,RECIBOS DE NOMINA,NO_CLIENTE,0,Alto,0.0,2,95,0,0,0,0,0,54,Renta,Posgrado
Rechazada,Rechazado,MALO,0,56319,RECIBOS DE NOMINA,NO_CLIENTE,0,Alto,0.0,2,95,0,0,0,0,0,54,Propia,Preparatoria
Rechazada,Rechazado,MALO,0,77051,RECIBOS DE NOMINA,NO_CLIENTE,0,Alto,0.0,3,96,0,0,0,0,0,54,Hipoteca,Preparatoria
Rechazada,Rechazado,MALO,0,69379,PROPIEDAD ACTIVO FIJO,NO_CLIENTE,0,Alto,0.0,1,96,0,0,0,0,0,54,Propia,Secundaria
Rechazada,Rechazado,MALO,0,60102,RECIBOS DE NOMINA,NO_CLIENTE,0,Alto,0.0,4,96,0,0,0,0,0,54,Hipoteca,Preparatoria
Rechazada,Rechazado,MALO,0,80387,RECIBOS DE NOMINA,NO_CLIENTE,0,Alto,0.0,4,96,0,0,0,0,0,54,Familiares,Licenciatura
Rechazada,Rechazado,MALO,0,76531,RECIBOS DE NOMINA,NO_CLIENTE,0,Alto,0.0,3,96,0,0,0,0,0,54,Familiares,Posgrado
Rechazada,Rechazado,MALO,0,70683,PROPIEDAD ACTIVO FIJO,NO_CLIENTE,20700,Alto,0.0,2,96,0,2,11827,1150,0,54,Propia,Posgrado
Rechazada,Rechazado,MALO,0,55109,RECIBOS DE NOMINA,NO_CLIENTE,0,Alto,0.0,5,96,0,0,0,0,0,54,Hipoteca,Preparatoria
Rechazada,Rechazado,MALO,0,78310,PROPIEDAD ACTIVO FIJO,NO_CLIENTE,0,Alto,0.0,4,97,0,0,0,0,0,54,Hipoteca,Posgrado
Rechazada,Rechazado,MALO,0,69589,RECIBOS DE NOMINA,NO_CLIENTE,0,Alto,0.0,1,97,0,0,0,0,0,54,Hipoteca,Licenciatura
Rechazada,Rechazado,MALO,0,59312,PROPIEDAD ACTIVO FIJO,NO_CLIENTE,0,Alto,0.0,2,97,0,0,0,0,0,54,Propia,Preparatoria
Rechazada,Rechazado,MALO,0,81701,RECIBOS DE NOMINA,NO_CLIENTE,0,Alto,0.0,2,97,0,0,0,0,3766,54,Propia,Posgrado
Rechazada,Rechazado,MALO,0,76762,RECIBOS DE NOMINA,NO_CLIENTE,0,Alto,0.0,4,97,0,0,0,0,0,54,Propia,Licenciatura
Rechazada,Rechazado,MALO,0,69754,RECIBOS DE NOMINA,NO_CLIENTE,0,Alto,0.0,3,98,0,0,0,0,0,54,Hipoteca,Posgrado
Rechazada,Rechazado,MALO,0,56009,SIN COMPROBANTE,NO_CLIENTE,0,Alto,0.0,4,98,0,0,0,0,0,54,Familiares,Preparatoria
Rechazada,Rechazado,MALO,0,79295,RECIBOS DE NOMINA,NO_CLIENTE,0,Alto,0.0,4,98,0,0,0,0,0,54,Propia,Preparatoria
Rechazada,Rechazado,MALO,0,68351,PROPIEDAD ACTIVO FIJO,NO_CLIENTE,0,Alto,0.0,2,98,0,0,0,0,0,54,Familiares,Posgrado
Rechazada,Rechazado,MALO,0,60279,PROPIEDAD ACTIVO FIJO,NO_CLIENTE,23500,Alto,0.0,3,99,0,1,5770,300,0,54,Hipoteca,Posgrado
Rechazada,Rechazado,MALO,0,83122,RECIBOS DE NOMINA,NO_CLIENTE,0,Alto,0.0,5,99,0,0,0,0,0,54,Hipoteca,Posgrado
Rechazada,Rechazado,MALO,0,74684,RECIBOS DE NOMINA,NO_CLIENTE,0,Alto,0.0,5,99,0,0,0,0,0,54,Renta,Preparatoria
Rechazada,Rechazado,MALO,0,70892,RECIBOS DE NOMINA,NO_CLIENTE,0,Alto,0.0,4,99,0,0,0,0,0,54,Hipoteca,Preparatoria
Rechazada,Rechazado,MALO,0,56984,PROPIEDAD ACTIVO FIJO,NO_CLIENTE,0,Alto,0.0,1,99,0,0,0,0,0,54,Propia,Posgrado
Rechazada,Rechazado,MALO,0,76421,RECIBOS DE NOMINA,NO_CLIENTE,0,Alto,0.0,2,99,0,0,0,0,0,54,Renta,Preparatoria
Rechazada,Rechazado,MALO,0,69795,RECIBOS DE NOMINA,NO_CLIENTE,0,Alto,0.0,4,99,0,0,0,0,0,54,Propia,Preparatoria
Rechazada,Rechazado,MALO,0,61329,PROPIEDAD ACTIVO FIJO,NO_CLIENTE,0,Alto,0.0,3,100,0,1,25276,1150,0,54,Hipoteca,Posgrado
Rechazada,Rechazado,MALO,0,79730,PROPIEDAD ACTIVO FIJO,NO_CLIENTE,0,Alto,0.0,3,100,0,1,944,411,0,54,Hipoteca,Posgrado
Rechazada,Rechazado,MALO,0,76989,RECIBOS DE NOMINA,NO_CLIENTE,0,Alto,0.0,0,100,0,0,0,0,1513,54,Propia,Preparatoria
Rechazada,Rechazado,MALO,0,72127,INVERSIONES,NO_CLIENTE,0,Alto,0.0,2,100,0,0,0,0,0,54,Hipoteca,Preparatoria
Rechazada,Rechazado,MALO,0,54658,PROPIEDAD ACTIVO FIJO,NO_CLIENTE,0,Alto,0.0,4,101,0,0,0,0,0,54,Familiares,Preparatoria
Rechazada,Rechazado,MALO,0,78779,PROPIEDAD ACTIVO FIJO,NO_CLIENTE,0,Alto,0.0,0,101,0,0,0,0,0,54,Hipoteca,Licenciatura
Rechazada,Rechazado,MALO,0,71011,RECIBOS DE NOMINA,NO_CLIENTE,0,Alto,0.0,2,101,0,0,0,0,0,54,Propia,Preparatoria
Rechazada,Rechazado,MALO,0,59387,RECIBOS DE NOMINA,NO_CLIENTE,0,Alto,0.0,0,101,0,0,0,0,0,54,Renta,Preparatoria
Rechazada,Rechazado,MALO,0,81802,PAGOS PROV SEMESTRALES PF,NO_CLIENTE,0,Alto,0.0,2,101,0,0,0,0,0,54,Familiares,Posgrado
Pendiente,Pre-Aprobado,MALO,1,77959,RECIBOS DE NOMINA,NO_CLIENTE,0,Alto,0.0,0,122,0,0,0,0,0,54,Familiares,Licenciatura
Pendiente,Pre-Aprobado,MALO,1,69842,RECIBOS DE NOMINA,NO_CLIENTE,0,Alto,0.0,0,123,0,0,0,0,0,54,Renta,Posgrado
Pendiente,Pre-Aprobado,MALO,1,56079,PROPIEDAD ACTIVO FIJO,NO_CLIENTE,0,Alto,0.0,0,125,0,0,0,0,0,54,Familiares,Licenciatura
Pendiente,Pre-Aprobado,MALO,1,79772,PROPIEDAD ACTIVO FIJO,NO_CLIENTE,0,Alto,0.0,0,132,0,0,0,0,0,54,Renta,Preparatoria
Pendiente,Pre-Aprobado,MALO,1,68762,PROPIEDAD ACTIVO FIJO,NO_CLIENTE,0,Alto,0.0,1,134,0,0,0,0,0,54,Propia,Preparatoria
Pendiente,Pre-Aprobado,MALO,1,60356,RECIBOS DE NOMINA,NO_CLIENTE,0,Alto,0.0,1,134,0,0,0,0,0,54,Propia,Licenciatura
Aprobada,Aprobado,REGULAR,15400,83225,RECIBOS DE NOMINA,CLIENTE_BANCO,8700,Bajo,0.31,1,166,711,1,7016,410,0,54,Hipoteca,Preparatoria
Aprobada,Aprobado,BUENO,4000,76208,PROPIEDAD ACTIVO FIJO,NO_CLIENTE,0,Mínimo,0.41,0,183,769,0,0,0,0,54,Propia,Posgrado
Aprobada,Aprobado,BUENO,9899,71319,PROPIEDAD ACTIVO FIJO,CLIENTE_BANCO,122000,Bajo,0.54,0,185,723,0,77260,0,0,54,Renta,Preparatoria
Aprobada,Aprobado,BUENO,50000,56516,RECIBOS DE NOMINA,CLIENTE_BANCO,10000,Bajo,1.08,0,186,710,0,7556,0,0,54,Renta,Posgrado
Aprobada,Aprobado,REGULAR,9100,77980,RECIBOS DE NOMINA,NO_CLIENTE,0,Mínimo,0.2,0,189,790,0,0,0,0,54,Propia,Licenciatura
Aprobada,Aprobado,BUENO,7000,70216,INVERSIONES,NO_CLIENTE,0,Bajo,0.63,0,193,737,0,0,0,0,54,Propia,Licenciatura
Aprobada,Aprobado,REGULAR,81000,60826,RECIBOS DE NOMINA,CLIENTE_BANCO,4000,Bajo,0.39,0,194,703,1,385,250,0,54,Propia,Posgrado
Aprobada,Aprobado,BUENO,9899,81357,RECIBOS DE NOMINA,CLIENTE_BANCO,19100,Bajo,0.65,0,194,711,0,103,0,0,54,Hipoteca,Licenciatura
Aprobada,Aprobado,REGULAR,7000,77453,INVERSIONES,NO_CLIENTE,0,Mínimo,0.16,0,196,794,0,0,0,0,54,Renta,Preparatoria
Aprobada,Aprobado,BUENO,6000,71535,RECIBOS DE NOMINA,CLIENTE_BANCO,0,Bajo,1.0,0,197,710,0,0,0,0,54,Familiares,Posgrado
Aprobada,Aprobado,REGULAR,30999,55774,PROPIEDAD ACTIVO FIJO,CLIENTE_BANCO,7100,Mínimo,0.34,0,203,776,0,0,0,0,54,Renta,Preparatoria
Aprobada,Aprobado,REGULAR,2999,79254,RECIBOS DE NOMINA,NO_CLIENTE,0,Mínimo,0.32,0,207,788,0,0,0,0,54,Hipoteca,Posgrado
Aprobada,Aprobado,REGULAR,9899,69764,PROPIEDAD ACTIVO FIJO,CLIENTE_BANCO,41999,Medio ,0.45,0,208,685,0,37886,0,0,54,Propia,Preparatoria
Aprobada,Aprobado,BUENO,50000,60311,PROPIEDAD ACTIVO FIJO,NO_CLIENTE,0,Bajo,0.6,0,209,750,0,0,0,0,54,Familiares,Posgrado
Aprobada,Aprobado,BUENO,9899,83080,PROPIEDAD ACTIVO FIJO,CLIENTE_BANCO,10200,Bajo,1.0,0,210,713,1,6996,250,0,54,Renta,Preparatoria
Aprobada,Aprobado,BUENO,36000,76955,PROPIEDAD ACTIVO FIJO,CLIENTE_BANCO,15000,Bajo,0.61,0,215,731,0,6889,0,0,54,Hipoteca,Posgrado
Aprobada,Aprobado,BUENO,49999,70929,PROPIEDAD ACTIVO FIJO,CLIENTE_BANCO,40000,Bajo,1.0,0,215,744,1,2930,500,0,54,Propia,Licenciatura
Aprobada,Aprobado,BUENO,30000,57497,RECIBOS DE NOMINA,CLIENTE_BANCO,0,Bajo,0.51,0,215,749,0,0,0,0,54,Familiares,Preparatoria
Aprobada,Aprobado,REGULAR,9899,78373,PROPIEDAD ACTIVO FIJO,CLIENTE_BANCO,34000,Alto,0.63,0,217,639,1,24705,1180,0,54,Hipoteca,Posgrado
Aprobada,Aprobado,REGULAR,7000,68845,RECIBOS DE NOMINA,CLIENTE_BANCO,0,Mínimo,0.17,0,218,803,0,0,0,0,54,Familiares,Licenciatura
Aprobada,Aprobado,REGULAR,24099,62175,PROPIEDAD ACTIVO FIJO,CLIENTE_BANCO,65500,Bajo,0.23,0,220,727,1,19025,890,0,54,Familiares,Posgrado
Aprobada,Aprobado,REGULAR,9899,82155,RECIBOS DE NOMINA,CLIENTE_BANCO,3000,Medio ,0.54,0,222,690,0,1214,0,0,54,Propia,Preparatoria
Aprobada,Aprobado,BUENO,6000,76301,RECIBOS DE NOMINA,CLIENTE_BANCO,0,Bajo,1.05,0,222,715,0,0,0,0,54,Propia,Licenciatura
Aprobada,Aprobado,BUENO,2999,73469,RECIBOS DE NOMINA,NO_CLIENTE,0,Mínimo,0.62,0,222,758,0,0,0,0,54,Familiares,Posgrado
Aprobada,Aprobado,REGULAR,94000,56321,RECIBOS DE NOMINA,CLIENTE_BANCO,15000,Mínimo,0.2,0,222,800,0,0,0,0,54,Hipoteca,Posgrado
Aprobada,Aprobado,REGULAR,49999,77707,RECIBOS DE NOMINA,CLIENTE_BANCO,0,Medio ,1.11,0,227,689,0,0,0,0,54,Familiares,Posgrado
Aprobada,Aprobado,BUENO,2999,71311,RECIBOS DE NOMINA,CLIENTE_BANCO,0,Bajo,0.74,0,229,736,0,0,0,8478,54,Hipoteca,Posgrado
Aprobada,Aprobado,BUENO,138000,60903,RECIBOS DE NOMINA,CLIENTE_BANCO,27500,Bajo,0.57,0,231,750,1,2679,350,0,54,Renta,Posgrado
Aprobada,Aprobado,BUENO,50000,81458,RECIBOS DE NOMINA,CLIENTE_BANCO,90500,Bajo,0.9,0,232,712,1,27125,1700,0,54,Hipoteca,Licenciatura
Aprobada,Aprobado,REGULAR,24400,78661,RECIBOS DE NOMINA,NO_CLIENTE,0,Medio ,1.1,0,236,690,0,0,0,0,54,Propia,Licenciatura
Aprobada,Aprobado,BUENO,1999,71625,RECIBOS DE NOMINA,NO_CLIENTE,0,Bajo,0.79,0,236,731,0,0,0,0,54,Renta,Posgrado
Aprobada,Aprobado,BUENO,1999,55843,RECIBOS DE NOMINA,CLIENTE_BANCO,0,Bajo,0.99,0,237,721,0,0,0,0,54,Propia,Licenciatura
Aprobada,Aprobado,REGULAR,1999,80490,RECIBOS DE NOMINA,CLIENTE_BANCO,0,Mínimo,0.34,0,238,776,0,0,0,0,54,Familiares,Posgrado
Aprobada,Aprobado,BUENO,26000,69852,RECIBOS DE NOMINA,NO_CLIENTE,0,Bajo,1.13,0,239,707,0,0,0,0,54,Familiares,Posgrado
Aprobada,Aprobado,REGULAR,9899,60386,PROPIEDAD ACTIVO FIJO,CLIENTE_BANCO,8100,Mínimo,0.37,0,240,773,0,0,0,0,54,Propia,Posgrado
Aprobada,Aprobado,REGULAR,45000,84375,RECIBOS DE NOMINA,CLIENTE_BANCO,0,Mínimo,0.26,0,241,784,0,0,0,0,54,Familiares,Posgrado
Aprobada,Aprobado,REGULAR,49999,77052,RECIBOS DE NOMINA,NO_CLIENTE,0,Mínimo,0.35,0,241,785,0,0,0,0,54,Familiares,Licenciatura
Aprobada,Aprobado,BUENO,49999,71017,PROPIEDAD ACTIVO FIJO,CLIENTE_BANCO,15000,Mínimo,0.5,0,242,772,0,0,0,520,54,Renta,Preparatoria
Aprobada,Aprobado,BUENO,49999,57843,PROPIEDAD ACTIVO FIJO,CLIENTE_BANCO,53000,Bajo,0.8,0,245,738,0,0,0,0,54,Hipoteca,Preparatoria
Aprobada,Aprobado,REGULAR,9899,79972,PROPIEDAD ACTIVO FIJO,CLIENTE_BANCO,12700,Bajo,0.2,0,246,740,0,3131,0,0,54,Familiares,Posgrado
Aprobada,Aprobado,REGULAR,4999,69920,RECIBOS DE NOMINA,CLIENTE_BANCO,0,Mínimo,0.21,0,247,789,0,0,0,0,54,Familiares,Secundaria
Aprobada,Aprobado,BUENO,49999,61374,PROPIEDAD ACTIVO FIJO,CLIENTE_BANCO,93000,Bajo,1.2,0,248,750,1,4656,1170,0,54,Renta,Preparatoria
Aprobada,Aprobado,REGULAR,49999,83434,PROPIEDAD ACTIVO FIJO,CLIENTE_BANCO,50000,Bajo,0.36,0,251,740,1,3662,630,32047,54,Propia,Preparatoria
Aprobada,Aprobado,BUENO,4999,77127,RECIBOS DE NOMINA,CLIENTE_BANCO,0,Bajo,0.98,0,271,722,0,0,0,0,54,Hipoteca,Preparatoria
Aprobada,Aprobado,BUENO,49999,72179,PROPIEDAD ACTIVO FIJO,CLIENTE_BANCO,54000,Bajo,0.47,0,272,714,0,0,0,0,54,Propia,Licenciatura
Aprobada,Aprobado,BUENO,9899,57198,PROPIEDAD ACTIVO FIJO,CLIENTE_BANCO,0,Mínimo,0.53,0,278,757,0,0,0,0,54,Hipoteca,Preparatoria
Rechazada,Rechazado,MALO,0,78921,PROPIEDAD ACTIVO FIJO,NO_CLIENTE,0,Alto,0.0,4,89,0,0,44691,0,43447,55,Propia,Licenciatura
Rechazada,Rechazado,MALO,0,70392,PROPIEDAD ACTIVO FIJO,NO_CLIENTE,0,Alto,0.0,5,89,0,2,1613,500,0,55,Renta,Preparatoria
Rechazada,Rechazado,MALO,0,61852,PROPIEDAD ACTIVO FIJO,NO_CLIENTE,0,Alto,0.0,5,89,0,0,0,0,0,55,Familiares,Preparatoria
Rechazada,Rechazado,MALO,0,82730,RECIBOS DE NOMINA,NO_CLIENTE,0,Alto,0.0,5,89,0,0,0,0,20047,55,Propia,Licenciatura
Rechazada,Rechazado,MALO,0,78387,RECIBOS DE NOMINA,NO_CLIENTE,0,Alto,0.0,4,89,0,0,0,0,0,55,Familiares,Posgrado
Cancelada,Rechazado,MALO,0,72397,SIN COMPROBANTE,NO_CLIENTE,0,Alto,0.0,3,90,0,0,0,0,0,55,Propia,Preparatoria
Rechazada,Rechazado,MALO,0,56446,RECIBOS DE NOMINA,NO_CLIENTE,0,Alto,0.0,3,90,0,0,0,0,0,55,Renta,Preparatoria
Rechazada,Rechazado,MALO,0,80210,RECIBOS DE NOMINA,NO_CLIENTE,0,Alto,0.0,1,90,0,0,0,0,0,55,Familiares,Licenciatura
Rechazada,Rechazado,MALO,0,70605,PROPIEDAD ACTIVO FIJO,NO_CLIENTE,5000,Alto,0.0,3,90,0,0,5237,0,0,55,Propia,Licenciatura
Rechazada,Rechazado,MALO,0,61039,RECIBOS DE NOMINA,NO_CLIENTE,0,Alto,0.0,2,90,0,0,0,0,0,55,Propia,Preparatoria
Rechazada,Rechazado,MALO,0,84081,PROPIEDAD ACTIVO FIJO,NO_CLIENTE,0,Alto,0.0,4,90,0,0,0,0,0,55,Hipoteca,Licenciatura
Rechazada,Rechazado,MALO,0,82515,RECIBOS DE NOMINA,NO_CLIENTE,0,Alto,0.0,5,91,0,0,0,0,0,55,Propia,Licenciatura
Rechazada,Rechazado,MALO,0,71268,PROPIEDAD ACTIVO FIJO,NO_CLIENTE,0,Alto,0.0,3,91,0,1,2333,340,0,55,Familiares,Posgrado
Rechazada,Rechazado,MALO,0,63089,PROPIEDAD ACTIVO FIJO,NO_CLIENTE,0,Alto,0.0,5,91,0,0,0,0,0,55,Hipoteca,Preparatoria
Rechazada,Rechazado,MALO,0,86497,RECIBOS DE NOMINA,NO_CLIENTE,0,Alto,0.0,4,91,0,0,0,0,0,55,Propia,Preparatoria
Rechazada,Rechazado,MALO,0,78614,RECIBOS DE NOMINA,NO_CLIENTE,0,Alto,0.0,5,91,0,0,0,0,10021,55,Propia,Posgrado
Rechazada,Rechazado,MALO,0,74195,PROPIEDAD ACTIVO FIJO,NO_CLIENTE,0,Alto,0.0,3,92,0,1,4729,380,0,55,Propia,Preparatoria
Rechazada,Rechazado,MALO,0,59297,RECIBOS DE NOMINA,NO_CLIENTE,0,Alto,0.0,3,92,0,0,0,0,0,55,Renta,Posgrado
Rechazada,Rechazado,MALO,0,81208,RECIBOS DE NOMINA,NO_CLIENTE,0,Alto,0.0,1,92,0,0,0,0,0,55,Propia,Preparatoria
Rechazada,Rechazado,MALO,0,72017,RECIBOS DE NOMINA,NO_CLIENTE,0,Alto,0.0,3,92,0,8,7240,7240,0,55,Propia,Preparatoria
Rechazada,Rechazado,MALO,0,63818,RECIBOS DE NOMINA,NO_CLIENTE,0,Alto,0.0,2,92,0,0,0,0,0,55,Propia,Posgrado
Rechazada,Rechazado,MALO,0,85127,PROPIEDAD ACTIVO FIJO,NO_CLIENTE,0,Alto,0.0,3,92,0,0,0,0,0,55,Hipoteca,Preparatoria
Rechazada,Rechazado,MALO,0,79440,RECIBOS DE NOMINA,NO_CLIENTE,0,Alto,0.0,2,93,0,0,0,0,0,55,Renta,Posgrado
Rechazada,Rechazado,MALO,0,75053,RECIBOS DE NOMINA,NO_CLIENTE,0,Alto,0.0,3,93,0,0,0,0,0,55,Familiares,Preparatoria
Rechazada,Rechazado,MALO,0,59134,PROPIEDAD ACTIVO FIJO,NO_CLIENTE,1,Alto,0.0,2,93,0,0,0,0,0,55,Propia,Licenciatura
Rechazada,Rechazado,MALO,0,81674,RECIBOS DE NOMINA,NO_CLIENTE,0,Alto,0.0,5,93,0,0,0,0,0,55,Hipoteca,Preparatoria
Rechazada,Rechazado,MALO,0,73195,RECIBOS DE NOMINA,NO_CLIENTE,0,Alto,0.0,4,94,0,0,0,0,0,55,Propia,Licenciatura
Rechazada,Rechazado,MALO,0,63107,PROPIEDAD ACTIVO FIJO,NO_CLIENTE,0,Alto,0.0,4,94,0,0,0,0,0,55,Renta,Licenciatura
Rechazada,Rechazado,MALO,0,85211,PROPIEDAD ACTIVO FIJO,NO_CLIENTE,0,Alto,0.0,3,94,0,0,0,0,0,55,Renta,Secundaria
Rechazada,Rechazado,MALO,0,80740,PROPIEDAD ACTIVO FIJO,NO_CLIENTE,0,Alto,0.0,3,94,0,0,0,0,0,55,Renta,Posgrado
Rechazada,Rechazado,MALO,0,74217,RECIBOS DE NOMINA,NO_CLIENTE,0,Alto,0.0,5,94,0,0,0,0,0,55,Renta,Preparatoria
Cancelada,Rechazado,MALO,0,58416,PROPIEDAD ACTIVO FIJO,NO_CLIENTE,0,Alto,0.0,2,95,0,0,0,0,0,55,Propia,Posgrado
Rechazada,Rechazado,MALO,0,82617,RECIBOS DE NOMINA,NO_CLIENTE,0,Alto,0.0,4,95,0,0,0,0,0,55,Renta,Preparatoria
Rechazada,Rechazado,MALO,0,73069,RECIBOS DE NOMINA,NO_CLIENTE,0,Alto,0.0,2,95,0,0,0,0,0,55,Familiares,Posgrado
Rechazada,Rechazado,MALO,0,62870,RECIBOS DE NOMINA,NO_CLIENTE,0,Alto,0.0,2,95,0,0,0,0,0,55,Familiares,Posgrado
Rechazada,Rechazado,MALO,0,86194,RECIBOS DE NOMINA,NO_CLIENTE,0,Alto,0.0,2,95,0,0,0,0,0,55,Hipoteca,Preparatoria
Rechazada,Rechazado,MALO,0,80600,RECIBOS DE NOMINA,NO_CLIENTE,0,Alto,0.0,4,95,0,0,0,0,0,55,Renta,Posgrado
Rechazada,Rechazado,MALO,0,73939,RECIBOS DE NOMINA,NO_CLIENTE,0,Alto,0.0,4,95,0,0,0,0,0,55,Propia,Preparatoria
Rechazada,Rechazado,MALO,0,59090,PROPIEDAD ACTIVO FIJO,CLIENTE_BANCO,0,Alto,0.0,2,95,0,0,0,0,119028,55,Propia,Licenciatura
Rechazada,Rechazado,MALO,0,83260,RECIBOS DE NOMINA,NO_CLIENTE,0,Alto,0.0,3,96,0,0,10000,0,55951,55,Hipoteca,Licenciatura
Rechazada,Rechazado,MALO,0,72452,RECIBOS DE NOMINA,NO_CLIENTE,0,Alto,0.0,3,96,0,0,0,0,0,55,Familiares,Licenciatura
Rechazada,Rechazado,MALO,0,63595,RECIBOS DE NOMINA,NO_CLIENTE,14700,Alto,0.0,5,96,0,1,15242,980,49481,55,Propia,Posgrado
Rechazada,Rechazado,MALO,0,87278,RECIBOS DE NOMINA,NO_CLIENTE,0,Alto,0.0,1,97,0,0,0,0,0,55,Renta,Licenciatura
Rechazada,Rechazado,MALO,0,79166,RECIBOS DE NOMINA,NO_CLIENTE,0,Alto,0.0,3,97,0,0,0,0,0,55,Familiares,Posgrado
Rechazada,Rechazado,MALO,0,74791,PROPIEDAD ACTIVO FIJO,NO_CLIENTE,0,Alto,0.0,3,97,0,0,0,0,0,55,Familiares,Licenciatura
Rechazada,Rechazado,MALO,0,59833,PROPIEDAD ACTIVO FIJO,NO_CLIENTE,0,Alto,0.0,3,97,0,0,0,0,0,55,Hipoteca,Preparatoria
Rechazada,Rechazado,MALO,0,81006,RECIBOS DE NOMINA,NO_CLIENTE,0,Alto,0.0,4,97,0,0,0,0,32231,55,Hipoteca,Posgrado
Rechazada,Rechazado,MALO,0,73634,PROPIEDAD ACTIVO FIJO,NO_CLIENTE,0,Alto,0.0,4,98,0,1,16192,870,717380,55,Propia,Posgrado
Rechazada,Rechazado,MALO,0,64396,RECIBOS DE NOMINA,NO_CLIENTE,0,Alto,0.0,3,98,0,0,0,0,0,55,Hipoteca,Licenciatura
Rechazada,Rechazado,MALO,0,84514,PROPIEDAD ACTIVO FIJO,NO_CLIENTE,0,Alto,0.0,3,98,0,0,0,0,0,55,Propia,Preparatoria
Rechazada,Rechazado,MALO,0,81223,RECIBOS DE NOMINA,NO_CLIENTE,0,Alto,0.0,1,98,0,0,0,0,0,55,Familiares,Posgrado
Rechazada,Rechazado,MALO,0,75733,PROPIEDAD ACTIVO FIJO,NO_CLIENTE,0,Alto,0.0,4,98,0,0,0,0,0,55,Familiares,Licenciatura
Rechazada,Rechazado,MALO,0,57938,RECIBOS DE NOMINA,NO_CLIENTE,0,Alto,0.0,3,99,0,0,0,0,0,55,Renta,Posgrado
Rechazada,Rechazado,MALO,0,83112,RECIBOS DE NOMINA,NO_CLIENTE,0,Alto,0.0,1,99,0,0,0,0,32105,55,Hipoteca,Licenciatura
Rechazada,Rechazado,MALO,0,74561,RECIBOS DE NOMINA,NO_CLIENTE,0,Alto,0.0,3,99,0,0,0,0,0,55,Renta,Licenciatura
Rechazada,Rechazado,MALO,0,62950,RECIBOS DE NOMINA,NO_CLIENTE,0,Alto,0.0,3,99,0,0,0,0,0,55,Familiares,Posgrado
Rechazada,Rechazado,MALO,0,86301,PAGOS PROV SEMESTRALES PF,NO_CLIENTE,0,Alto,0.0,1,99,0,0,0,0,0,55,Familiares,Posgrado
Rechazada,Rechazado,MALO,0,81857,CTA NOMINA DIGITAL,NO_CLIENTE,0,Alto,0.0,3,100,0,0,0,0,0,55,Familiares,Licenciatura
Rechazada,Rechazado,MALO,0,74032,PROPIEDAD ACTIVO FIJO,NO_CLIENTE,0,Alto,0.0,1,100,0,0,0,0,0,55,Hipoteca,Preparatoria
Rechazada,Rechazado,MALO,0,59163,RECIBOS DE NOMINA,NO_CLIENTE,0,Alto,0.0,3,100,0,0,0,0,0,55,Propia,Posgrado
Rechazada,Rechazado,MALO,0,83760,RECIBOS DE NOMINA,NO_CLIENTE,49999,Alto,0.0,2,100,0,1,1164,630,0,55,Renta,Licenciatura
Rechazada,Rechazado,MALO,0,72887,RECIBOS DE NOMINA,NO_CLIENTE,9800,Alto,0.0,4,100,0,1,11572,740,0,55,Renta,Preparatoria
Rechazada,Rechazado,MALO,0,63675,PROPIEDAD ACTIVO FIJO,NO_CLIENTE,0,Alto,0.0,0,100,0,0,0,0,0,55,Propia,Preparatoria
Rechazada,Rechazado,MALO,0,87387,PROPIEDAD ACTIVO FIJO,NO_CLIENTE,0,Alto,0.0,2,100,0,0,0,0,0,55,Propia,Posgrado
Rechazada,Rechazado,MALO,0,80781,RECIBOS DE NOMINA,NO_CLIENTE,0,Alto,0.0,0,100,0,0,0,0,0,55,Hipoteca,Posgrado
Rechazada,Rechazado,MALO,0,75242,RECIBOS DE NOMINA,NO_CLIENTE,0,Alto,0.0,2,101,0,0,0,0,0,55,Renta,Licenciatura
Rechazada,Rechazado,MALO,0,59342,RECIBOS DE NOMINA,NO_CLIENTE,0,Alto,0.0,2,101,0,0,0,0,0,55,Familiares,Licenciatura
Rechazada,Rechazado,MALO,0,82659,RECIBOS DE NOMINA,NO_CLIENTE,0,Alto,0.0,2,101,0,1,1147,250,7137,55,Hipoteca,Posgrado
Rechazada,Rechazado,MALO,0,74078,RECIBOS DE NOMINA,NO_CLIENTE,0,Alto,0.0,2,101,0,0,0,0,0,55,Familiares,Posgrado
Rechazada,Rechazado,MALO,0,63868,PROPIEDAD ACTIVO FIJO,NO_CLIENTE,0,Alto,0.0,0,101,0,0,0,0,0,55,Familiares,Preparatoria
Rechazada,Rechazado,MALO,0,86238,RECIBOS DE NOMINA,NO_CLIENTE,0,Alto,0.0,2,101,0,0,0,0,0,55,Renta,Posgrado
Rechazada,Rechazado,MALO,0,81713,RECIBOS DE NOMINA,NO_CLIENTE,0,Alto,0.0,0,101,0,0,0,0,0,55,Hipoteca,Posgrado
Pendiente,Pre-Aprobado,MALO,1,75112,RECIBOS DE NOMINA,NO_CLIENTE,0,Alto,0.0,0,121,0,0,0,0,0,55,Propia,Preparatoria
Pendiente,Pre-Aprobado,MALO,1,59120,RECIBOS DE NOMINA,NO_CLIENTE,0,Alto,0.0,1,123,0,0,0,0,0,55,Renta,Posgrado
Pendiente,Pre-Aprobado,MALO,1,83613,PROPIEDAD ACTIVO FIJO,NO_CLIENTE,24200,Alto,0.0,1,132,0,0,2078,0,0,55,Propia,Licenciatura
Pendiente,Pre-Aprobado,MALO,1,73950,PROPIEDAD ACTIVO FIJO,NO_CLIENTE,0,Alto,0.0,0,134,0,0,0,0,0,55,Propia,Preparatoria
Pendiente,Pre-Aprobado,MALO,1,63629,PROPIEDAD ACTIVO FIJO,NO_CLIENTE,0,Alto,0.0,0,142,0,0,0,0,0,55,Hipoteca,Licenciatura
Pendiente,Pre-Aprobado,MALO,1,87234,PROPIEDAD ACTIVO FIJO,NO_CLIENTE,9000,Alto,0.0,1,145,0,1,1531,108,0,55,Renta,Posgrado
Aprobada,Aprobado,BUENO,9899,81572,PROPIEDAD ACTIVO FIJO,CLIENTE_BANCO,9500,Bajo,0.85,0,171,710,1,7353,310,0,55,Familiares,Licenciatura
Aprobada,Aprobado,REGULAR,6000,74830,RECIBOS DE NOMINA,NO_CLIENTE,0,Medio ,1.19,0,178,681,0,0,0,0,55,Hipoteca,Posgrado
Aprobada,Aprobado,REGULAR,227000,60372,PROPIEDAD ACTIVO FIJO,CLIENTE_BANCO,214700,Alto,0.71,0,192,500,0,55,0,29078,55,Renta,Posgrado
Aprobada,Aprobado,BUENO,7000,83075,INVERSIONES,NO_CLIENTE,0,Bajo,1.04,0,193,716,0,0,0,0,55,Renta,Licenciatura
Aprobada,Aprobado,REGULAR,10500,72632,RECIBOS DE NOMINA,NO_CLIENTE,0,Mínimo,0.16,0,195,804,0,0,0,0,55,Propia,Posgrado
Aprobada,Aprobado,REGULAR,70000,65284,RECIBOS DE NOMINA,CLIENTE_BANCO,15600,Medio ,0.5,0,197,694,0,13334,0,0,55,Propia,Licenciatura
Aprobada,Aprobado,BUENO,9899,87085,RECIBOS DE NOMINA,CLIENTE_BANCO,50000,Bajo,1.13,0,202,744,0,1294,0,0,55,Propia,Posgrado
Aprobada,Aprobado,REGULAR,3000,80498,RECIBOS DE NOMINA,NO_CLIENTE,0,Mínimo,0.36,0,202,774,0,0,0,0,55,Familiares,Preparatoria
Aprobada,Aprobado,REGULAR,9899,77143,PROPIEDAD ACTIVO FIJO,CLIENTE_BANCO,17200,Medio ,0.84,0,206,697,1,15001,940,58513,55,Hipoteca,Preparatoria
Aprobada,Aprobado,BUENO,16200,59700,RECIBOS DE NOMINA,CLIENTE_BANCO,24300,Mínimo,0.41,0,207,769,0,0,0,0,55,Familiares,Posgrado
Aprobada,Aprobado,REGULAR,36000,81981,RECIBOS DE NOMINA,CLIENTE_BANCO,18500,Bajo,0.27,0,208,710,0,0,0,0,55,Familiares,Posgrado
Aprobada,Aprobado,BUENO,9899,74876,PROPIEDAD ACTIVO FIJO,CLIENTE_BANCO,16300,Bajo,0.59,0,211,706,0,13143,0,0,55,Hipoteca,Preparatoria
Aprobada,Aprobado,REGULAR,38000,64558,PAGOS PROV SEMESTRALES PF,NO_CLIENTE,0,Mínimo,0.37,0,211,773,0,0,0,0,55,Hipoteca,Posgrado
Aprobada,Aprobado,BUENO,36000,85938,RECIBOS DE NOMINA,CLIENTE_BANCO,5600,Mínimo,0.42,0,214,767,1,711,250,0,55,Propia,Preparatoria
Aprobada,Aprobado,BUENO,9899,82594,PROPIEDAD ACTIVO FIJO,CLIENTE_BANCO,16500,Bajo,0.79,0,216,740,1,2187,250,145354,55,Familiares,Preparatoria
Aprobada,Aprobado,BUENO,2999,75923,RECIBOS DE NOMINA,NO_CLIENTE,0,Bajo,0.81,0,217,720,0,0,0,0,55,Propia,Licenciatura
Aprobada,Aprobado,REGULAR,9899,58914,PROPIEDAD ACTIVO FIJO,CLIENTE_BANCO,28000,Bajo,0.21,0,219,733,1,66,66,127312,55,Renta,Licenciatura
Aprobada,Aprobado,BUENO,54000,84515,RECIBOS DE NOMINA,CLIENTE_BANCO,50800,Bajo,0.86,0,221,731,0,19340,0,0,55,Familiares,Posgrado
Aprobada,Aprobado,BUENO,58000,74043,RECIBOS DE NOMINA,CLIENTE_BANCO,146000,Mínimo,0.74,0,223,767,1,14875,1830,0,55,Hipoteca,Posgrado
Aprobada,Aprobado,BUENO,49999,63708,RECIBOS DE NOMINA,CLIENTE_BANCO,24600,Mínimo,0.57,0,224,753,0,0,0,0,55,Renta,Preparatoria
Aprobada,Aprobado,REGULAR,1999,88594,RECIBOS DE NOMINA,NO_CLIENTE,0,Mínimo,0.3,0,224,790,0,0,0,0,55,Renta,Preparatoria
Aprobada,Aprobado,BUENO,60000,81675,RECIBOS DE NOMINA,CLIENTE_BANCO,63500,Bajo,0.79,0,228,721,0,0,0,0,55,Hipoteca,Preparatoria
Aprobada,Aprobado,REGULAR,10000,74923,RECIBOS DE NOMINA,NO_CLIENTE,10000,Alto,1.04,0,231,589,3,0,0,27094,55,Familiares,Posgrado
Aprobada,Aprobado,BUENO,49999,60735,PROPIEDAD ACTIVO FIJO,CLIENTE_BANCO,34000,Mínimo,0.49,0,231,761,0,12849,0,0,55,Renta,Posgrado
Aprobada,Aprobado,REGULAR,49999,84770,RECIBOS DE NOMINA,CLIENTE_BANCO,50000,Mínimo,0.25,0,231,785,0,0,0,0,55,Propia,Secundaria
Aprobada,Aprobado,BUENO,63000,73766,RECIBOS DE NOMINA,CLIENTE_BANCO,14500,Bajo,1.12,0,233,740,0,3613,0,15772,55,Propia,Posgrado
Aprobada,Aprobado,BUENO,37000,64443,RECIBOS DE NOMINA,NO_CLIENTE,0,Mínimo,0.48,0,235,762,0,0,0,0,55,Propia,Posgrado
Aprobada,Aprobado,BUENO,9899,88440,RECIBOS DE NOMINA,CLIENTE_BANCO,3000,Bajo,0.7,0,237,750,0,0,0,0,55,Familiares,Posgrado
Aprobada,Aprobado,REGULAR,34000,81369,RECIBOS DE NOMINA,CLIENTE_BANCO,0,Mínimo,0.37,0,240,773,0,0,0,0,55,Hipoteca,Preparatoria
Aprobada,Aprobado,BUENO,9899,75788,PROPIEDAD ACTIVO FIJO,NO_CLIENTE,0,Mínimo,0.51,0,242,759,0,0,0,0,55,Renta,Posgrado
Aprobada,Aprobado,BUENO,49999,60630,PROPIEDAD ACTIVO FIJO,CLIENTE_BANCO,89000,Bajo,0.78,0,256,744,1,1385,926,0,55,Familiares,Preparatoria
Aprobada,Aprobado,REGULAR,10500,83261,RECIBOS DE NOMINA,CLIENTE_BANCO,0,Mínimo,0.28,0,257,782,0,0,0,0,55,Renta,Licenciatura
Aprobada,Aprobado,BUENO,27000,73912,RECIBOS DE NOMINA,CLIENTE_BANCO,11700,Bajo,1.01,0,276,750,1,1619,250,0,55,Propia,Posgrado
Rechazada,Rechazado,MALO,0,65563,PROPIEDAD ACTIVO FIJO,NO_CLIENTE,0,Alto,0.0,5,89,0,0,10996,0,0,56,Renta,Preparatoria
Rechazada,Rechazado,MALO,0,87280,PROPIEDAD ACTIVO FIJO,NO_CLIENTE,0,Alto,0.0,5,89,0,0,0,0,0,56,Propia,Licenciatura
Rechazada,Rechazado,MALO,0,82307,PROPIEDAD ACTIVO FIJO,NO_CLIENTE,15000,Alto,0.0,5,89,0,1,14853,890,202000,56,Familiares,Licenciatura
Rechazada,Rechazado,MALO,0,76741,RECIBOS DE NOMINA,NO_CLIENTE,0,Alto,0.0,4,89,0,0,0,0,0,56,Familiares,Licenciatura
Rechazada,Rechazado,MALO,0,59551,PROPIEDAD ACTIVO FIJO,NO_CLIENTE,0,Alto,0.0,2,90,0,1,14198,890,12526,56,Propia,Preparatoria
Rechazada,Rechazado,MALO,0,84221,RECIBOS DE NOMINA,NO_CLIENTE,0,Alto,0.0,3,90,0,0,0,0,0,56,Hipoteca,Posgrado
Rechazada,Rechazado,MALO,0,74841,PROPIEDAD ACTIVO FIJO,NO_CLIENTE,0,Alto,0.0,3,90,0,0,0,0,0,56,Renta,Licenciatura
Rechazada,Rechazado,MALO,0,64396,PROPIEDAD ACTIVO FIJO,NO_CLIENTE,0,Alto,0.0,2,90,0,0,0,0,0,56,Propia,Licenciatura
Rechazada,Rechazado,MALO,0,88285,PROPIEDAD ACTIVO FIJO,NO_CLIENTE,0,Alto,0.0,5,91,0,0,0,0,41415,56,Hipoteca,Posgrado
Rechazada,Rechazado,MALO,0,87465,RECIBOS DE NOMINA,NO_CLIENTE,0,Alto,0.0,2,91,0,0,6834,0,0,56,Hipoteca,Licenciatura
Rechazada,Rechazado,MALO,0,75188,RECIBOS DE NOMINA,NO_CLIENTE,0,Alto,0.0,3,91,0,0,0,0,0,56,Familiares,Licenciatura
Rechazada,Rechazado,MALO,0,66243,RECIBOS DE NOMINA,NO_CLIENTE,0,Alto,0.0,1,91,0,1,1097,250,0,56,Propia,Preparatoria
Rechazada,Rechazado,MALO,0,91687,PROPIEDAD ACTIVO FIJO,NO_CLIENTE,0,Alto,0.0,3,91,0,1,42127,2510,88172,56,Hipoteca,Preparatoria
Rechazada,Rechazado,MALO,0,82938,RECIBOS DE NOMINA,NO_CLIENTE,0,Alto,0.0,2,91,0,0,0,0,0,56,Familiares,Licenciatura
Rechazada,Rechazado,MALO,0,77905,RECIBOS DE NOMINA,NO_CLIENTE,0,Alto,0.0,2,91,0,0,0,0,0,56,Propia,Licenciatura
Rechazada,Rechazado,MALO,0,62855,PROPIEDAD ACTIVO FIJO,NO_CLIENTE,0,Alto,0.0,3,91,0,0,0,0,0,56,Hipoteca,Licenciatura
Rechazada,Rechazado,MALO,0,85674,RECIBOS DE NOMINA,NO_CLIENTE,0,Alto,0.0,5,92,0,0,0,0,0,56,Propia,Posgrado
Rechazada,Rechazado,MALO,0,75618,RECIBOS DE NOMINA,NO_CLIENTE,0,Alto,0.0,4,93,0,0,0,0,0,56,Hipoteca,Preparatoria
Rechazada,Rechazado,MALO,0,67647,RECIBOS DE NOMINA,NO_CLIENTE,0,Alto,0.0,4,93,0,0,0,0,0,56,Familiares,Posgrado
Rechazada,Rechazado,MALO,0,89809,RECIBOS DE NOMINA,NO_CLIENTE,0,Alto,0.0,3,93,0,0,0,0,0,56,Renta,Licenciatura
Rechazada,Rechazado,MALO,0,83412,PROPIEDAD ACTIVO FIJO,NO_CLIENTE,0,Alto,0.0,4,93,0,0,0,0,0,56,Renta,Licenciatura
Rechazada,Rechazado,MALO,0,79557,PROPIEDAD ACTIVO FIJO,NO_CLIENTE,0,Alto,0.0,2,93,0,0,0,0,0,56,Familiares,Licenciatura
Rechazada,Rechazado,MALO,0,62387,RECIBOS DE NOMINA,NO_CLIENTE,0,Alto,0.0,2,94,0,0,0,0,0,56,Familiares,Preparatoria
Rechazada,Rechazado,MALO,0,85758,PROPIEDAD ACTIVO FIJO,NO_CLIENTE,0,Alto,0.0,3,94,0,0,0,0,0,56,Familiares,Posgrado
Rechazada,Rechazado,MALO,0,77587,RECIBOS DE NOMINA,NO_CLIENTE,0,Alto,0.0,2,94,0,0,0,0,0,56,Hipoteca,Posgrado
Rechazada,Rechazado,MALO,0,66578,RECIBOS DE NOMINA,NO_CLIENTE,0,Alto,0.0,4,94,0,0,3893,0,0,56,Propia,Licenciatura
Rechazada,Rechazado,MALO,0,89471,DECLARACION ANUAL PFAE,NO_CLIENTE,0,Alto,0.0,5,94,0,0,0,0,0,56,Propia,Preparatoria
Rechazada,Rechazado,MALO,0,85584,RECIBOS DE NOMINA,NO_CLIENTE,0,Alto,0.0,1,95,0,0,0,0,0,56,Familiares,Licenciatura
Rechazada,Rechazado,MALO,0,78299,PAGOS PROV SEMESTRALES PF,NO_CLIENTE,0,Alto,0.0,3,95,0,0,0,0,0,56,Hipoteca,Preparatoria
Rechazada,Rechazado,MALO,0,61336,PROPIEDAD ACTIVO FIJO,NO_CLIENTE,0,Alto,0.0,3,95,0,0,0,0,0,56,Renta,Posgrado
Rechazada,Rechazado,MALO,0,87574,RECIBOS DE NOMINA,NO_CLIENTE,0,Alto,0.0,5,95,0,0,0,0,14447,56,Renta,Preparatoria
Rechazada,Rechazado,MALO,0,77087,PROPIEDAD ACTIVO FIJO,NO_CLIENTE,43000,Alto,0.0,5,95,0,1,8332,540,0,56,Renta,Preparatoria
En_proceso,Rechazado,MALO,0,66014,RECIBOS DE NOMINA,NO_CLIENTE,0,Alto,0.0,3,95,0,0,0,0,0,56,Hipoteca,Posgrado
Rechazada,Rechazado,MALO,0,91366,RECIBOS DE NOMINA,NO_CLIENTE,0,Alto,0.0,3,96,0,0,0,0,0,56,Familiares,Licenciatura
Rechazada,Rechazado,MALO,0,85033,PROPIEDAD ACTIVO FIJO,NO_CLIENTE,5004,Alto,0.0,4,96,0,0,809,0,0,56,Hipoteca,Preparatoria
Rechazada,Rechazado,MALO,0,77636,RECIBOS DE NOMINA,NO_CLIENTE,0,Alto,0.0,5,96,0,0,0,0,0,56,Hipoteca,Posgrado
Rechazada,Rechazado,MALO,0,62635,PROPIEDAD ACTIVO FIJO,NO_CLIENTE,0,Alto,0.0,5,96,0,0,0,0,0,56,Hipoteca,Posgrado
Rechazada,Rechazado,MALO,0,87839,PROPIEDAD ACTIVO FIJO,NO_CLIENTE,0,Alto,0.0,5,96,0,0,0,0,0,56,Renta,Licenciatura
Rechazada,Rechazado,MALO,0,76074,RECIBOS DE NOMINA,NO_CLIENTE,0,Alto,0.0,5,96,0,0,0,0,0,56,Propia,Posgrado
Rechazada,Rechazado,MALO,0,67410,PROPIEDAD ACTIVO FIJO,NO_CLIENTE,0,Alto,0.0,2,97,0,0,0,0,29486,56,Renta,Licenciatura
Rechazada,Rechazado,MALO,0,92078,PROPIEDAD ACTIVO FIJO,NO_CLIENTE,0,Alto,0.0,1,97,0,1,32986,1820,0,56,Propia,Preparatoria
Rechazada,Rechazado,MALO,0,83124,RECIBOS DE NOMINA,NO_CLIENTE,0,Alto,0.0,3,97,0,0,0,0,22878,56,Propia,Preparatoria
Rechazada,Rechazado,MALO,0,79278,PROPIEDAD ACTIVO FIJO,NO_CLIENTE,0,Alto,0.0,2,97,0,0,0,0,0,56,Familiares,Posgrado
Rechazada,Rechazado,MALO,0,63124,PROPIEDAD ACTIVO FIJO,NO_CLIENTE,11000,Alto,0.0,3,97,0,1,10789,710,0,56,Renta,Licenciatura
Rechazada,Rechazado,MALO,0,85057,PAGOS PROV SEMESTRALES PF,NO_CLIENTE,0,Alto,0.0,5,98,0,0,0,0,0,56,Propia,Licenciatura
Rechazada,Rechazado,MALO,0,78052,RECIBOS DE NOMINA,NO_CLIENTE,0,Alto,0.0,4,98,0,0,0,0,0,56,Renta,Licenciatura
Rechazada,Rechazado,MALO,0,67938,PROPIEDAD ACTIVO FIJO,NO_CLIENTE,136500,Alto,0.0,5,99,0,1,113561,5110,56256,56,Familiares,Posgrado
Rechazada,Rechazado,MALO,0,88739,RECIBOS DE NOMINA,NO_CLIENTE,0,Alto,0.0,1,99,0,0,0,0,0,56,Familiares,Preparatoria
Rechazada,Rechazado,MALO,0,86097,RECIBOS DE NOMINA,NO_CLIENTE,9400,Alto,0.0,5,99,0,1,6551,250,0,56,Propia,Posgrado
Rechazada,Rechazado,MALO,0,79898,RECIBOS DE NOMINA,NO_CLIENTE,0,Alto,0.0,5,99,0,0,0,0,0,56,Hipoteca,Licenciatura
Rechazada,Rechazado,MALO,0,60835,RECIBOS DE NOMINA,NO_CLIENTE,0,Alto,0.0,2,99,0,0,0,0,0,56,Propia,Licenciatura
Rechazada,Rechazado,MALO,0,88099,PROPIEDAD ACTIVO FIJO,NO_CLIENTE,0,Alto,0.0,4,100,0,1,6646,750,0,56,Renta,Posgrado
Rechazada,Rechazado,MALO,0,78662,RECIBOS DE NOMINA,NO_CLIENTE,0,Alto,0.0,2,100,0,0,0,0,0,56,Propia,Licenciatura
Rechazada,Rechazado,MALO,0,66098,RECIBOS DE NOMINA,NO_CLIENTE,0,Alto,0.0,2,100,0,3,17736,2740,0,56,Renta,Preparatoria
Rechazada,Rechazado,MALO,0,91479,SIN COMPROBANTE,NO_CLIENTE,0,Alto,0.0,2,100,0,0,0,0,0,56,Renta,Preparatoria
Rechazada,Rechazado,MALO,0,86359,RECIBOS DE NOMINA,NO_CLIENTE,0,Alto,0.0,3,101,0,0,0,0,0,56,Renta,Licenciatura
Rechazada,Rechazado,MALO,0,77734,RECIBOS DE NOMINA,NO_CLIENTE,0,Alto,0.0,3,101,0,0,0,0,0,56,Renta,Posgrado
Rechazada,Rechazado,MALO,0,62713,RECIBOS DE NOMINA,NO_CLIENTE,0,Alto,0.0,1,101,0,0,529,0,0,56,Hipoteca,Preparatoria
Rechazada,Rechazado,MALO,0,88367,RECIBOS DE NOMINA,NO_CLIENTE,0,Alto,0.0,3,101,0,0,0,0,0,56,Hipoteca,Preparatoria
Pendiente,Pre-Aprobado,MALO,1,76532,RECIBOS DE NOMINA,NO_CLIENTE,0,Alto,0.0,1,120,0,0,0,0,0,56,Hipoteca,Posgrado
Pendiente,Pre-Aprobado,MALO,1,67496,PROPIEDAD ACTIVO FIJO,NO_CLIENTE,0,Alto,0.0,0,124,0,0,0,0,0,56,Familiares,Preparatoria
Pendiente,Pre-Aprobado,MALO,1,92193,RECIBOS DE NOMINA,NO_CLIENTE,0,Alto,0.0,1,125,0,0,0,0,0,56,Familiares,Posgrado
Pendiente,Pre-Aprobado,MALO,1,84820,INVERSIONES,NO_CLIENTE,0,Alto,0.0,2,125,0,0,0,0,0,56,Familiares,Preparatoria
Pendiente,Pre-Aprobado,MALO,1,79756,RECIBOS DE NOMINA,NO_CLIENTE,0,Alto,0.0,0,132,0,0,0,0,0,56,Hipoteca,Preparatoria
Pendiente,Pre-Aprobado,MALO,1,62606,INVERSIONES,NO_CLIENTE,0,Alto,0.0,1,133,0,0,0,0,0,56,Renta,Posgrado
Aprobada,Aprobado,REGULAR,6000,86792,INVERSIONES,NO_CLIENTE,0,Mínimo,0.28,1,164,782,0,0,0,0,56,Renta,Preparatoria
Aprobada,Aprobado,BUENO,6000,78523,RECIBOS DE NOMINA,NO_CLIENTE,0,Mínimo,0.57,0,166,763,0,0,0,0,56,Propia,Posgrado
Pendiente,Pre-Aprobado,MALO,1,67380,RECIBOS DE NOMINA,NO_CLIENTE,0,Alto,0.0,0,187,0,0,0,0,0,56,Familiares,Posgrado
Aprobada,Aprobado,REGULAR,28000,90550,RECIBOS DE NOMINA,CLIENTE_BANCO,15000,Mínimo,0.36,0,188,774,0,0,0,0,56,Renta,Preparatoria
Aprobada,Aprobado,REGULAR,9899,86616,PAGOS PROV SEMESTRALES PF,CLIENTE_BANCO,24504,Medio ,0.93,0,195,694,0,6372,0,48464,56,Renta,Licenciatura
Aprobada,Aprobado,REGULAR,271000,79243,PROPIEDAD ACTIVO FIJO,CLIENTE_BANCO,40000,Medio ,0.54,0,200,687,0,8176,0,0,56,Hipoteca,Preparatoria
Aprobada,Aprobado,BUENO,25000,62076,RECIBOS DE NOMINA,CLIENTE_BANCO,48400,Bajo,0.48,0,203,740,1,14679,610,4950,56,Familiares,Posgrado
Aprobada,Aprobado,BUENO,100000,88630,PROPIEDAD ACTIVO FIJO,CLIENTE_BANCO,100000,Bajo,0.56,0,205,744,0,5013,0,0,56,Propia,Licenciatura
Aprobada,Aprobado,BUENO,10000,78017,INVERSIONES,NO_CLIENTE,0,Mínimo,0.6,0,207,760,0,0,0,0,56,Familiares,Licenciatura
Aprobada,Aprobado,REGULAR,5200,66810,RECIBOS DE NOMINA,NO_CLIENTE,0,Mínimo,0.4,0,207,770,0,0,0,0,56,Hipoteca,Licenciatura
Aprobada,Aprobado,REGULAR,39999,92468,PROPIEDAD ACTIVO FIJO,CLIENTE_BANCO,7500,Medio ,0.36,0,209,695,1,6935,430,9298,56,Hipoteca,Preparatoria
Aprobada,Aprobado,BUENO,9800,86058,RECIBOS DE NOMINA,CLIENTE_BANCO,42000,Bajo,1.12,0,213,740,1,30224,530,0,56,Renta,Licenciatura
Aprobada,Aprobado,REGULAR,3000,78572,RECIBOS DE NOMINA,NO_CLIENTE,3100,Alto,1.05,0,214,621,3,0,0,0,56,Hipoteca,Posgrado
Aprobada,Aprobado,REGULAR,10800,63994,RECIBOS DE NOMINA,CLIENTE_BANCO,37000,Medio ,0.5,0,214,689,1,31373,800,0,56,Renta,Licenciatura
Aprobada,Aprobado,BUENO,32999,87644,PROPIEDAD ACTIVO FIJO,CLIENTE_BANCO,15000,Bajo,1.11,0,214,740,1,7491,250,0,56,Familiares,Posgrado
Aprobada,Aprobado,BUENO,82000,76990,RECIBOS DE NOMINA,CLIENTE_BANCO,4000,Bajo,1.05,0,215,715,0,0,0,0,56,Hipoteca,Licenciatura
Aprobada,Aprobado,BUENO,9899,68875,PROPIEDAD ACTIVO FIJO,CLIENTE_BANCO,46500,Mínimo,0.75,0,217,772,0,0,0,0,56,Renta,Preparatoria
Aprobada,Aprobado,BUENO,49999,91439,PROPIEDAD ACTIVO FIJO,CLIENTE_BANCO,30000,Bajo,0.77,0,218,723,0,427,0,0,56,Familiares,Licenciatura
Aprobada,Aprobado,REGULAR,3000,85328,RECIBOS DE NOMINA,CLIENTE_BANCO,0,Mínimo,0.34,0,223,776,0,0,0,0,56,Familiares,Licenciatura
Aprobada,Aprobado,BUENO,14800,81386,RECIBOS DE NOMINA,CLIENTE_BANCO,87000,Bajo,0.94,0,224,744,1,7581,1090,0,56,Familiares,Preparatoria
Aprobada,Aprobado,BUENO,49999,62685,PROPIEDAD ACTIVO FIJO,CLIENTE_BANCO,33500,Bajo,0.86,0,225,750,1,2243,420,0,56,Hipoteca,Licenciatura
Aprobada,Aprobado,BUENO,39999,86900,PROPIEDAD ACTIVO FIJO,CLIENTE_BANCO,12500,Bajo,0.69,0,226,740,0,0,0,0,56,Hipoteca,Preparatoria
Aprobada,Aprobado,BUENO,1999,78995,RECIBOS DE NOMINA,NO_CLIENTE,0,Bajo,0.61,0,226,749,0,0,0,0,56,Hipoteca,Licenciatura
Aprobada,Aprobado,BUENO,4999,67785,INVERSIONES,NO_CLIENTE,0,Bajo,1.05,0,227,715,0,0,0,0,56,Hipoteca,Licenciatura
Aprobada,Aprobado,BUENO,49999,91094,PROPIEDAD ACTIVO FIJO,CLIENTE_BANCO,68000,Mínimo,1.06,0,227,754,1,4495,850,0,56,Propia,Posgrado
Aprobada,Aprobado,REGULAR,9899,87137,PROPIEDAD ACTIVO FIJO,CLIENTE_BANCO,20000,Bajo,0.2,0,229,727,1,13784,700,0,56,Propia,Licenciatura
Aprobada,Aprobado,REGULAR,40000,79719,RECIBOS DE NOMINA,CLIENTE_BANCO,41000,Mínimo,0.17,0,234,803,0,0,0,0,56,Propia,Licenciatura
Aprobada,Aprobado,BUENO,1999,62449,RECIBOS DE NOMINA,CLIENTE_BANCO,0,Mínimo,0.42,0,235,778,0,0,0,0,56,Renta,Licenciatura
Aprobada,Aprobado,REGULAR,49999,89163,PROPIEDAD ACTIVO FIJO,CLIENTE_BANCO,30000,Alto,1.17,0,238,640,3,3661,380,0,56,Hipoteca,Posgrado
Aprobada,Aprobado,BUENO,20800,77745,RECIBOS DE NOMINA,NO_CLIENTE,0,Bajo,0.7,0,240,740,0,0,0,0,56,Renta,Posgrado
Aprobada,Aprobado,BUENO,9899,67530,RECIBOS DE NOMINA,CLIENTE_BANCO,55900,Bajo,1.18,0,240,740,0,2752,0,44100,56,Renta,Posgrado
Aprobada,Aprobado,BUENO,49999,93466,RECIBOS DE NOMINA,NO_CLIENTE,0,Bajo,0.57,0,240,743,0,0,0,0,56,Propia,Preparatoria
Aprobada,Aprobado,REGULAR,9899,85759,RECIBOS DE NOMINA,CLIENTE_BANCO,38000,Mínimo,0.19,0,241,791,0,15459,0,0,56,Hipoteca,Licenciatura
Aprobada,Aprobado,BUENO,9899,79419,PROPIEDAD ACTIVO FIJO,CLIENTE_BANCO,25000,Bajo,0.5,0,242,711,1,19475,880,146708,56,Propia,Preparatoria
Aprobada,Aprobado,BUENO,16600,64075,RECIBOS DE NOMINA,CLIENTE_BANCO,0,Bajo,1.02,0,243,718,0,0,0,0,56,Hipoteca,Posgrado
Aprobada,Aprobado,REGULAR,42999,89009,RECIBOS DE NOMINA,NO_CLIENTE,0,Mínimo,0.18,0,245,792,0,0,0,0,56,Renta,Licenciatura
Aprobada,Aprobado,REGULAR,1999,78192,CTA NOMINA DIGITAL,CLIENTE_BANCO,0,Mínimo,0.16,0,247,794,0,0,0,0,56,Renta,Preparatoria
Aprobada,Aprobado,BUENO,86000,67987,RECIBOS DE NOMINA,CLIENTE_BANCO,97300,Bajo,0.69,0,250,727,0,42648,0,61955,56,Renta,Licenciatura
Aprobada,Aprobado,BUENO,45000,92862,RECIBOS DE NOMINA,CLIENTE_BANCO,0,Bajo,0.76,0,251,724,0,0,0,0,56,Renta,Preparatoria
Aprobada,Aprobado,BUENO,77000,86252,RECIBOS DE NOMINA,CLIENTE_BANCO,0,Mínimo,0.41,0,252,769,0,0,0,64142,56,Hipoteca,Posgrado
Aprobada,Aprobado,BUENO,49999,79957,PROPIEDAD ACTIVO FIJO,CLIENTE_BANCO,82500,Bajo,1.0,0,261,750,1,3940,1040,0,56,Propia,Preparatoria
Aprobada,Aprobado,REGULAR,275000,63661,PROPIEDAD ACTIVO FIJO,CLIENTE_BANCO,170000,Mínimo,0.38,0,277,779,0,0,0,0,56,Familiares,Preparatoria
Rechazada,Rechazado,MALO,0,88257,PROPIEDAD ACTIVO FIJO,NO_CLIENTE,0,Alto,0.0,5,89,0,0,0,0,0,57,Familiares,Posgrado
Rechazada,Rechazado,MALO,0,77977,RECIBOS DE NOMINA,NO_CLIENTE,0,Alto,0.0,5,89,0,0,0,0,640,57,Renta,Preparatoria
Rechazada,Rechazado,MALO,0,68841,RECIBOS DE NOMINA,NO_CLIENTE,0,Alto,0.0,5,89,0,0,0,0,0,57,Hipoteca,Preparatoria
Cancelada,Rechazado,MALO,0,92517,SIN COMPROBANTE,NO_CLIENTE,0,Alto,0.0,5,89,0,0,0,0,0,57,Renta,Posgrado
Rechazada,Rechazado,MALO,0,86834,RECIBOS DE NOMINA,NO_CLIENTE,0,Alto,0.0,5,89,0,0,0,0,0,57,Propia,Posgrado
Rechazada,Rechazado,MALO,0,80578,RECIBOS DE NOMINA,NO_CLIENTE,0,Alto,0.0,4,89,0,0,1042,0,95383,57,Renta,Posgrado
Rechazada,Rechazado,MALO,0,63124,RECIBOS DE NOMINA,NO_CLIENTE,0,Alto,0.0,4,89,0,0,0,0,0,57,Renta,Posgrado
Rechazada,Rechazado,MALO,0,88853,RECIBOS DE NOMINA,NO_CLIENTE,0,Alto,0.0,4,89,0,0,0,0,0,57,Familiares,Licenciatura
Rechazada,Rechazado,MALO,0,78583,PROPIEDAD ACTIVO FIJO,NO_CLIENTE,0,Alto,0.0,4,89,0,0,0,0,0,57,Propia,Preparatoria
Rechazada,Rechazado,MALO,0,68260,RECIBOS DE NOMINA,NO_CLIENTE,0,Alto,0.0,4,89,0,0,0,0,7476,57,Renta,Preparatoria
Rechazada,Rechazado,MALO,0,93141,RECIBOS DE NOMINA,NO_CLIENTE,0,Alto,0.0,5,89,0,0,0,0,0,57,Renta,Posgrado
Rechazada,Rechazado,MALO,0,91839,PAGOS PROV SEMESTRALES PF,NO_CLIENTE,0,Alto,0.0,5,89,0,0,0,0,54966,57,Propia,Preparatoria
En_proceso,Rechazado,MALO,0,79699,INVERSIONES,NO_CLIENTE,0,Alto,0.0,4,89,0,0,0,0,0,57,Propia,Preparatoria
Rechazada,Rechazado,MALO,0,69886,PROPIEDAD ACTIVO FIJO,NO_CLIENTE,0,Alto,0.0,4,90,0,0,0,0,0,57,Hipoteca,Licenciatura
Rechazada,Rechazado,MALO,0,96271,PROPIEDAD ACTIVO FIJO,NO_CLIENTE,360500,Alto,0.0,2,90,0,1,39106,1350,143010,57,Renta,Preparatoria
Rechazada,Rechazado,MALO,0,87914,RECIBOS DE NOMINA,NO_CLIENTE,0,Alto,0.0,3,90,0,0,0,0,0,57,Familiares,Licenciatura
Rechazada,Rechazado,MALO,0,82190,RECIBOS DE NOMINA,NO_CLIENTE,0,Alto,0.0,5,91,0,0,0,0,0,57,Propia,Posgrado
Rechazada,Rechazado,MALO,0,65998,PROPIEDAD ACTIVO FIJO,NO_CLIENTE,0,Alto,0.0,2,91,0,0,0,0,0,57,Renta,Posgrado
Rechazada,Rechazado,MALO,0,90815,PROPIEDAD ACTIVO FIJO,NO_CLIENTE,0,Alto,0.0,4,91,0,1,8968,250,0,57,Familiares,Posgrado
Rechazada,Rechazado,MALO,0,79777,RECIBOS DE NOMINA,NO_CLIENTE,0,Alto,0.0,2,91,0,0,0,0,0,57,Familiares,Posgrado
Rechazada,Rechazado,MALO,0,71030,RECIBOS DE NOMINA,NO_CLIENTE,0,Alto,0.0,3,91,0,0,0,0,0,57,Propia,Licenciatura
Rechazada,Rechazado,MALO,0,95198,RECIBOS DE NOMINA,NO_CLIENTE,0,Alto,0.0,3,91,0,0,0,0,0,57,Familiares,Licenciatura
Rechazada,Rechazado,MALO,0,88000,RECIBOS DE NOMINA,NO_CLIENTE,0,Alto,0.0,5,91,0,0,0,0,0,57,Renta,Posgrado
Rechazada,Rechazado,MALO,0,83535,RECIBOS DE NOMINA,CLIENTE_BANCO,0,Alto,0.0,5,91,0,0,0,0,0,57,Renta,Preparatoria
Rechazada,Rechazado,MALO,0,66130,RECIBOS DE NOMINA,NO_CLIENTE,0,Alto,0.0,4,92,0,0,0,0,0,57,Familiares,Preparatoria
Rechazada,Rechazado,MALO,0,90475,RECIBOS DE NOMINA,NO_CLIENTE,0,Alto,0.0,4,92,0,0,0,0,0,57,Familiares,Preparatoria
Rechazada,Rechazado,MALO,0,81466,RECIBOS DE NOMINA,NO_CLIENTE,0,Alto,0.0,4,92,0,0,0,0,0,57,Familiares,Preparatoria
Rechazada,Rechazado,MALO,0,70572,PROPIEDAD ACTIVO FIJO,NO_CLIENTE,0,Alto,0.0,4,93,0,1,4920,880,48972,57,Hipoteca,Posgrado
Cancelada,Rechazado,MALO,0,94392,RECIBOS DE NOMINA,NO_CLIENTE,0,Alto,0.0,2,93,0,0,0,0,0,57,Familiares,Posgrado
Rechazada,Rechazado,MALO,0,89863,PROPIEDAD ACTIVO FIJO,NO_CLIENTE,25000,Alto,0.0,3,93,0,0,6870,0,0,57,Familiares,Preparatoria
Rechazada,Rechazado,MALO,0,82997,PROPIEDAD ACTIVO FIJO,NO_CLIENTE,0,Alto,0.0,5,94,0,0,0,0,81427,57,Hipoteca,Preparatoria
En_proceso,Rechazado,MALO,0,64710,RECIBOS DE NOMINA,NO_CLIENTE,0,Alto,0.0,4,94,0,0,0,0,0,57,Propia,Posgrado
Rechazada,Rechazado,MALO,0,91953,RECIBOS DE NOMINA,NO_CLIENTE,7900,Alto,0.0,3,94,0,1,2477,250,0,57,Renta,Licenciatura
Rechazada,Rechazado,MALO,0,81713,PAGOS PROV SEMESTRALES PF,NO_CLIENTE,0,Alto,0.0,2,94,0,0,0,0,12415,57,Familiares,Preparatoria
Rechazada,Rechazado,MALO,0,69645,PROPIEDAD ACTIVO FIJO,NO_CLIENTE,5004,Alto,0.0,4,94,0,0,5206,0,0,57,Hipoteca,Preparatoria
Rechazada,Rechazado,MALO,0,95934,RECIBOS DE NOMINA,NO_CLIENTE,0,Alto,0.0,3,94,0,0,0,0,0,57,Familiares,Preparatoria
Rechazada,Rechazado,MALO,0,90135,RECIBOS DE NOMINA,NO_CLIENTE,0,Alto,0.0,3,95,0,0,0,0,0,57,Hipoteca,Preparatoria
Rechazada,Rechazado,MALO,0,81906,RECIBOS DE NOMINA,NO_CLIENTE,0,Alto,0.0,2,95,0,0,0,0,0,57,Familiares,Licenciatura
Rechazada,Rechazado,MALO,0,65767,RECIBOS DE NOMINA,NO_CLIENTE,0,Alto,0.0,1,95,0,0,0,0,0,57,Familiares,Licenciatura
Rechazada,Rechazado,MALO,0,93109,RECIBOS DE NOMINA,NO_CLIENTE,0,Alto,0.0,3,95,0,0,0,0,0,57,Familiares,Preparatoria
Rechazada,Rechazado,MALO,0,80258,RECIBOS DE NOMINA,NO_CLIENTE,0,Alto,0.0,5,95,0,0,0,0,0,57,Propia,Posgrado
Rechazada,Rechazado,MALO,0,70781,RECIBOS DE NOMINA,NO_CLIENTE,0,Alto,0.0,4,95,0,0,0,0,0,57,Familiares,Licenciatura
Rechazada,Rechazado,MALO,0,97603,PAGOS PROV SEMESTRALES PF,NO_CLIENTE,0,Alto,0.0,3,96,0,0,0,0,0,57,Renta,Licenciatura
Rechazada,Rechazado,MALO,0,87696,RECIBOS DE NOMINA,NO_CLIENTE,0,Alto,0.0,1,96,0,0,0,0,0,57,Propia,Preparatoria
Rechazada,Rechazado,MALO,0,83242,PAGOS PROV SEMESTRALES PF,NO_CLIENTE,0,Alto,0.0,3,96,0,0,0,0,0,57,Hipoteca,Posgrado
Rechazada,Rechazado,MALO,0,66911,RECIBOS DE NOMINA,NO_CLIENTE,0,Alto,0.0,3,96,0,0,0,0,0,57,Familiares,Posgrado
Rechazada,Rechazado,MALO,0,89735,RECIBOS DE NOMINA,NO_CLIENTE,0,Alto,0.0,4,96,0,0,0,0,0,57,Propia,Posgrado
Rechazada,Rechazado,MALO,0,81954,RECIBOS DE NOMINA,NO_CLIENTE,0,Alto,0.0,4,97,0,0,0,0,11697,57,Propia,Licenciatura
Rechazada,Rechazado,MALO,0,72014,RECIBOS DE NOMINA,NO_CLIENTE,0,Alto,0.0,3,97,0,0,0,0,0,57,Propia,Preparatoria
Rechazada,Rechazado,MALO,0,93620,RECIBOS DE NOMINA,NO_CLIENTE,0,Alto,0.0,2,97,0,0,0,0,0,57,Familiares,Licenciatura
Rechazada,Rechazado,MALO,0,90402,RECIBOS DE NOMINA,NO_CLIENTE,0,Alto,0.0,3,97,0,0,0,0,0,57,Familiares,Licenciatura
Rechazada,Rechazado,MALO,0,84692,PROPIEDAD ACTIVO FIJO,NO_CLIENTE,0,Alto,0.0,2,97,0,0,0,0,0,57,Hipoteca,Preparatoria
Rechazada,Rechazado,MALO,0,64180,RECIBOS DE NOMINA,NO_CLIENTE,0,Alto,0.0,4,97,0,0,0,0,0,57,Propia,Preparatoria
Rechazada,Rechazado,MALO,0,92504,PROPIEDAD ACTIVO FIJO,NO_CLIENTE,3000,Alto,0.0,3,97,0,1,2807,250,0,57,Familiares,Posgrado
Rechazada,Rechazado,MALO,0,83382,PROPIEDAD ACTIVO FIJO,NO_CLIENTE,0,Alto,0.0,4,97,0,0,0,0,0,57,Familiares,Preparatoria
En_proceso,Rechazado,MALO,0,69733,RECIBOS DE NOMINA,NO_CLIENTE,0,Alto,0.0,5,97,0,0,0,0,0,57,Hipoteca,Preparatoria
Rechazada,Rechazado,MALO,0,96053,PAGOS PROV SEMESTRALES PF,NO_CLIENTE,0,Alto,0.0,3,98,0,0,0,0,19091,57,Renta,Preparatoria
Rechazada,Rechazado,MALO,0,91540,RECIBOS DE NOMINA,NO_CLIENTE,0,Alto,0.0,2,98,0,1,16179,1060,14444,57,Renta,Preparatoria
Rechazada,Rechazado,MALO,0,82009,PROPIEDAD ACTIVO FIJO,NO_CLIENTE,0,Alto,0.0,3,98,0,0,0,0,0,57,Propia,Preparatoria
Rechazada,Rechazado,MALO,0,65849,RECIBOS DE NOMINA,NO_CLIENTE,0,Alto,0.0,3,98,0,0,0,0,0,57,Propia,Licenciatura
Rechazada,Rechazado,MALO,0,93669,PROPIEDAD ACTIVO FIJO,NO_CLIENTE,11500,Alto,0.0,3,98,0,1,11631,700,0,57,Renta,Posgrado
Rechazada,Rechazado,MALO,0,80741,PROPIEDAD ACTIVO FIJO,NO_CLIENTE,0,Alto,0.0,3,98,0,0,0,0,0,57,Renta,Licenciatura
Rechazada,Rechazado,MALO,0,70871,PROPIEDAD ACTIVO FIJO,NO_CLIENTE,0,Alto,0.0,2,98,0,0,0,0,0,57,Familiares,Preparatoria
Rechazada,Rechazado,MALO,0,97724,PROPIEDAD ACTIVO FIJO,NO_CLIENTE,0,Alto,0.0,5,98,0,0,0,0,0,57,Propia,Licenciatura
Rechazada,Rechazado,MALO,0,89485,PROPIEDAD ACTIVO FIJO,NO_CLIENTE,0,Alto,0.0,5,99,0,1,2231,250,0,57,Renta,Preparatoria
Rechazada,Rechazado,MALO,0,83744,RECIBOS DE NOMINA,NO_CLIENTE,0,Alto,0.0,2,99,0,0,0,0,0,57,Hipoteca,Posgrado
Rechazada,Rechazado,MALO,0,66362,RECIBOS DE NOMINA,NO_CLIENTE,0,Alto,0.0,2,99,0,0,730,0,0,57,Hipoteca,Licenciatura
Rechazada,Rechazado,MALO,0,91566,RECIBOS DE NOMINA,NO_CLIENTE,15000,Alto,0.0,2,99,0,2,16671,1880,0,57,Renta,Licenciatura
Rechazada,Rechazado,MALO,0,82449,RECIBOS DE NOMINA,NO_CLIENTE,0,Alto,0.0,5,99,0,0,0,0,0,57,Hipoteca,Posgrado
Rechazada,Rechazado,MALO,0,71423,RECIBOS DE NOMINA,NO_CLIENTE,0,Alto,0.0,4,99,0,0,0,0,0,57,Hipoteca,Preparatoria
Rechazada,Rechazado,MALO,0,95530,RECIBOS DE NOMINA,NO_CLIENTE,0,Alto,0.0,2,99,0,0,0,0,0,57,Hipoteca,Licenciatura
Rechazada,Rechazado,MALO,0,90947,RECIBOS DE NOMINA,NO_CLIENTE,0,Alto,0.0,1,100,0,0,0,0,0,57,Renta,Posgrado
Rechazada,Rechazado,MALO,0,83997,RECIBOS DE NOMINA,NO_CLIENTE,0,Alto,0.0,2,100,0,0,0,0,0,57,Renta,Preparatoria
Rechazada,Rechazado,MALO,0,65490,RECIBOS DE NOMINA,NO_CLIENTE,0,Alto,0.0,3,100,0,1,1000,250,56476,57,Familiares,Posgrado
Rechazada,Rechazado,MALO,0,93062,RECIBOS DE NOMINA,NO_CLIENTE,38100,Alto,0.0,2,100,0,0,26913,0,79970,57,Renta,Preparatoria
Rechazada,Rechazado,MALO,0,82698,RECIBOS DE NOMINA,NO_CLIENTE,35900,Alto,0.0,0,100,0,0,34675,0,80346,57,Hipoteca,Posgrado
Rechazada,Rechazado,MALO,0,70485,RECIBOS DE NOMINA,NO_CLIENTE,0,Alto,0.0,3,100,0,8,5640,5640,0,57,Propia,Licenciatura
Rechazada,Rechazado,MALO,0,97091,PROPIEDAD ACTIVO FIJO,NO_CLIENTE,0,Alto,0.0,3,100,0,0,0,0,0,57,Familiares,Posgrado
Rechazada,Rechazado,MALO,0,91222,PROPIEDAD ACTIVO FIJO,NO_CLIENTE,0,Alto,0.0,1,101,0,0,0,0,0,57,Renta,Licenciatura
Rechazada,Rechazado,MALO,0,82893,PROPIEDAD ACTIVO FIJO,NO_CLIENTE,0,Alto,0.0,0,101,0,0,0,0,0,57,Propia,Licenciatura
Rechazada,Rechazado,MALO,0,67194,RECIBOS DE NOMINA,NO_CLIENTE,0,Alto,0.0,0,101,0,0,0,0,0,57,Renta,Licenciatura
Rechazada,Rechazado,MALO,0,92903,PROPIEDAD ACTIVO FIJO,NO_CLIENTE,341000,Alto,0.0,4,101,0,1,187878,9900,0,57,Familiares,Licenciatura
Rechazada,Rechazado,MALO,0,81224,PROPIEDAD ACTIVO FIJO,NO_CLIENTE,0,Alto,0.0,3,101,0,0,0,0,0,57,Familiares,Licenciatura
En_proceso,Rechazado,MALO,0,72318,INVERSIONES,NO_CLIENTE,0,Alto,0.0,0,101,0,0,0,0,0,57,Renta,Posgrado
Pendiente,Pre-Aprobado,MALO,1,96925,RECIBOS DE NOMINA,NO_CLIENTE,0,Alto,0.0,1,110,0,0,0,0,0,57,Renta,Preparatoria
Pendiente,Pre-Aprobado,MALO,1,90021,PROPIEDAD ACTIVO FIJO,NO_CLIENTE,0,Alto,0.0,0,120,0,0,0,0,0,57,Familiares,Licenciatura
Pendiente,Pre-Aprobado,MALO,1,85455,RECIBOS DE NOMINA,NO_CLIENTE,0,Alto,0.0,0,120,0,0,0,0,0,57,Familiares,Posgrado
Pendiente,Pre-Aprobado,MALO,1,66446,PROPIEDAD ACTIVO FIJO,NO_CLIENTE,0,Alto,0.0,3,123,0,0,0,0,0,57,Renta,Preparatoria
Pendiente,Pre-Aprobado,MALO,1,91680,RECIBOS DE NOMINA,NO_CLIENTE,0,Alto,0.0,4,124,0,0,0,0,0,57,Hipoteca,Preparatoria
Pendiente,Pre-Aprobado,MALO,1,83734,RECIBOS DE NOMINA,NO_CLIENTE,0,Alto,0.0,0,125,0,0,0,0,0,57,Familiares,Posgrado
Pendiente,Pre-Aprobado,MALO,1,71514,RECIBOS DE NOMINA,NO_CLIENTE,0,Alto,0.0,3,144,0,0,0,0,0,57,Hipoteca,Licenciatura
Pendiente,Pre-Aprobado,MALO,1,95649,RECIBOS DE NOMINA,NO_CLIENTE,0,Alto,0.0,2,154,0,0,0,0,0,57,Propia,Preparatoria
Aprobada,Aprobado,REGULAR,5000,92365,PROPIEDAD ACTIVO FIJO,CLIENTE_BANCO,6800,Medio ,0.34,0,178,667,2,1190,500,0,57,Familiares,Posgrado
Aprobada,Aprobado,BUENO,12400,84104,PROPIEDAD ACTIVO FIJO,CLIENTE_BANCO,17500,Bajo,0.55,0,183,725,1,30,30,0,57,Hipoteca,Preparatoria
Aprobada,Aprobado,REGULAR,5000,65572,INVERSIONES,NO_CLIENTE,0,Mínimo,0.24,0,183,796,0,0,0,0,57,Propia,Preparatoria
Aprobada,Aprobado,BUENO,4700,94513,RECIBOS DE NOMINA,NO_CLIENTE,0,Mínimo,0.5,0,188,770,0,0,0,0,57,Renta,Posgrado
Aprobada,Aprobado,REGULAR,11000,82021,RECIBOS DE NOMINA,NO_CLIENTE,9900,Alto,0.9,0,191,630,3,0,0,0,57,Propia,Licenciatura
Aprobada,Aprobado,REGULAR,4999,70907,RECIBOS DE NOMINA,CLIENTE_BANCO,0,Mínimo,0.23,0,195,797,0,0,0,0,57,Hipoteca,Posgrado
Aprobada,Aprobado,BUENO,9899,99074,PROPIEDAD ACTIVO FIJO,CLIENTE_BANCO,5200,Bajo,0.69,0,204,734,1,100,100,0,57,Familiares,Preparatoria
Aprobada,Aprobado,BUENO,49999,90476,PROPIEDAD ACTIVO FIJO,CLIENTE_BANCO,31500,Bajo,0.61,0,209,727,0,8553,0,0,57,Renta,Licenciatura
Aprobada,Aprobado,BUENO,1999,83390,RECIBOS DE NOMINA,CLIENTE_BANCO,3000,Bajo,0.6,0,209,740,0,0,0,23897,57,Propia,Preparatoria
Aprobada,Aprobado,BUENO,9899,67920,PROPIEDAD ACTIVO FIJO,CLIENTE_BANCO,97000,Bajo,0.44,0,209,744,1,13226,1220,39417,57,Propia,Posgrado
Aprobada,Aprobado,BUENO,152000,93904,RECIBOS DE NOMINA,CLIENTE_BANCO,18500,Bajo,0.81,0,210,707,0,0,0,0,57,Renta,Preparatoria
Aprobada,Aprobado,BUENO,10000,82102,RECIBOS DE NOMINA,CLIENTE_BANCO,0,Bajo,0.85,0,211,725,0,0,0,0,57,Hipoteca,Licenciatura
Aprobada,Aprobado,BUENO,49999,72067,PROPIEDAD ACTIVO FIJO,CLIENTE_BANCO,25000,Bajo,0.68,0,212,710,0,3303,0,0,57,Familiares,Posgrado
Aprobada,Aprobado,BUENO,39999,97970,PROPIEDAD ACTIVO FIJO,CLIENTE_BANCO,24000,Mínimo,0.44,0,213,762,0,0,0,18938,57,Familiares,Posgrado
Aprobada,Aprobado,REGULAR,95000,90564,RECIBOS DE NOMINA,CLIENTE_BANCO,22300,Medio ,0.39,0,215,685,1,20898,760,71422,57,Renta,Preparatoria
Aprobada,Aprobado,REGULAR,42000,84754,RECIBOS DE NOMINA,NO_CLIENTE,0,Medio ,1.01,0,216,699,0,0,0,0,57,Propia,Licenciatura
Aprobada,Aprobado,REGULAR,54000,67162,RECIBOS DE NOMINA,CLIENTE_BANCO,38000,Bajo,0.36,0,217,750,1,4948,480,13299,57,Familiares,Posgrado
Aprobada,Aprobado,REGULAR,12900,92670,RECIBOS DE NOMINA,NO_CLIENTE,0,Mínimo,0.33,0,217,787,0,0,0,0,57,Hipoteca,Licenciatura
Aprobada,Aprobado,REGULAR,49000,82656,RECIBOS DE NOMINA,CLIENTE_BANCO,36000,Bajo,0.26,0,221,744,0,1823,0,0,57,Propia,Licenciatura
Aprobada,Aprobado,REGULAR,8500,72627,RECIBOS DE NOMINA,CLIENTE_BANCO,6000,Bajo,0.39,0,224,716,0,4980,0,0,57,Hipoteca,Posgrado
Aprobada,Aprobado,BUENO,15000,97143,INVERSIONES,CLIENTE_BANCO,0,Bajo,0.76,0,227,744,0,0,0,0,57,Renta,Preparatoria
Aprobada,Aprobado,BUENO,49999,92044,RECIBOS DE NOMINA,CLIENTE_BANCO,75000,Bajo,1.14,0,231,744,1,14705,940,0,57,Renta,Licenciatura
Aprobada,Aprobado,BUENO,49999,85010,RECIBOS DE NOMINA,CLIENTE_BANCO,0,Mínimo,0.46,0,232,764,0,0,0,0,57,Renta,Licenciatura
Aprobada,Aprobado,REGULAR,49999,66280,PROPIEDAD ACTIVO FIJO,CLIENTE_BANCO,24700,Mínimo,0.36,0,236,774,0,2653,0,0,57,Propia,Licenciatura
Aprobada,Aprobado,BUENO,29999,94184,RECIBOS DE NOMINA,CLIENTE_BANCO,25000,Bajo,0.57,0,238,750,0,542,0,0,57,Hipoteca,Preparatoria
Aprobada,Aprobado,REGULAR,100000,82906,RECIBOS DE NOMINA,CLIENTE_BANCO,33000,Medio ,1.05,0,240,683,1,3282,420,0,57,Propia,Preparatoria
Aprobada,Aprobado,BUENO,49999,71673,PROPIEDAD ACTIVO FIJO,CLIENTE_BANCO,49000,Bajo,0.91,0,240,729,0,0,0,0,57,Hipoteca,Posgrado
Aprobada,Aprobado,BUENO,9899,98730,PROPIEDAD ACTIVO FIJO,CLIENTE_BANCO,30000,Bajo,0.85,0,241,702,0,1264,0,61478,57,Propia,Posgrado
Aprobada,Aprobado,BUENO,39999,96890,RECIBOS DE NOMINA,CLIENTE_BANCO,0,Mínimo,0.6,0,253,760,0,0,0,0,57,Familiares,Licenciatura
Aprobada,Aprobado,REGULAR,11500,83684,RECIBOS DE NOMINA,CLIENTE_BANCO,0,Mínimo,0.29,0,256,791,0,0,0,0,57,Hipoteca,Preparatoria
Aprobada,Aprobado,REGULAR,9899,74080,PROPIEDAD ACTIVO FIJO,CLIENTE_BANCO,20000,Bajo,0.16,0,257,727,0,751,0,0,57,Propia,Licenciatura
Aprobada,Aprobado,BUENO,1999,101566,RECIBOS DE NOMINA,NO_CLIENTE,0,Bajo,0.68,0,261,742,0,0,0,0,57,Propia,Posgrado
Aprobada,Aprobado,BUENO,150000,92310,RECIBOS DE NOMINA,CLIENTE_BANCO,189500,Bajo,0.82,0,297,740,1,138509,560,0,57,Renta,Licenciatura
Rechazada,Rechazado,MALO,0,87121,PROPIEDAD ACTIVO FIJO,NO_CLIENTE,0,Alto,0.0,5,89,0,0,0,0,0,58,Familiares,Posgrado
Rechazada,Rechazado,MALO,0,69628,PROPIEDAD ACTIVO FIJO,NO_CLIENTE,0,Alto,0.0,4,89,0,0,0,0,0,58,Renta,Posgrado
En_proceso,Rechazado,MALO,0,95356,PROPIEDAD ACTIVO FIJO,NO_CLIENTE,0,Alto,0.0,5,89,0,0,0,0,0,58,Familiares,Licenciatura
Rechazada,Rechazado,MALO,0,84564,CTA NOMINA DIGITAL,NO_CLIENTE,0,Alto,0.0,3,90,0,0,0,0,0,58,Propia,Posgrado
Rechazada,Rechazado,MALO,0,74936,RECIBOS DE NOMINA,NO_CLIENTE,0,Alto,0.0,1,90,0,0,0,0,0,58,Renta,Licenciatura
Rechazada,Rechazado,MALO,0,99958,PROPIEDAD ACTIVO FIJO,NO_CLIENTE,0,Alto,0.0,2,90,0,0,0,0,0,58,Renta,Posgrado
Rechazada,Rechazado,MALO,0,93280,RECIBOS DE NOMINA,NO_CLIENTE,0,Alto,0.0,4,90,0,0,0,0,0,58,Hipoteca,Licenciatura
Rechazada,Rechazado,MALO,0,88129,PROPIEDAD ACTIVO FIJO,CLIENTE_BANCO,10000,Alto,0.0,5,90,0,8,14113,14113,0,58,Propia,Licenciatura
Rechazada,Rechazado,MALO,0,69437,PROPIEDAD ACTIVO FIJO,NO_CLIENTE,0,Alto,0.0,4,91,0,0,0,0,434240,58,Hipoteca,Posgrado
Rechazada,Rechazado,MALO,0,95903,PROPIEDAD ACTIVO FIJO,NO_CLIENTE,0,Alto,0.0,5,91,0,0,30501,0,0,58,Familiares,Licenciatura
Rechazada,Rechazado,MALO,0,85947,PROPIEDAD ACTIVO FIJO,NO_CLIENTE,0,Alto,0.0,3,91,0,1,2614,250,41235,58,Hipoteca,Preparatoria
Rechazada,Rechazado,MALO,0,74101,PROPIEDAD ACTIVO FIJO,NO_CLIENTE,0,Alto,0.0,2,91,0,0,0,0,0,58,Familiares,Posgrado
Rechazada,Rechazado,MALO,0,100056,RECIBOS DE NOMINA,NO_CLIENTE,0,Alto,0.0,4,92,0,1,9922,590,0,58,Propia,Licenciatura
Rechazada,Rechazado,MALO,0,94806,RECIBOS DE NOMINA,NO_CLIENTE,0,Alto,0.0,4,92,0,0,0,0,0,58,Propia,Preparatoria
Rechazada,Rechazado,MALO,0,87146,SIN COMPROBANTE,NO_CLIENTE,0,Alto,0.0,3,93,0,0,0,0,0,58,Propia,Preparatoria
Rechazada,Rechazado,MALO,0,68592,RECIBOS DE NOMINA,NO_CLIENTE,0,Alto,0.0,5,93,0,0,0,0,0,58,Propia,Licenciatura
Rechazada,Rechazado,MALO,0,97010,RECIBOS DE NOMINA,NO_CLIENTE,0,Alto,0.0,5,93,0,0,0,0,0,58,Renta,Posgrado
Rechazada,Rechazado,MALO,0,85798,INVERSIONES,NO_CLIENTE,0,Alto,0.0,5,93,0,0,0,0,13068,58,Familiares,Licenciatura
Rechazada,Rechazado,MALO,0,73823,RECIBOS DE NOMINA,NO_CLIENTE,0,Alto,0.0,3,93,0,0,0,0,0,58,Propia,Posgrado
Rechazada,Rechazado,MALO,0,101211,RECIBOS DE NOMINA,NO_CLIENTE,0,Alto,0.0,2,93,0,0,0,0,0,58,Propia,Posgrado
Rechazada,Rechazado,MALO,0,94642,PROPIEDAD ACTIVO FIJO,NO_CLIENTE,0,Alto,0.0,5,94,0,0,0,0,0,58,Propia,Licenciatura
Rechazada,Rechazado,MALO,0,86820,PROPIEDAD ACTIVO FIJO,NO_CLIENTE,0,Alto,0.0,5,94,0,1,4523,660,0,58,Familiares,Preparatoria
Rechazada,Rechazado,MALO,0,69384,RECIBOS DE NOMINA,NO_CLIENTE,0,Alto,0.0,2,94,0,0,0,0,0,58,Propia,Preparatoria
Rechazada,Rechazado,MALO,0,97765,RECIBOS DE NOMINA,NO_CLIENTE,0,Alto,0.0,4,94,0,0,0,0,29612,58,Propia,Posgrado
Rechazada,Rechazado,MALO,0,85074,PROPIEDAD ACTIVO FIJO,NO_CLIENTE,0,Alto,0.0,3,94,0,0,0,0,0,58,Familiares,Posgrado
Rechazada,Rechazado,MALO,0,74674,PROPIEDAD ACTIVO FIJO,NO_CLIENTE,0,Alto,0.0,2,95,0,1,10546,589,0,58,Hipoteca,Licenciatura
En_proceso,Rechazado,MALO,0,102483,PROPIEDAD ACTIVO FIJO,NO_CLIENTE,0,Alto,0.0,2,95,0,0,0,0,0,58,Hipoteca,Posgrado
Rechazada,Rechazado,MALO,0,92957,PROPIEDAD ACTIVO FIJO,NO_CLIENTE,0,Alto,0.0,1,95,0,0,0,0,0,58,Renta,Posgrado
Rechazada,Rechazado,MALO,0,87820,RECIBOS DE NOMINA,NO_CLIENTE,0,Alto,0.0,3,95,0,0,0,0,0,58,Hipoteca,Posgrado
Rechazada,Rechazado,MALO,0,70257,RECIBOS DE NOMINA,NO_CLIENTE,0,Alto,0.0,2,95,0,0,0,0,5832,58,Propia,Licenciatura
Rechazada,Rechazado,MALO,0,95119,PROPIEDAD ACTIVO FIJO,NO_CLIENTE,0,Alto,0.0,1,95,0,0,0,0,0,58,Familiares,Licenciatura
Rechazada,Rechazado,MALO,0,86462,PROPIEDAD ACTIVO FIJO,NO_CLIENTE,7000,Alto,0.0,4,95,0,0,633,0,0,58,Renta,Posgrado
Rechazada,Rechazado,MALO,0,75615,RECIBOS DE NOMINA,NO_CLIENTE,21600,Alto,0.0,4,95,0,0,450,0,59,58,Hipoteca,Posgrado
Rechazada,Rechazado,MALO,0,99237,RECIBOS DE NOMINA,NO_CLIENTE,0,Alto,0.0,2,96,0,0,0,0,0,58,Renta,Preparatoria
Rechazada,Rechazado,MALO,0,95374,RECIBOS DE NOMINA,NO_CLIENTE,0,Alto,0.0,3,96,0,0,0,0,0,58,Renta,Preparatoria
Rechazada,Rechazado,MALO,0,88927,RECIBOS DE NOMINA,NO_CLIENTE,0,Alto,0.0,3,96,0,0,0,0,0,58,Hipoteca,Preparatoria
Rechazada,Rechazado,MALO,0,68031,RECIBOS DE NOMINA,NO_CLIENTE,0,Alto,0.0,3,96,0,0,0,0,0,58,Familiares,Preparatoria
Rechazada,Rechazado,MALO,0,97591,RECIBOS DE NOMINA,NO_CLIENTE,0,Alto,0.0,4,96,0,0,0,0,0,58,Familiares,Licenciatura
Rechazada,Rechazado,MALO,0,87551,PROPIEDAD ACTIVO FIJO,NO_CLIENTE,0,Alto,0.0,1,96,0,0,0,0,139061,58,Familiares,Posgrado
Rechazada,Rechazado,MALO,0,73917,PROPIEDAD ACTIVO FIJO,NO_CLIENTE,27500,Alto,0.0,5,96,0,8,33412,30564,0,58,Propia,Posgrado
Rechazada,Rechazado,MALO,0,101336,RECIBOS DE NOMINA,NO_CLIENTE,0,Alto,0.0,3,97,0,0,0,0,0,58,Hipoteca,Posgrado
Rechazada,Rechazado,MALO,0,96117,RECIBOS DE NOMINA,CLIENTE_BANCO,0,Alto,0.0,4,97,0,0,0,0,0,58,Familiares,Secundaria
Rechazada,Rechazado,MALO,0,86930,PROPIEDAD ACTIVO FIJO,NO_CLIENTE,0,Alto,0.0,3,98,0,0,120783,0,225279,58,Propia,Licenciatura
En_proceso,Rechazado,MALO,0,69470,RECIBOS DE NOMINA,NO_CLIENTE,0,Alto,0.0,2,98,0,0,306,0,0,58,Propia,Licenciatura
Rechazada,Rechazado,MALO,0,98352,RECIBOS DE NOMINA,NO_CLIENTE,0,Alto,0.0,3,98,0,0,0,0,0,58,Hipoteca,Licenciatura
Rechazada,Rechazado,MALO,0,85585,RECIBOS DE NOMINA,NO_CLIENTE,0,Alto,0.0,2,98,0,0,0,0,10740,58,Familiares,Licenciatura
Rechazada,Rechazado,MALO,0,74768,RECIBOS DE NOMINA,NO_CLIENTE,0,Alto,0.0,4,98,0,0,0,0,0,58,Hipoteca,Licenciatura
Rechazada,Rechazado,MALO,0,102611,RECIBOS DE NOMINA,NO_CLIENTE,0,Alto,0.0,5,98,0,0,0,0,0,58,Familiares,Preparatoria
Rechazada,Rechazado,MALO,0,94854,RECIBOS DE NOMINA,NO_CLIENTE,0,Alto,0.0,5,99,0,0,0,0,0,58,Propia,Posgrado
Rechazada,Rechazado,MALO,0,88350,RECIBOS DE NOMINA,NO_CLIENTE,0,Alto,0.0,2,99,0,0,0,0,0,58,Propia,Preparatoria
Rechazada,Rechazado,MALO,0,69680,RECIBOS DE NOMINA,NO_CLIENTE,0,Alto,0.0,3,99,0,0,0,0,0,58,Propia,Licenciatura
Rechazada,Rechazado,MALO,0,97060,RECIBOS DE NOMINA,NO_CLIENTE,0,Alto,0.0,4,99,0,0,0,0,0,58,Renta,Posgrado
Rechazada,Rechazado,MALO,0,86983,PROPIEDAD ACTIVO FIJO,NO_CLIENTE,0,Alto,0.0,5,99,0,0,0,0,0,58,Propia,Posgrado
Rechazada,Rechazado,MALO,0,74994,PROPIEDAD ACTIVO FIJO,NO_CLIENTE,0,Alto,0.0,5,99,0,0,0,0,0,58,Hipoteca,Licenciatura
Rechazada,Rechazado,MALO,0,101262,PROPIEDAD ACTIVO FIJO,NO_CLIENTE,0,Alto,0.0,1,100,0,0,0,0,0,58,Hipoteca,Posgrado
Rechazada,Rechazado,MALO,0,95949,RECIBOS DE NOMINA,NO_CLIENTE,0,Alto,0.0,2,100,0,0,0,0,0,58,Propia,Posgrado
Rechazada,Rechazado,MALO,0,88197,RECIBOS DE NOMINA,NO_CLIENTE,0,Alto,0.0,3,100,0,0,0,0,29075,58,Hipoteca,Licenciatura
Rechazada,Rechazado,MALO,0,69420,RECIBOS DE NOMINA,NO_CLIENTE,0,Alto,0.0,3,100,0,0,0,0,0,58,Hipoteca,Preparatoria
Rechazada,Rechazado,MALO,0,98180,RECIBOS DE NOMINA,NO_CLIENTE,0,Alto,0.0,0,100,0,0,0,0,0,58,Hipoteca,Licenciatura
Rechazada,Rechazado,MALO,0,86833,RECIBOS DE NOMINA,NO_CLIENTE,15000,Alto,0.0,1,100,0,1,10166,250,0,58,Propia,Licenciatura
Rechazada,Rechazado,MALO,0,74714,PROPIEDAD ACTIVO FIJO,NO_CLIENTE,0,Alto,0.0,3,100,0,0,0,0,0,58,Hipoteca,Posgrado
Rechazada,Rechazado,MALO,0,102431,RECIBOS DE NOMINA,NO_CLIENTE,0,Alto,0.0,3,101,0,0,0,0,0,58,Familiares,Preparatoria
Rechazada,Rechazado,MALO,0,95783,PROPIEDAD ACTIVO FIJO,NO_CLIENTE,0,Alto,0.0,1,101,0,1,12560,560,60654,58,Renta,Preparatoria
Cancelada,Rechazado,MALO,0,87867,SIN COMPROBANTE,NO_CLIENTE,0,Alto,0.0,4,101,0,0,0,0,0,58,Hipoteca,Licenciatura
Rechazada,Rechazado,MALO,0,70890,PROPIEDAD ACTIVO FIJO,NO_CLIENTE,0,Alto,0.0,0,101,0,1,7234,570,0,58,Familiares,Preparatoria
Rechazada,Rechazado,MALO,0,97548,RECIBOS DE NOMINA,NO_CLIENTE,0,Alto,0.0,0,101,0,0,0,0,0,58,Familiares,Licenciatura
Rechazada,Rechazado,MALO,0,86098,RECIBOS DE NOMINA,NO_CLIENTE,0,Alto,0.0,2,101,0,0,0,0,0,58,Propia,Licenciatura
Pendiente,Pre-Aprobado,MALO,1,76296,RECIBOS DE NOMINA,NO_CLIENTE,0,Alto,0.0,0,120,0,0,0,0,0,58,Propia,Preparatoria
Pendiente,Pre-Aprobado,MALO,1,101771,RECIBOS DE NOMINA,NO_CLIENTE,0,Alto,0.0,4,124,0,0,0,0,0,58,Familiares,Licenciatura
Pendiente,Pre-Aprobado,MALO,1,95422,RECIBOS DE NOMINA,NO_CLIENTE,0,Alto,0.0,2,134,0,0,0,0,0,58,Propia,Licenciatura
Pendiente,Pre-Aprobado,MALO,1,90155,PROPIEDAD ACTIVO FIJO,NO_CLIENTE,0,Alto,0.0,0,134,0,0,0,0,0,58,Hipoteca,Preparatoria
Pendiente,Pre-Aprobado,MALO,1,69769,RECIBOS DE NOMINA,NO_CLIENTE,0,Alto,0.0,0,141,0,0,0,0,0,58,Renta,Licenciatura
Pendiente,Pre-Aprobado,MALO,1,97180,PROPIEDAD ACTIVO FIJO,NO_CLIENTE,0,Alto,0.0,0,141,0,0,0,0,0,58,Hipoteca,Preparatoria
Pendiente,Pre-Aprobado,MALO,1,88340,RECIBOS DE NOMINA,NO_CLIENTE,0,Alto,0.0,2,163,0,0,0,0,0,58,Renta,Licenciatura
Aprobada,Aprobado,BUENO,50000,75089,RECIBOS DE NOMINA,NO_CLIENTE,0,Bajo,0.94,0,181,706,0,0,0,0,58,Familiares,Preparatoria
Aprobada,Aprobado,BUENO,4000,101388,RECIBOS DE NOMINA,CLIENTE_BANCO,0,Bajo,0.66,1,181,734,0,0,0,0,58,Familiares,Preparatoria
Aprobada,Aprobado,BUENO,15000,97445,RECIBOS DE NOMINA,NO_CLIENTE,0,Bajo,0.8,0,196,720,0,0,0,0,58,Familiares,Posgrado
Aprobada,Aprobado,BUENO,49999,88309,RECIBOS DE NOMINA,CLIENTE_BANCO,0,Bajo,0.54,0,197,746,0,0,0,0,58,Familiares,Licenciatura
Aprobada,Aprobado,BUENO,260000,69506,PROPIEDAD ACTIVO FIJO,CLIENTE_BANCO,45000,Bajo,0.53,0,203,705,1,41180,2560,0,58,Renta,Preparatoria
Aprobada,Aprobado,REGULAR,42999,99711,PROPIEDAD ACTIVO FIJO,CLIENTE_BANCO,24200,Bajo,0.18,0,207,740,0,2197,0,0,58,Hipoteca,Preparatoria
Aprobada,Aprobado,BUENO,168000,86943,RECIBOS DE NOMINA,CLIENTE_BANCO,325504,Bajo,0.46,0,210,737,1,32108,4080,143731,58,Renta,Posgrado
Aprobada,Aprobado,BUENO,2999,74806,PROPIEDAD ACTIVO FIJO,CLIENTE_BANCO,0,Bajo,1.16,0,211,704,0,0,0,0,58,Renta,Licenciatura
Aprobada,Aprobado,REGULAR,20500,104028,PROPIEDAD ACTIVO FIJO,CLIENTE_BANCO,3000,Alto,1.12,0,212,639,3,2656,150,0,58,Familiares,Licenciatura
Aprobada,Aprobado,BUENO,56000,95904,RECIBOS DE NOMINA,CLIENTE_BANCO,58000,Mínimo,1.08,0,212,757,0,5997,0,0,58,Hipoteca,Preparatoria
Aprobada,Aprobado,REGULAR,1999,87976,RECIBOS DE NOMINA,CLIENTE_BANCO,0,Mínimo,0.27,0,213,783,0,0,0,0,58,Familiares,Preparatoria
Aprobada,Aprobado,REGULAR,164000,71316,RECIBOS DE NOMINA,CLIENTE_BANCO,89000,Medio ,0.68,0,216,681,1,26220,1120,0,58,Hipoteca,Licenciatura
Aprobada,Aprobado,BUENO,9899,99538,PROPIEDAD ACTIVO FIJO,CLIENTE_BANCO,12500,Mínimo,0.55,0,216,767,0,0,0,8239,58,Familiares,Preparatoria
Aprobada,Aprobado,REGULAR,49999,86617,PROPIEDAD ACTIVO FIJO,CLIENTE_BANCO,0,Medio ,1.14,0,217,686,0,0,0,0,58,Propia,Preparatoria
Aprobada,Aprobado,REGULAR,9899,75670,PROPIEDAD ACTIVO FIJO,CLIENTE_BANCO,20604,Medio ,1.13,0,218,694,1,13448,630,0,58,Renta,Preparatoria
Aprobada,Aprobado,BUENO,43999,103848,PROPIEDAD ACTIVO FIJO,NO_CLIENTE,0,Bajo,0.86,0,218,724,0,0,0,0,58,Hipoteca,Licenciatura
Aprobada,Aprobado,REGULAR,9899,95545,PROPIEDAD ACTIVO FIJO,CLIENTE_BANCO,15000,Medio ,0.84,0,219,694,0,14157,0,0,58,Propia,Licenciatura
Aprobada,Aprobado,REGULAR,51000,88992,RECIBOS DE NOMINA,NO_CLIENTE,0,Mínimo,0.36,0,219,774,0,0,0,0,58,Familiares,Preparatoria
Aprobada,Aprobado,BUENO,29000,71192,RECIBOS DE NOMINA,NO_CLIENTE,0,Bajo,0.63,0,220,737,0,0,0,0,58,Hipoteca,Posgrado
Aprobada,Aprobado,BUENO,10700,97767,RECIBOS DE NOMINA,CLIENTE_BANCO,20100,Bajo,0.95,0,220,744,1,2271,260,0,58,Familiares,Posgrado
Aprobada,Aprobado,REGULAR,9899,86789,PROPIEDAD ACTIVO FIJO,CLIENTE_BANCO,9899,Alto,1.19,0,221,539,3,0,0,0,58,Familiares,Preparatoria
Aprobada,Aprobado,BUENO,39999,76985,RECIBOS DE NOMINA,CLIENTE_BANCO,7500,Bajo,0.53,0,224,737,1,3411,250,0,58,Propia,Licenciatura
Aprobada,Aprobado,BUENO,49999,102485,PROPIEDAD ACTIVO FIJO,CLIENTE_BANCO,55000,Bajo,0.83,0,225,727,1,150,150,0,58,Renta,Licenciatura
Aprobada,Aprobado,BUENO,6700,96646,RECIBOS DE NOMINA,CLIENTE_BANCO,0,Mínimo,0.63,0,226,757,0,0,0,0,58,Familiares,Licenciatura
Aprobada,Aprobado,BUENO,49999,90111,PROPIEDAD ACTIVO FIJO,NO_CLIENTE,0,Mínimo,0.44,0,226,766,0,0,0,0,58,Propia,Licenciatura
Aprobada,Aprobado,REGULAR,4999,69925,PROPIEDAD ACTIVO FIJO,NO_CLIENTE,0,Mínimo,0.24,0,227,786,0,0,0,0,58,Familiares,Preparatoria
Aprobada,Aprobado,REGULAR,31000,98893,RECIBOS DE NOMINA,CLIENTE_BANCO,0,Mínimo,0.35,0,233,775,0,0,0,0,58,Renta,Preparatoria
Aprobada,Aprobado,BUENO,9899,87880,PROPIEDAD ACTIVO FIJO,CLIENTE_BANCO,8800,Bajo,0.45,0,234,740,1,1281,250,0,58,Familiares,Licenciatura
Aprobada,Aprobado,BUENO,41000,75615,RECIBOS DE NOMINA,CLIENTE_BANCO,35500,Bajo,0.41,0,234,747,0,148,0,0,58,Familiares,Posgrado
Aprobada,Aprobado,BUENO,29000,103666,RECIBOS DE NOMINA,NO_CLIENTE,0,Mínimo,0.63,0,235,757,0,0,0,0,58,Propia,Posgrado
Aprobada,Aprobado,BUENO,149000,102703,RECIBOS DE NOMINA,CLIENTE_BANCO,0,Bajo,0.96,0,237,724,0,0,0,53364,58,Hipoteca,Licenciatura
Aprobada,Aprobado,BUENO,10000,88287,RECIBOS DE NOMINA,CLIENTE_BANCO,0,Bajo,0.89,0,239,731,0,0,0,0,58,Propia,Preparatoria
Aprobada,Aprobado,BUENO,49999,77784,PROPIEDAD ACTIVO FIJO,CLIENTE_BANCO,0,Mínimo,0.42,0,240,768,0,0,0,208220,58,Hipoteca,Preparatoria
Aprobada,Aprobado,REGULAR,1999,107660,PROPIEDAD ACTIVO FIJO,CLIENTE_BANCO,0,Mínimo,0.2,0,241,790,0,0,0,0,58,Renta,Preparatoria
Aprobada,Aprobado,BUENO,1999,97387,RECIBOS DE NOMINA,CLIENTE_BANCO,0,Bajo,0.64,0,242,736,0,0,0,0,58,Propia,Posgrado
Aprobada,Aprobado,BUENO,26999,91477,RECIBOS DE NOMINA,CLIENTE_BANCO,0,Mínimo,0.54,0,244,780,0,0,0,0,58,Propia,Preparatoria
Aprobada,Aprobado,REGULAR,143000,73806,RECIBOS DE NOMINA,CLIENTE_BANCO,10500,Mínimo,0.3,0,245,757,0,0,0,38422,58,Familiares,Licenciatura
Aprobada,Aprobado,REGULAR,61000,100600,RECIBOS DE NOMINA,NO_CLIENTE,61000,Alto,1.2,0,250,583,3,5323,0,0,58,Familiares,Posgrado
Aprobada,Aprobado,BUENO,49999,88792,PROPIEDAD ACTIVO FIJO,CLIENTE_BANCO,25000,Bajo,0.93,0,250,740,1,5069,380,0,58,Renta,Preparatoria
Aprobada,Aprobado,BUENO,10399,79432,PROPIEDAD ACTIVO FIJO,CLIENTE_BANCO,14000,Mínimo,0.42,0,251,767,0,553,0,0,58,Hipoteca,Posgrado
Aprobada,Aprobado,REGULAR,12600,105456,RECIBOS DE NOMINA,CLIENTE_BANCO,7000,Medio ,0.49,0,261,699,0,4237,0,0,58,Renta,Posgrado
Aprobada,Aprobado,REGULAR,1999,97944,RECIBOS DE NOMINA,CLIENTE_BANCO,0,Mínimo,0.15,0,262,795,0,0,0,0,58,Hipoteca,Licenciatura
Aprobada,Aprobado,BUENO,206000,93417,PROPIEDAD ACTIVO FIJO,CLIENTE_BANCO,0,Bajo,0.58,0,288,731,1,3949,1320,0,58,Renta,Licenciatura
Aprobada,Aprobado,BUENO,1999,73256,RECIBOS DE NOMINA,CLIENTE_BANCO,0,Bajo,0.65,0,291,745,0,0,0,0,58,Renta,Preparatoria
Rechazada,Rechazado,MALO,0,100698,PROPIEDAD ACTIVO FIJO,NO_CLIENTE,0,Alto,0.0,5,89,0,0,0,0,6442,59,Renta,Preparatoria
Rechazada,Rechazado,MALO,0,91104,PROPIEDAD ACTIVO FIJO,NO_CLIENTE,0,Alto,0.0,5,89,0,0,0,0,0,59,Propia,Posgrado
Rechazada,Rechazado,MALO,0,78176,RECIBOS DE NOMINA,NO_CLIENTE,0,Alto,0.0,4,89,0,0,0,0,0,59,Hipoteca,Posgrado
Rechazada,Rechazado,MALO,0,105058,RECIBOS DE NOMINA,NO_CLIENTE,0,Alto,0.0,5,89,0,0,0,0,0,59,Hipoteca,Posgrado
Rechazada,Rechazado,MALO,0,100494,RECIBOS DE NOMINA,NO_CLIENTE,0,Alto,0.0,4,89,0,0,0,0,0,59,Propia,Licenciatura
Rechazada,Rechazado,MALO,0,91939,SIN COMPROBANTE,NO_CLIENTE,0,Alto,0.0,4,89,0,0,0,0,0,59,Familiares,Preparatoria
Rechazada,Rechazado,MALO,0,72022,PROPIEDAD ACTIVO FIJO,NO_CLIENTE,0,Alto,0.0,5,89,0,1,13097,1940,1320,59,Familiares,Posgrado
Rechazada,Rechazado,MALO,0,102831,RECIBOS DE NOMINA,NO_CLIENTE,0,Alto,0.0,5,89,0,0,0,0,0,59,Hipoteca,Licenciatura
Rechazada,Rechazado,MALO,0,90517,PROPIEDAD ACTIVO FIJO,NO_CLIENTE,0,Alto,0.0,5,90,0,1,3128,320,0,59,Hipoteca,Posgrado
Rechazada,Rechazado,MALO,0,77515,RECIBOS DE NOMINA,NO_CLIENTE,0,Alto,0.0,1,90,0,0,0,0,0,59,Renta,Preparatoria
Rechazada,Rechazado,MALO,0,107283,PROPIEDAD ACTIVO FIJO,NO_CLIENTE,0,Alto,0.0,3,90,0,0,0,0,0,59,Familiares,Preparatoria
Rechazada,Rechazado,MALO,0,99847,PROPIEDAD ACTIVO FIJO,NO_CLIENTE,0,Alto,0.0,3,90,0,0,0,0,0,59,Familiares,Posgrado
Rechazada,Rechazado,MALO,0,91161,RECIBOS DE NOMINA,NO_CLIENTE,0,Alto,0.0,3,90,0,0,0,0,0,59,Renta,Preparatoria
Rechazada,Rechazado,MALO,0,73547,RECIBOS DE NOMINA,NO_CLIENTE,0,Alto,0.0,3,90,0,0,0,0,0,59,Renta,Preparatoria
Rechazada,Rechazado,MALO,0,103142,RECIBOS DE NOMINA,NO_CLIENTE,0,Alto,0.0,5,90,0,0,0,0,92484,59,Renta,Preparatoria
Rechazada,Rechazado,MALO,0,89328,RECIBOS DE NOMINA,NO_CLIENTE,0,Alto,0.0,5,91,0,0,0,0,0,59,Familiares,Licenciatura
Rechazada,Rechazado,MALO,0,79154,RECIBOS DE NOMINA,NO_CLIENTE,0,Alto,0.0,1,91,0,0,0,0,0,59,Familiares,Posgrado
Rechazada,Rechazado,MALO,0,108120,RECIBOS DE NOMINA,NO_CLIENTE,0,Alto,0.0,3,91,0,0,0,0,0,59,Familiares,Posgrado
Rechazada,Rechazado,MALO,0,97605,RECIBOS DE NOMINA,NO_CLIENTE,0,Alto,0.0,2,91,0,0,0,0,0,59,Propia,Licenciatura
Rechazada,Rechazado,MALO,0,93090,RECIBOS DE NOMINA,NO_CLIENTE,0,Alto,0.0,2,91,0,0,0,0,0,59,Hipoteca,Licenciatura
Rechazada,Rechazado,MALO,0,74121,RECIBOS DE NOMINA,NO_CLIENTE,0,Alto,0.0,5,91,0,0,0,0,0,59,Familiares,Preparatoria
Rechazada,Rechazado,MALO,0,99875,PAGOS PROV SEMESTRALES PF,NO_CLIENTE,18000,Alto,0.0,5,91,0,4,1458,888,43588,59,Renta,Posgrado
Rechazada,Rechazado,MALO,0,91649,RECIBOS DE NOMINA,NO_CLIENTE,0,Alto,0.0,4,92,0,0,0,0,0,59,Familiares,Preparatoria
Rechazada,Rechazado,MALO,0,79773,RECIBOS DE NOMINA,NO_CLIENTE,0,Alto,0.0,2,92,0,0,0,0,0,59,Familiares,Posgrado
Rechazada,Rechazado,MALO,0,104199,RECIBOS DE NOMINA,NO_CLIENTE,0,Alto,0.0,2,92,0,0,0,0,0,59,Propia,Licenciatura
Rechazada,Rechazado,MALO,0,101096,RECIBOS DE NOMINA,NO_CLIENTE,0,Alto,0.0,3,92,0,0,0,0,0,59,Hipoteca,Preparatoria
Rechazada,Rechazado,MALO,0,93818,PROPIEDAD ACTIVO FIJO,NO_CLIENTE,0,Alto,0.0,5,92,0,0,0,0,0,59,Propia,Preparatoria
Rechazada,Rechazado,MALO,0,71433,RECIBOS DE NOMINA,NO_CLIENTE,0,Alto,0.0,4,92,0,0,0,0,0,59,Renta,Posgrado
Rechazada,Rechazado,MALO,0,103447,RECIBOS DE NOMINA,NO_CLIENTE,0,Alto,0.0,5,92,0,0,0,0,0,59,Familiares,Preparatoria
Rechazada,Rechazado,MALO,0,92366,RECIBOS DE NOMINA,NO_CLIENTE,0,Alto,0.0,1,92,0,0,0,0,0,59,Propia,Licenciatura
Rechazada,Rechazado,MALO,0,77613,PROPIEDAD ACTIVO FIJO,NO_CLIENTE,0,Alto,0.0,3,93,0,0,0,0,0,59,Familiares,Posgrado
Rechazada,Rechazado,MALO,0,107417,RECIBOS DE NOMINA,NO_CLIENTE,0,Alto,0.0,4,93,0,0,0,0,0,59,Renta,Preparatoria
Rechazada,Rechazado,MALO,0,101404,RECIBOS DE NOMINA,NO_CLIENTE,0,Alto,0.0,3,93,0,0,0,0,0,59,Hipoteca,Posgrado
Rechazada,Rechazado,MALO,0,91276,RECIBOS DE NOMINA,NO_CLIENTE,0,Alto,0.0,5,93,0,0,0,0,46467,59,Propia,Preparatoria
Rechazada,Rechazado,MALO,0,73639,PAGOS PROV SEMESTRALES PF,NO_CLIENTE,0,Alto,0.0,4,93,0,1,13987,880,39160,59,Renta,Posgrado
Rechazada,Rechazado,MALO,0,103762,RECIBOS DE NOMINA,NO_CLIENTE,0,Alto,0.0,4,93,0,0,0,0,0,59,Hipoteca,Posgrado
Rechazada,Rechazado,MALO,0,89865,PROPIEDAD ACTIVO FIJO,NO_CLIENTE,0,Alto,0.0,3,93,0,0,0,0,0,59,Renta,Posgrado
Rechazada,Rechazado,MALO,0,79254,PROPIEDAD ACTIVO FIJO,NO_CLIENTE,0,Alto,0.0,2,93,0,0,0,0,0,59,Renta,Posgrado
Rechazada,Rechazado,MALO,0,108254,PROPIEDAD ACTIVO FIJO,NO_CLIENTE,0,Alto,0.0,3,93,0,0,0,0,0,59,Hipoteca,Licenciatura
Rechazada,Rechazado,MALO,0,99597,PROPIEDAD ACTIVO FIJO,NO_CLIENTE,0,Alto,0.0,2,94,0,0,0,0,0,59,Propia,Licenciatura
Rechazada,Rechazado,MALO,0,93651,RECIBOS DE NOMINA,NO_CLIENTE,0,Alto,0.0,2,94,0,0,0,0,67995,59,Renta,Posgrado
Rechazada,Rechazado,MALO,0,73513,PROPIEDAD ACTIVO FIJO,NO_CLIENTE,0,Alto,0.0,3,95,0,0,0,0,0,59,Hipoteca,Posgrado
Rechazada,Rechazado,MALO,0,101913,PROPIEDAD ACTIVO FIJO,NO_CLIENTE,0,Alto,0.0,3,95,0,0,0,0,0,59,Hipoteca,Posgrado
Rechazada,Rechazado,MALO,0,92202,RECIBOS DE NOMINA,NO_CLIENTE,0,Alto,0.0,3,95,0,0,0,0,18697,59,Propia,Posgrado
Rechazada,Rechazado,MALO,0,79119,RECIBOS DE NOMINA,NO_CLIENTE,0,Alto,0.0,5,95,0,0,0,0,0,59,Renta,Preparatoria
En_proceso,Rechazado,MALO,0,106325,PROPIEDAD ACTIVO FIJO,NO_CLIENTE,0,Alto,0.0,5,95,0,0,0,0,0,59,Renta,Preparatoria
Rechazada,Rechazado,MALO,0,101706,PROPIEDAD ACTIVO FIJO,NO_CLIENTE,12000,Alto,0.0,4,95,0,1,6532,470,0,59,Familiares,Preparatoria
Rechazada,Rechazado,MALO,0,93048,RECIBOS DE NOMINA,NO_CLIENTE,0,Alto,0.0,1,95,0,0,0,0,0,59,Familiares,Preparatoria
Rechazada,Rechazado,MALO,0,72890,RECIBOS DE NOMINA,NO_CLIENTE,0,Alto,0.0,3,96,0,0,0,0,0,59,Renta,Preparatoria
Rechazada,Rechazado,MALO,0,104071,RECIBOS DE NOMINA,NO_CLIENTE,0,Alto,0.0,3,96,0,0,0,0,18171,59,Renta,Licenciatura
Rechazada,Rechazado,MALO,0,91609,RECIBOS DE NOMINA,NO_CLIENTE,0,Alto,0.0,5,96,0,0,0,0,0,59,Familiares,Licenciatura
Rechazada,Rechazado,MALO,0,78449,PROPIEDAD ACTIVO FIJO,NO_CLIENTE,0,Alto,0.0,2,97,0,1,32341,970,81376,59,Familiares,Licenciatura
Rechazada,Rechazado,MALO,0,101051,PROPIEDAD ACTIVO FIJO,NO_CLIENTE,0,Alto,0.0,3,97,0,0,0,0,0,59,Propia,Licenciatura
Rechazada,Rechazado,MALO,0,92260,RECIBOS DE NOMINA,NO_CLIENTE,0,Alto,0.0,2,97,0,0,0,0,0,59,Renta,Preparatoria
Rechazada,Rechazado,MALO,0,75143,RECIBOS DE NOMINA,NO_CLIENTE,0,Alto,0.0,4,97,0,0,0,0,0,59,Familiares,Licenciatura
Rechazada,Rechazado,MALO,0,102913,PROPIEDAD ACTIVO FIJO,NO_CLIENTE,0,Alto,0.0,5,98,0,0,0,0,0,59,Familiares,Licenciatura
Rechazada,Rechazado,MALO,0,90403,RECIBOS DE NOMINA,NO_CLIENTE,0,Alto,0.0,3,98,0,0,0,0,5902,59,Propia,Preparatoria
Rechazada,Rechazado,MALO,0,80874,RECIBOS DE NOMINA,NO_CLIENTE,0,Alto,0.0,2,98,0,0,0,0,0,59,Hipoteca,Posgrado
En_proceso,Rechazado,MALO,0,107369,RECIBOS DE NOMINA,NO_CLIENTE,0,Alto,0.0,5,98,0,0,0,0,0,59,Hipoteca,Licenciatura
En_proceso,Rechazado,MALO,0,100193,PROPIEDAD ACTIVO FIJO,NO_CLIENTE,0,Alto,0.0,3,99,0,0,0,0,0,59,Propia,Licenciatura
Rechazada,Rechazado,MALO,0,95564,RECIBOS DE NOMINA,NO_CLIENTE,0,Alto,0.0,1,99,0,0,0,0,0,59,Propia,Licenciatura
Rechazada,Rechazado,MALO,0,73606,PROPIEDAD ACTIVO FIJO,NO_CLIENTE,0,Alto,0.0,4,99,0,0,0,0,0,59,Familiares,Licenciatura
Rechazada,Rechazado,MALO,0,102039,PROPIEDAD ACTIVO FIJO,NO_CLIENTE,0,Alto,0.0,3,100,0,0,0,0,0,59,Renta,Posgrado
Rechazada,Rechazado,MALO,0,93640,PROPIEDAD ACTIVO FIJO,NO_CLIENTE,0,Alto,0.0,2,100,0,0,0,0,0,59,Renta,Posgrado
Rechazada,Rechazado,MALO,0,79219,PROPIEDAD ACTIVO FIJO,NO_CLIENTE,0,Alto,0.0,0,100,0,0,0,0,0,59,Hipoteca,Licenciatura
Rechazada,Rechazado,MALO,0,106457,RECIBOS DE NOMINA,NO_CLIENTE,14300,Alto,0.0,1,100,0,0,12494,0,0,59,Renta,Licenciatura
Rechazada,Rechazado,MALO,0,103292,RECIBOS DE NOMINA,NO_CLIENTE,0,Alto,0.0,0,100,0,0,0,0,0,59,Propia,Preparatoria
Rechazada,Rechazado,MALO,0,93166,PROPIEDAD ACTIVO FIJO,NO_CLIENTE,0,Alto,0.0,3,100,0,0,0,0,0,59,Propia,Posgrado
Cancelada,Rechazado,MALO,0,72981,PROPIEDAD ACTIVO FIJO,NO_CLIENTE,0,Alto,0.0,3,101,0,0,3671,0,0,59,Renta,Preparatoria
Rechazada,Rechazado,MALO,0,105694,PROPIEDAD ACTIVO FIJO,NO_CLIENTE,0,Alto,0.0,2,101,0,0,0,0,0,59,Renta,Posgrado
Rechazada,Rechazado,MALO,0,91725,RECIBOS DE NOMINA,NO_CLIENTE,0,Alto,0.0,2,101,0,0,0,0,13589,59,Propia,Preparatoria
Rechazada,Rechazado,MALO,0,78547,RECIBOS DE NOMINA,NO_CLIENTE,0,Alto,0.0,2,101,0,0,0,0,0,59,Hipoteca,Preparatoria
Rechazada,Rechazado,MALO,0,101179,RECIBOS DE NOMINA,NO_CLIENTE,0,Alto,0.0,0,101,0,0,0,0,0,59,Hipoteca,Preparatoria
Rechazada,Rechazado,MALO,0,92375,PROPIEDAD ACTIVO FIJO,NO_CLIENTE,0,Alto,0.0,3,101,0,0,0,0,62763,59,Familiares,Licenciatura
Pendiente,Pre-Aprobado,MALO,1,75595,RECIBOS DE NOMINA,NO_CLIENTE,0,Alto,0.0,1,120,0,0,0,0,0,59,Familiares,Preparatoria
Pendiente,Pre-Aprobado,MALO,1,105013,PROPIEDAD ACTIVO FIJO,NO_CLIENTE,0,Alto,0.0,1,120,0,0,0,0,0,59,Propia,Preparatoria
Pendiente,Pre-Aprobado,MALO,1,91814,PROPIEDAD ACTIVO FIJO,NO_CLIENTE,0,Alto,0.0,0,130,0,0,0,0,0,59,Renta,Preparatoria
Pendiente,Pre-Aprobado,MALO,1,79832,PROPIEDAD ACTIVO FIJO,NO_CLIENTE,0,Alto,0.0,1,143,0,0,0,0,0,59,Familiares,Preparatoria
Aprobada,Aprobado,BUENO,9899,101278,PROPIEDAD ACTIVO FIJO,CLIENTE_BANCO,0,Bajo,1.18,0,170,702,0,0,0,0,59,Renta,Posgrado
Aprobada,Aprobado,BUENO,5000,93886,INVERSIONES,NO_CLIENTE,0,Bajo,0.81,0,177,729,0,0,0,0,59,Propia,Posgrado
Aprobada,Aprobado,REGULAR,49999,74752,RECIBOS DE NOMINA,CLIENTE_BANCO,10500,Medio ,0.78,0,193,665,1,11034,270,0,59,Hipoteca,Licenciatura
Aprobada,Aprobado,BUENO,7000,103633,INVERSIONES,NO_CLIENTE,0,Mínimo,0.53,0,193,757,0,0,0,0,59,Renta,Preparatoria
Aprobada,Aprobado,REGULAR,4300,91562,RECIBOS DE NOMINA,CLIENTE_BANCO,76800,Medio ,0.19,0,194,694,1,36782,1430,58368,59,Renta,Preparatoria
Aprobada,Aprobado,REGULAR,153000,80834,RECIBOS DE NOMINA,CLIENTE_BANCO,104900,Mínimo,0.39,0,197,754,1,7300,1320,0,59,Propia,Licenciatura
Aprobada,Aprobado,BUENO,7000,101961,INVERSIONES,NO_CLIENTE,0,Bajo,1.05,0,205,715,0,0,0,0,59,Familiares,Preparatoria
Aprobada,Aprobado,REGULAR,2999,94616,RECIBOS DE NOMINA,CLIENTE_BANCO,0,Mínimo,0.32,0,205,788,0,0,0,0,59,Propia,Preparatoria
Aprobada,Aprobado,BUENO,9899,74121,PROPIEDAD ACTIVO FIJO,CLIENTE_BANCO,21900,Bajo,1.05,0,208,714,1,19778,440,0,59,Renta,Licenciatura
Aprobada,Aprobado,REGULAR,9899,104332,RECIBOS DE NOMINA,CLIENTE_BANCO,18200,Medio ,0.4,0,210,681,0,794,0,71758,59,Renta,Licenciatura
Aprobada,Aprobado,REGULAR,22900,92274,RECIBOS DE NOMINA,NO_CLIENTE,0,Bajo,1.2,0,210,700,0,0,0,0,59,Familiares,Preparatoria
Aprobada,Aprobado,BUENO,9899,80151,PROPIEDAD ACTIVO FIJO,CLIENTE_BANCO,12000,Bajo,1.0,0,210,744,1,2006,250,0,59,Familiares,Preparatoria
Aprobada,Aprobado,BUENO,9899,107838,PROPIEDAD ACTIVO FIJO,CLIENTE_BANCO,14500,Bajo,1.12,0,214,723,1,8377,340,0,59,Hipoteca,Licenciatura
Aprobada,Aprobado,REGULAR,9899,93584,PROPIEDAD ACTIVO FIJO,CLIENTE_BANCO,74500,Bajo,0.25,0,215,704,0,63822,0,0,59,Propia,Preparatoria
Aprobada,Aprobado,BUENO,9899,82062,PROPIEDAD ACTIVO FIJO,CLIENTE_BANCO,200000,Bajo,0.41,0,216,740,1,14148,2500,0,59,Familiares,Licenciatura
Aprobada,Aprobado,BUENO,4999,103230,RECIBOS DE NOMINA,CLIENTE_BANCO,0,Bajo,1.09,0,221,711,0,0,0,68561,59,Propia,Preparatoria
Aprobada,Aprobado,BUENO,54000,96509,RECIBOS DE NOMINA,CLIENTE_BANCO,250004,Bajo,0.5,0,223,712,1,22994,420,0,59,Propia,Posgrado
Aprobada,Aprobado,REGULAR,7100,77496,RECIBOS DE NOMINA,NO_CLIENTE,7200,Alto,1.09,0,224,589,3,0,0,0,59,Hipoteca,Posgrado
Aprobada,Aprobado,BUENO,49999,106636,PROPIEDAD ACTIVO FIJO,CLIENTE_BANCO,0,Bajo,1.15,0,224,705,0,0,0,0,59,Propia,Licenciatura
Aprobada,Aprobado,BUENO,49999,93675,RECIBOS DE NOMINA,CLIENTE_BANCO,32000,Bajo,0.92,0,225,721,1,31737,560,0,59,Renta,Licenciatura
Aprobada,Aprobado,BUENO,50000,83404,RECIBOS DE NOMINA,CLIENTE_BANCO,37000,Bajo,1.04,0,228,716,0,5324,0,0,59,Renta,Preparatoria
Aprobada,Aprobado,REGULAR,32000,103331,RECIBOS DE NOMINA,NO_CLIENTE,0,Medio ,1.12,0,231,688,0,0,0,0,59,Propia,Preparatoria
Aprobada,Aprobado,BUENO,9899,98087,RECIBOS DE NOMINA,CLIENTE_BANCO,18000,Bajo,0.6,0,232,706,1,10936,650,0,59,Propia,Licenciatura
Aprobada,Aprobado,REGULAR,100000,77651,RECIBOS DE NOMINA,CLIENTE_BANCO,0,Mínimo,0.29,0,232,781,0,0,0,0,59,Familiares,Licenciatura
Aprobada,Aprobado,BUENO,9899,106237,RECIBOS DE NOMINA,CLIENTE_BANCO,5700,Bajo,0.44,0,236,723,0,113,0,101200,59,Familiares,Preparatoria
Aprobada,Aprobado,BUENO,32000,95659,PROPIEDAD ACTIVO FIJO,NO_CLIENTE,0,Bajo,0.9,0,236,730,0,0,0,0,59,Hipoteca,Preparatoria
Aprobada,Aprobado,REGULAR,87000,82867,RECIBOS DE NOMINA,CLIENTE_BANCO,50000,Mínimo,0.39,0,239,771,0,0,0,0,59,Renta,Preparatoria
Aprobada,Aprobado,REGULAR,56000,105519,RECIBOS DE NOMINA,CLIENTE_BANCO,47800,Medio ,0.38,0,245,694,1,16665,1297,0,59,Familiares,Posgrado
Aprobada,Aprobado,BUENO,27000,97456,RECIBOS DE NOMINA,CLIENTE_BANCO,1,Bajo,0.57,0,247,743,0,0,0,0,59,Hipoteca,Posgrado
Aprobada,Aprobado,REGULAR,49999,75983,RECIBOS DE NOMINA,CLIENTE_BANCO,154000,Bajo,0.38,0,250,741,1,2341,1188,92015,59,Propia,Posgrado
Aprobada,Aprobado,BUENO,39999,107972,PROPIEDAD ACTIVO FIJO,CLIENTE_BANCO,54018,Bajo,0.71,0,256,740,0,4470,0,0,59,Propia,Posgrado
Aprobada,Aprobado,BUENO,71000,95948,RECIBOS DE NOMINA,CLIENTE_BANCO,5000,Mínimo,0.43,0,256,772,0,0,0,0,59,Renta,Posgrado
Aprobada,Aprobado,BUENO,1999,81778,RECIBOS DE NOMINA,CLIENTE_BANCO,0,Bajo,0.62,0,276,748,0,0,0,0,59,Renta,Licenciatura
Rechazada,Rechazado,MALO,0,105838,RECIBOS DE NOMINA,NO_CLIENTE,0,Alto,0.0,4,89,0,0,0,0,0,60,Propia,Preparatoria
Rechazada,Rechazado,MALO,0,96175,RECIBOS DE NOMINA,NO_CLIENTE,0,Alto,0.0,5,89,0,0,0,0,20200,60,Renta,Posgrado
Rechazada,Rechazado,MALO,0,77225,PROPIEDAD ACTIVO FIJO,NO_CLIENTE,0,Alto,0.0,5,89,0,8,13465,13465,0,60,Familiares,Preparatoria
Rechazada,Rechazado,MALO,0,94241,RECIBOS DE NOMINA,NO_CLIENTE,0,Alto,0.0,4,89,0,0,0,0,0,60,Hipoteca,Licenciatura
Rechazada,Rechazado,MALO,0,83112,RECIBOS DE NOMINA,NO_CLIENTE,0,Alto,0.0,2,90,0,1,7836,38,0,60,Renta,Posgrado
Rechazada,Rechazado,MALO,0,102974,RECIBOS DE NOMINA,NO_CLIENTE,0,Alto,0.0,5,90,0,0,0,0,0,60,Familiares,Preparatoria
Rechazada,Rechazado,MALO,0,97744,RECIBOS DE NOMINA,NO_CLIENTE,0,Alto,0.0,4,91,0,0,0,0,0,60,Propia,Preparatoria
Rechazada,Rechazado,MALO,0,78568,PROPIEDAD ACTIVO FIJO,NO_CLIENTE,0,Alto,0.0,4,91,0,1,22645,1080,0,60,Hipoteca,Licenciatura
Rechazada,Rechazado,MALO,0,105368,INVERSIONES,NO_CLIENTE,0,Alto,0.0,3,91,0,0,0,0,40103,60,Familiares,Preparatoria
Rechazada,Rechazado,MALO,0,96232,RECIBOS DE NOMINA,NO_CLIENTE,0,Alto,0.0,2,91,0,0,0,0,0,60,Familiares,Preparatoria
Rechazada,Rechazado,MALO,0,84560,RECIBOS DE NOMINA,NO_CLIENTE,0,Alto,0.0,3,91,0,0,0,0,0,60,Renta,Posgrado
Rechazada,Rechazado,MALO,0,106151,PAGOS PROV SEMESTRALES PF,NO_CLIENTE,0,Alto,0.0,2,92,0,0,0,0,0,60,Renta,Licenciatura
Rechazada,Rechazado,MALO,0,99447,RECIBOS DE NOMINA,NO_CLIENTE,3000,Alto,0.0,4,92,0,1,3423,250,15126,60,Renta,Licenciatura
Rechazada,Rechazado,MALO,0,75362,SIN COMPROBANTE,NO_CLIENTE,0,Alto,0.0,5,92,0,0,0,0,0,60,Propia,Licenciatura
Rechazada,Rechazado,MALO,0,97908,PROPIEDAD ACTIVO FIJO,NO_CLIENTE,0,Alto,0.0,3,93,0,0,0,0,0,60,Hipoteca,Licenciatura
Rechazada,Rechazado,MALO,0,81881,PROPIEDAD ACTIVO FIJO,NO_CLIENTE,0,Alto,0.0,4,93,0,1,10921,660,0,60,Familiares,Posgrado
Rechazada,Rechazado,MALO,0,107488,RECIBOS DE NOMINA,NO_CLIENTE,0,Alto,0.0,5,93,0,0,0,0,0,60,Renta,Licenciatura
Rechazada,Rechazado,MALO,0,96297,RECIBOS DE NOMINA,NO_CLIENTE,0,Alto,0.0,4,94,0,0,0,0,0,60,Propia,Posgrado
Rechazada,Rechazado,MALO,0,77321,RECIBOS DE NOMINA,NO_CLIENTE,0,Alto,0.0,2,94,0,0,0,0,0,60,Hipoteca,Licenciatura
Rechazada,Rechazado,MALO,0,94807,RECIBOS DE NOMINA,NO_CLIENTE,0,Alto,0.0,5,94,0,0,0,0,0,60,Renta,Licenciatura
Rechazada,Rechazado,MALO,0,83217,RECIBOS DE NOMINA,NO_CLIENTE,0,Alto,0.0,4,94,0,0,0,0,0,60,Familiares,Posgrado
Rechazada,Rechazado,MALO,0,105075,PROPIEDAD ACTIVO FIJO,NO_CLIENTE,0,Alto,0.0,4,95,0,0,0,0,0,60,Familiares,Posgrado
Rechazada,Rechazado,MALO,0,98334,RECIBOS DE NOMINA,NO_CLIENTE,0,Alto,0.0,3,95,0,0,0,0,0,60,Hipoteca,Licenciatura
Rechazada,Rechazado,MALO,0,77924,RECIBOS DE NOMINA,NO_CLIENTE,0,Alto,0.0,3,95,0,0,0,0,0,60,Familiares,Preparatoria
Rechazada,Rechazado,MALO,0,107518,RECIBOS DE NOMINA,NO_CLIENTE,0,Alto,0.0,5,95,0,0,0,0,0,60,Renta,Posgrado
Rechazada,Rechazado,MALO,0,96813,PROPIEDAD ACTIVO FIJO,NO_CLIENTE,0,Alto,0.0,5,95,0,0,0,0,0,60,Propia,Posgrado
Rechazada,Rechazado,MALO,0,83866,RECIBOS DE NOMINA,NO_CLIENTE,0,Alto,0.0,5,95,0,0,0,0,14884,60,Renta,Licenciatura
Rechazada,Rechazado,MALO,0,106791,PROPIEDAD ACTIVO FIJO,NO_CLIENTE,0,Alto,0.0,3,96,0,0,0,0,0,60,Renta,Posgrado
Rechazada,Rechazado,MALO,0,98631,RECIBOS DE NOMINA,NO_CLIENTE,0,Alto,0.0,2,96,0,0,0,0,0,60,Familiares,Licenciatura
Rechazada,Rechazado,MALO,0,76899,RECIBOS DE NOMINA,NO_CLIENTE,0,Alto,0.0,3,97,0,0,0,0,0,60,Familiares,Preparatoria
Cancelada,Rechazado,MALO,0,97105,PROPIEDAD ACTIVO FIJO,NO_CLIENTE,0,Alto,0.0,3,97,0,1,969,440,0,60,Propia,Licenciatura
Rechazada,Rechazado,MALO,0,82764,PROPIEDAD ACTIVO FIJO,NO_CLIENTE,0,Alto,0.0,2,97,0,0,0,0,0,60,Familiares,Licenciatura
Rechazada,Rechazado,MALO,0,107114,RECIBOS DE NOMINA,NO_CLIENTE,0,Alto,0.0,3,97,0,0,0,0,18298,60,Hipoteca,Preparatoria
Rechazada,Rechazado,MALO,0,97335,PROPIEDAD ACTIVO FIJO,NO_CLIENTE,0,Alto,0.0,1,97,0,0,0,0,0,60,Familiares,Licenciatura
Rechazada,Rechazado,MALO,0,78900,RECIBOS DE NOMINA,CLIENTE_BANCO,0,Alto,0.0,5,97,0,0,50546,0,0,60,Familiares,Preparatoria
Rechazada,Rechazado,MALO,0,95375,RECIBOS DE NOMINA,NO_CLIENTE,0,Alto,0.0,3,98,0,0,0,0,0,60,Hipoteca,Posgrado
Rechazada,Rechazado,MALO,0,84917,RECIBOS DE NOMINA,NO_CLIENTE,0,Alto,0.0,3,98,0,0,0,0,0,60,Propia,Licenciatura
Rechazada,Rechazado,MALO,0,105704,RECIBOS DE NOMINA,NO_CLIENTE,0,Alto,0.0,5,98,0,0,0,0,0,60,Renta,Licenciatura
Rechazada,Rechazado,MALO,0,100343,RECIBOS DE NOMINA,NO_CLIENTE,0,Alto,0.0,5,99,0,0,0,0,0,60,Hipoteca,Licenciatura
Rechazada,Rechazado,MALO,0,78022,RECIBOS DE NOMINA,NO_CLIENTE,0,Alto,0.0,5,99,0,0,0,0,0,60,Propia,Posgrado
Rechazada,Rechazado,MALO,0,107652,RECIBOS DE NOMINA,NO_CLIENTE,0,Alto,0.0,4,99,0,0,0,0,0,60,Renta,Posgrado
Rechazada,Rechazado,MALO,0,98322,RECIBOS DE NOMINA,NO_CLIENTE,0,Alto,0.0,3,99,0,0,0,0,0,60,Familiares,Posgrado
Rechazada,Rechazado,MALO,0,83972,PROPIEDAD ACTIVO FIJO,NO_CLIENTE,15400,Alto,0.0,1,99,0,1,4277,400,0,60,Hipoteca,Preparatoria
En_proceso,Rechazado,MALO,0,98756,PROPIEDAD ACTIVO FIJO,NO_CLIENTE,0,Alto,0.0,1,100,0,0,0,0,0,60,Propia,Licenciatura
Rechazada,Rechazado,MALO,0,76995,PROPIEDAD ACTIVO FIJO,NO_CLIENTE,0,Alto,0.0,2,100,0,0,0,0,0,60,Familiares,Licenciatura
Rechazada,Rechazado,MALO,0,97228,RECIBOS DE NOMINA,NO_CLIENTE,0,Alto,0.0,3,101,0,8,6351,6351,0,60,Familiares,Posgrado
Rechazada,Rechazado,MALO,0,82867,RECIBOS DE NOMINA,NO_CLIENTE,0,Alto,0.0,0,101,0,0,0,0,0,60,Renta,Posgrado
Pendiente,Pre-Aprobado,MALO,1,107250,RECIBOS DE NOMINA,NO_CLIENTE,0,Alto,0.0,0,120,0,0,0,0,0,60,Renta,Preparatoria
Pendiente,Pre-Aprobado,MALO,1,97456,RECIBOS DE NOMINA,NO_CLIENTE,0,Alto,0.0,0,123,0,0,0,0,0,60,Hipoteca,Licenciatura
Pendiente,Pre-Aprobado,MALO,1,79374,PROPIEDAD ACTIVO FIJO,NO_CLIENTE,0,Alto,0.0,3,123,0,0,0,0,0,60,Propia,Licenciatura
Pendiente,Pre-Aprobado,MALO,1,96864,RECIBOS DE NOMINA,NO_CLIENTE,0,Alto,0.0,3,124,0,0,0,0,0,60,Hipoteca,Preparatoria
Pendiente,Pre-Aprobado,MALO,1,83823,PROPIEDAD ACTIVO FIJO,NO_CLIENTE,0,Alto,0.0,0,125,0,0,0,0,0,60,Familiares,Preparatoria
Pendiente,Pre-Aprobado,MALO,1,106848,RECIBOS DE NOMINA,NO_CLIENTE,0,Alto,0.0,0,135,0,0,0,0,0,60,Hipoteca,Preparatoria
Pendiente,Pre-Aprobado,MALO,1,98581,PROPIEDAD ACTIVO FIJO,NO_CLIENTE,0,Alto,0.0,0,135,0,0,0,0,0,60,Familiares,Preparatoria
Pendiente,Pre-Aprobado,MALO,1,79237,RECIBOS DE NOMINA,NO_CLIENTE,0,Alto,0.0,2,135,0,0,0,0,0,60,Hipoteca,Licenciatura
Aprobada,Aprobado,BUENO,7000,97056,INVERSIONES,NO_CLIENTE,0,Bajo,0.97,0,187,713,0,0,0,0,60,Propia,Posgrado
Aprobada,Aprobado,REGULAR,9899,85280,PROPIEDAD ACTIVO FIJO,CLIENTE_BANCO,53000,Bajo,0.15,0,196,707,0,40334,0,0,60,Hipoteca,Preparatoria
Aprobada,Aprobado,REGULAR,11700,108079,RECIBOS DE NOMINA,CLIENTE_BANCO,13200,Medio ,1.06,0,200,657,3,3055,250,0,60,Renta,Preparatoria
Aprobada,Aprobado,REGULAR,9899,99820,PROPIEDAD ACTIVO FIJO,CLIENTE_BANCO,17000,Medio ,1.13,0,204,684,0,10076,0,0,60,Hipoteca,Licenciatura
Aprobada,Aprobado,REGULAR,38000,77827,RECIBOS DE NOMINA,NO_CLIENTE,0,Mínimo,0.31,0,204,779,0,0,0,0,60,Hipoteca,Posgrado
Aprobada,Aprobado,REGULAR,9899,97349,RECIBOS DE NOMINA,CLIENTE_BANCO,26000,Bajo,0.38,0,209,746,0,0,0,1105,60,Familiares,Posgrado
Aprobada,Aprobado,BUENO,8000,84159,RECIBOS DE NOMINA,NO_CLIENTE,0,Mínimo,0.47,0,209,763,0,0,0,0,60,Hipoteca,Licenciatura
Aprobada,Aprobado,REGULAR,9899,98263,PROPIEDAD ACTIVO FIJO,CLIENTE_BANCO,30000,Mínimo,0.38,0,212,766,0,0,0,0,60,Propia,Licenciatura
Aprobada,Aprobado,REGULAR,9899,86985,RECIBOS DE NOMINA,CLIENTE_BANCO,36000,Mínimo,0.25,0,213,795,1,1500,450,18318,60,Renta,Posgrado
Aprobada,Aprobado,BUENO,2999,108391,PROPIEDAD ACTIVO FIJO,CLIENTE_BANCO,0,Mínimo,0.5,0,216,760,0,0,0,14342,60,Propia,Preparatoria
Aprobada,Aprobado,BUENO,37000,102299,RECIBOS DE NOMINA,CLIENTE_BANCO,64200,Bajo,0.77,0,221,737,1,23679,1407,0,60,Renta,Preparatoria
Aprobada,Aprobado,REGULAR,34999,81758,PROPIEDAD ACTIVO FIJO,CLIENTE_BANCO,0,Mínimo,0.2,0,221,800,0,0,0,0,60,Hipoteca,Preparatoria
Aprobada,Aprobado,BUENO,4999,99296,PROPIEDAD ACTIVO FIJO,NO_CLIENTE,0,Bajo,0.72,0,228,728,0,0,0,0,60,Renta,Posgrado
Aprobada,Aprobado,REGULAR,96502,87991,RECIBOS DE NOMINA,CLIENTE_BANCO,0,Mínimo,0.27,0,230,783,0,0,0,10420,60,Renta,Preparatoria
Aprobada,Aprobado,BUENO,1999,103482,PROPIEDAD ACTIVO FIJO,CLIENTE_BANCO,0,Mínimo,0.46,0,232,764,0,0,0,38408,60,Propia,Preparatoria
Aprobada,Aprobado,BUENO,49999,81534,PAGOS PROV SEMESTRALES PF,CLIENTE_BANCO,115000,Mínimo,1.01,0,233,757,0,91337,0,0,60,Familiares,Licenciatura
Aprobada,Aprobado,BUENO,49999,100920,RECIBOS DE NOMINA,CLIENTE_BANCO,73500,Mínimo,0.68,0,234,761,1,19860,920,0,60,Hipoteca,Preparatoria
Aprobada,Aprobado,BUENO,49999,87010,PROPIEDAD ACTIVO FIJO,CLIENTE_BANCO,0,Mínimo,0.43,0,242,767,0,0,0,0,60,Hipoteca,Preparatoria
Aprobada,Aprobado,BUENO,29000,102329,RECIBOS DE NOMINA,CLIENTE_BANCO,7500,Bajo,1.06,0,253,740,1,761,250,80851,60,Renta,Posgrado
Aprobada,Aprobado,REGULAR,9900,80542,RECIBOS DE NOMINA,CLIENTE_BANCO,0,Mínimo,0.27,0,257,783,0,0,0,0,60,Hipoteca,Preparatoria
Aprobada,Aprobado,BUENO,45000,100746,RECIBOS DE NOMINA,CLIENTE_BANCO,0,Bajo,0.66,0,261,734,0,0,0,0,60,Familiares,Preparatoria
Aprobada,Aprobado,BUENO,50000,86685,RECIBOS DE NOMINA,CLIENTE_BANCO,0,Mínimo,0.59,0,261,761,0,0,0,0,60,Renta,Preparatoria
